depth,method,evaluation_scope,number_of_rows,MAE_RA,RMSE_RA,R2_RA,MAE_log10_RA,RMSE_log10_RA,Spearman_RA
1000,Raw shallow RA,all_components,91800,0.000647336729331759,0.001896001103810392,0.9905854708020694,1.6842325800489317,2.567722769271909,0.7364751622426623
1000,Raw shallow RA,specific_otus,91440,0.0006410657602384116,0.00189057500774692,0.9906565482455739,1.689545440701634,2.5719231482622322,0.7330944860267176
1000,Training-mean RA,all_components,91800,0.003126042739176695,0.01407726744962213,0.48101099356463595,1.8325226037090865,2.5866188860091732,0.5625484175792582
1000,Training-mean RA,specific_otus,91440,0.0031077962915616497,0.014083614930894306,0.48150113872758205,1.8383634202444719,2.5915611396675398,0.5576737565985891
1000,Random Forest,all_components,91800,0.0005906095164766552,0.0019954164025582344,0.9895723004207959,1.0522320466487798,1.431326610390061,0.8226042124143285
1000,Random Forest,specific_otus,91440,0.0005852797404855536,0.001991201751586039,0.989635459480674,1.0559737985878193,1.4341185227924373,0.8204990323191463
1000,XGBoost,all_components,91800,0.0006376435095837862,0.0025219049679276098,0.9833436871535635,1.0571899965658262,1.4147326803420643,0.827498418865066
1000,XGBoost,specific_otus,91440,0.0006320716851914353,0.0025201695594725265,0.9833972875777643,1.0609311455830344,1.4174892009577005,0.825453462889536
