depth,method,number_of_rows,MAE_RA,RMSE_RA,MAE_log10_RA,RMSE_log10_RA,positive_prediction_rate
1000,Raw shallow RA,37309,0.00022315690692698717,0.0004272265023952128,3.9702770522520727,4.013413178323588,0.0
1000,Training-mean RA,37309,0.0010424801708108398,0.0042218224938086486,0.7141742584017913,0.9128884651122553,1.0
1000,Random Forest,37309,0.0001878487068802847,0.00036941056576278946,1.3076109728985101,1.588404783718931,0.9997855745262537
1000,XGBoost,37309,0.00019147971656350486,0.00037958925290642367,1.298202783664318,1.5584078818276883,0.9999195904473451
