depth,method,sample_id,composition_RMSE_RA,composition_Spearman,Bray_Curtis,Jensen_Shannon_distance,RAD_MAE_log10_RA_specific,RAD_RMSE_log10_RA_specific,RAD_head_MAE_log10,RAD_middle_MAE_log10,RAD_tail_MAE_log10,Shannon_absolute_error,Simpson_absolute_error,true_richness_1read,predicted_richness_1read,richness_1read_absolute_error,true_richness_fixed,predicted_richness_fixed,richness_fixed_absolute_error
500,Random Forest,SRS2821816,0.0024662694811065,0.6642277991398027,0.1039972685651778,0.1605204156391436,0.6155584346474323,0.7937701552617022,0.0483821670374795,0.3663982167068417,0.8972714765699262,0.119207654085702,0.0056276817143957,39.0,37.2,3.0,117.0,83.0,34.0
500,Random Forest,SRS2821824,0.0021689919348112,0.8658541287667566,0.0974418035099696,0.1507168469780533,0.6806687047273152,0.8461921417455093,0.0319978577585037,0.3127857072961868,1.0772937654969466,0.1625520885308182,0.0041527613130397,43.0,40.8,2.2,162.0,100.4,61.6
500,Random Forest,SRS2821835,0.0030169286553335,0.8029539139483705,0.0863775355295374,0.1200449202519389,0.711689197465414,0.9056983726092118,0.0527244629946098,0.5983329885153965,0.8808950980041736,0.1505536933337938,0.0177605787355519,29.0,26.4,2.6,74.0,56.2,17.8
500,Random Forest,SRS2821843,0.0024723940235743,0.8696165842400939,0.1005806038178751,0.1482673715318236,0.6872086356803497,0.8246263768046678,0.0539275223475595,0.3808819285156442,1.0270031167047802,0.1861277409486932,0.0055061651317529,46.0,41.0,5.0,142.0,89.4,52.6
500,Random Forest,SRS2821844,0.0026540551409336,0.8161427540762013,0.1194223660797604,0.1730313524606494,1.0485697178313078,1.4883472832787423,0.0524445036910914,0.3284616208555454,1.7969315354616997,0.1835741211509834,0.0071453380695061,52.0,44.6,7.4,118.0,94.6,23.4
500,Random Forest,SRS2821854,0.0025098549920656,0.7854003539456202,0.1189181811512014,0.1766116828949944,1.3057393237362749,1.7889512233597924,0.048778466475601,0.5491268076036401,2.113568599196976,0.143210099832676,0.0050122153046955,54.0,44.2,9.8,111.0,97.8,14.0
500,Random Forest,SRS2821860,0.0024295069423241,0.7876189370761615,0.08895493002284,0.1489180852691187,0.8259517045894909,0.9649510338249848,0.0649744479707347,0.5894252933262735,1.1161620606528817,0.1564374105156717,0.0061226220301404,33.0,33.6,1.4,127.0,71.2,55.8
500,Random Forest,SRS2821870,0.0029022290920871,0.8249418860754579,0.122342316203259,0.1696537582838669,0.7225984048872125,0.8548657745031631,0.0519640901700232,0.4135973581044418,1.0686170302774434,0.1844175327951921,0.010119730995486,44.0,39.8,4.2,131.0,81.4,49.6
500,Random Forest,SRS2821871,0.0030343589342113,0.8402962574778245,0.121422587757046,0.1694925722486836,0.6624341016882991,0.8263269077995254,0.0453042227401686,0.3507680142631487,1.0053681362772189,0.0949856041124197,0.0036527745986065,45.0,45.0,1.6,136.0,89.4,46.6
500,Random Forest,SRS2821875,0.0031776369913795,0.8496598772975366,0.1157855067511311,0.1668693995993687,0.8046445768331232,0.9807814917700964,0.0476745457598248,0.4958785799731983,1.1592897268015037,0.2429328028518958,0.0142503330628543,41.0,37.8,3.2,139.0,80.8,58.2
500,Random Forest,SRS2821881,0.0022227416574815,0.8186269242674407,0.0651049829425741,0.095396710328279,0.637923594884413,0.8586031808238213,0.0407089539667544,0.627774596323639,0.7081659269147892,0.0415202700469711,0.0072532036680373,27.0,24.0,3.0,70.0,55.4,14.6
500,Random Forest,SRS2821890,0.002174680513456,0.8579386904216573,0.0942569035085424,0.1501316689048763,0.7370647214141115,0.9289741054865956,0.0480674999808713,0.4096165145215092,1.101521882551031,0.1757129403714987,0.0053328179234718,47.0,40.2,6.8,146.0,91.2,54.8
500,Random Forest,SRS2821892,0.0021499434173241,0.7783028453367443,0.102604741766144,0.1642650814090092,0.6752232315572673,0.8699733040653246,0.0453760502692522,0.3372514162672838,1.0430720528155537,0.1638959960566981,0.0045511018381213,41.0,41.4,0.8,154.0,103.6,50.4
500,Random Forest,SRS2821893,0.003011552279512,0.7444597694384492,0.1223562945653502,0.1811760709440136,1.182536069984924,1.531721935355184,0.0497381454212293,0.644995571472122,1.7810084310068717,0.1846420919405376,0.0087359884933668,45.0,38.4,6.6,92.0,74.4,18.4
500,Random Forest,SRS2821894,0.0029621164128495,0.7854775542971313,0.0906576723311423,0.1252591525665837,0.7984038257738875,1.037406524871659,0.0499018616956126,0.3755536647825858,1.254588423301651,0.166074525763635,0.0165387242709634,35.0,30.2,4.8,79.0,62.6,16.4
500,Random Forest,SRS2821901,0.0028013361257679,0.8300897628964711,0.1036711815719316,0.1586168996475905,0.8057849203192488,0.9222454301087616,0.0470943370837899,0.5789828445136029,1.087032276412986,0.2006082095710104,0.0106306318612612,37.0,33.2,3.8,117.0,68.6,48.4
500,Random Forest,SRS2821905,0.0034165280694721,0.7750137911506273,0.1023159540855789,0.1605771374711756,0.8811880879466797,0.9987126193534088,0.0709081150810251,0.740634499487166,1.0902963456761134,0.1632514743560474,0.0139117173727513,33.0,28.8,4.2,110.0,61.6,48.4
500,Random Forest,SRS2821908,0.0022163662698542,0.7804903444276736,0.0868998190101489,0.1621993381461238,0.8709203237622608,0.9792163627997944,0.0607242095686378,0.7386031145940353,1.0726267121850546,0.2103384317050181,0.0149407974213047,35.0,28.0,7.0,111.0,59.2,51.8
500,Random Forest,SRS2821916,0.0025170914482443,0.8235371936716378,0.0790109491621354,0.1207167284602756,0.788560560954676,0.9516379828781538,0.0548158827138627,0.6615194013317881,0.9777052303573516,0.1041412778135122,0.0135066408048942,27.0,27.2,1.0,85.0,56.4,28.6
500,Random Forest,SRS2821919,0.0021619893127191,0.8529590253075938,0.0889066934025508,0.1521585526805688,0.8023542959785068,1.0055219170158416,0.0392752579936796,0.4823824723886067,1.1676835509631631,0.167443907269198,0.0070375870691095,42.0,37.2,5.2,124.0,78.6,45.4
500,Random Forest,SRS2821925,0.0020560634534808,0.732466502038335,0.0585479047238608,0.0894454216599905,0.5886428806812102,0.803087301331813,0.0474865954601584,0.6139057012592859,0.6213599685707616,0.0365980845849521,0.0140101639692426,24.0,23.8,1.8,66.0,53.2,12.8
500,Random Forest,SRS2821928,0.0027230974388938,0.7828046074704677,0.1135543494998057,0.1728245174634728,0.81659649210537,1.052427294418241,0.0455098408567519,0.4652569166465991,1.2109023036686133,0.2121645850875088,0.006422612841087,47.0,39.8,7.2,137.0,89.0,48.0
500,Random Forest,SRS2821931,0.0019464128745408,0.8551518178331019,0.0802217362988616,0.1404254106758196,0.832913952200632,0.998422582292559,0.0479825566262815,0.520076233025327,1.1940762209285951,0.1453107217941041,0.005023870584692,32.0,34.0,2.8,140.0,77.4,62.6
500,Random Forest,SRS2821932,0.0023975475679881,0.880913422268625,0.1050478113251212,0.1591699071995978,0.7623335192935621,0.9632644381203548,0.0487371382838801,0.4427421890243025,1.1222560752291642,0.205177512125013,0.0077522793011262,45.0,43.2,2.6,144.0,89.8,54.2
500,Random Forest,SRS2821946,0.0023767373569907,0.7802524961652422,0.0676186704710511,0.0946957786745574,0.6630120153870951,0.9408602704303628,0.043020803388631,0.7668554054936685,0.6332619310078089,0.0808739052845659,0.010171047864367,22.0,23.4,1.4,64.0,55.0,9.0
500,Random Forest,SRS2821968,0.0033784855156268,0.6352497905568171,0.1238950401354891,0.1807736233018342,1.4398085845621216,1.846916290337262,0.0436158554209872,1.2938491838213255,1.7137446252179127,0.1520374049952542,0.0151346423008217,44.0,38.8,5.2,70.0,69.4,4.6
500,Random Forest,SRS2821969,0.0021761086003236,0.6110314284521291,0.0849839290600657,0.1671295104422653,0.8932951227774864,1.0317804918646114,0.0646130427161904,0.7312267101242838,1.1235995801260057,0.1546180033743976,0.0092065137490592,31.0,26.4,4.6,120.0,64.2,55.8
500,Random Forest,SRS2821970,0.002496069940115,0.8536462579675195,0.1079409891183661,0.1592623111303523,0.6740800286648689,0.8204485491066341,0.0470640955413471,0.3536072635529084,1.0259312282976984,0.1962394176819438,0.0045823480585485,50.0,43.0,7.0,158.0,97.8,60.2
500,Random Forest,SRS2821972,0.0024195194123055,0.8964201087713407,0.1043762006095273,0.1584226005224364,0.6784251426993302,0.8035080440598946,0.0470909418729691,0.4227126619980844,0.9725870908149578,0.2185627626625955,0.0068099813171855,46.0,40.4,5.6,141.0,90.2,50.8
500,Random Forest,SRS2821987,0.0027085698694877,0.7895739657090745,0.1015696599796896,0.1565648973160721,0.8437828538727576,0.9570353609195814,0.0483523756242396,0.6841965210139398,1.0684555953147732,0.1893863044309072,0.0098369761642989,33.0,31.6,2.2,115.0,64.0,51.0
500,Random Forest,SRS2821991,0.0026568396580827,0.8218115859036882,0.0943748800667376,0.1514676474558799,0.8696324345391633,1.0224613287512887,0.0624730926351249,0.647547974319253,1.151606449577134,0.157611931145422,0.0051084560955135,33.0,33.6,1.8,125.0,70.0,55.0
500,Random Forest,SRS2822000,0.0026064298324113,0.8601173742241613,0.1037219465766795,0.1540590188578964,0.7509907733534028,0.904195629460262,0.0540718299029752,0.4457656298695923,1.096310557778678,0.2135236151658374,0.008930265273569,42.0,38.6,3.4,139.0,86.8,52.2
500,Random Forest,SRS2822019,0.0024918889557316,0.8285379069312393,0.0952296971419479,0.1522441300627987,0.8175493496819428,0.9855560429073442,0.0469617031566409,0.520263896209217,1.1632830591364285,0.189012327951155,0.0097713244149277,40.0,36.8,4.8,128.0,74.2,53.8
500,Random Forest,SRS2822023,0.0026847338281787,0.829330212983408,0.0956578524012857,0.1497743948746342,0.7909702067072768,0.9136094210905292,0.0344711554936042,0.6313677365856897,1.011672326861912,0.166434758405216,0.0068128197344538,35.0,30.2,4.8,93.0,59.2,33.8
500,Random Forest,SRS2822025,0.0025902089612652,0.8265266879449864,0.0925217921313835,0.1401142925357679,0.8058455295303464,0.93502514088756,0.0456969509966155,0.6116092732833807,1.058009818767296,0.1733725970180811,0.0079326255046374,35.0,30.8,4.2,89.0,58.8,30.2
500,Random Forest,SRS2822026,0.0025896384021771,0.8559748132530858,0.0791720587370422,0.1191589103284127,0.6933396103954369,0.8292108301185834,0.0421235212640085,0.5695261406995102,0.8711391749942102,0.1117601098245651,0.0068843360148663,30.0,28.0,2.0,78.0,55.6,22.4
500,Random Forest,SRS2822053,0.0024251014924837,0.8419431466143749,0.0795150062692626,0.1266556514788736,0.8152124663248635,0.9900052006501578,0.0454143773983248,0.6401742789477138,1.0511315885062813,0.1122783636127702,0.007684442760295,26.0,25.4,1.8,87.0,57.6,29.4
500,Random Forest,SRS2822060,0.0022143416550894,0.6963374999297017,0.0901256895764835,0.1593944314912406,0.8746092085851288,1.0381723055626808,0.0605039245585785,0.6173620136520803,1.1888576252364094,0.1897877856553996,0.0185686287710395,36.0,29.8,6.2,110.0,63.0,47.0
500,Random Forest,SRS2822063,0.0025784925647378,0.7096947219771876,0.0905622412988797,0.1547669221330362,0.8246511624075085,0.9987653348746964,0.053757994019582,0.5820972199977541,1.1212870728307762,0.200230728245055,0.0217012360708924,36.0,32.2,3.8,107.0,64.8,42.2
500,Random Forest,SRS2822068,0.0025960554461378,0.8583365045385374,0.0917359825387987,0.1514077718647772,0.8748467904950882,1.0060547557902413,0.0464169969328824,0.6481768208613159,1.1631142224207476,0.2267888041682635,0.01091783001383,35.0,34.0,1.8,132.0,70.4,61.6
500,Random Forest,SRS2822077,0.0022247373559489,0.8481445332868276,0.0723768954880784,0.1200103168701332,0.7378977050535596,0.9000268534156215,0.0441855746398772,0.6957223453044211,0.846765805106943,0.132969013315933,0.0087022584742938,29.0,24.4,4.6,79.0,54.4,24.6
500,Random Forest,SRS2822080,0.0028360513936232,0.6591113041800005,0.1123142254810337,0.1849241495785501,0.850374328032545,1.035355690504517,0.0662562236756874,0.4959926857176208,1.2487447420525488,0.1956835111269318,0.013983561601212,36.0,34.2,2.2,129.0,76.8,52.2
500,Random Forest,SRS2822089,0.0025693145032057,0.8450165757827431,0.1058430040500893,0.1680672941101407,0.7314252052446885,0.860027972062492,0.0437879358647878,0.4434658060480433,1.0602965124128478,0.2684517220994479,0.0109569234068112,47.0,39.4,7.6,153.0,90.4,62.6
500,Random Forest,SRS2822111,0.0021602598491106,0.775698224971325,0.0768646561291921,0.126363248901594,0.8171967740648876,0.9778802144194768,0.0393522757340986,0.6139631838499371,1.0792488036932706,0.1331940748133155,0.0087091930532586,30.0,29.2,2.8,91.0,57.4,33.6
500,Random Forest,SRS2822116,0.0028334948797966,0.803852476322691,0.0944689365300591,0.1462739742799653,0.7838085629625242,0.9237260055578422,0.0422651844009884,0.5680286004274552,1.0534068279254991,0.1886778012724775,0.0109147158454475,33.0,29.4,3.6,88.0,57.6,30.4
500,Random Forest,SRS2822120,0.0023392270249442,0.8921438283515759,0.0978711502103717,0.1477470853016711,0.6946298511131247,0.8498824798389746,0.0506684955860005,0.3593912996983844,1.0614699494055106,0.2014119881663809,0.0084994476293199,45.0,40.8,4.2,151.0,94.4,56.6
500,Random Forest,SRS2822122,0.0023693674907827,0.8336923254047003,0.0920693497793471,0.1499473593055153,0.8931110619481701,1.1097921050518031,0.0433607533511607,0.5537160112068736,1.284747202076272,0.1377044784368182,0.0043179862371466,36.0,35.2,2.4,128.0,74.6,53.4
500,Random Forest,SRS2822125,0.0025381904951595,0.747232225144672,0.0876102064433839,0.1508138355859146,0.8189992365338871,0.9549619183861122,0.0501171518167914,0.6656790469999738,1.035329698803087,0.1184410281031553,0.0094861205096598,27.0,24.8,2.2,96.0,58.2,37.8
500,Random Forest,SRS2822129,0.0025560172388745,0.7978615735799143,0.121022183702361,0.1784624984001325,0.6137649172570023,0.8346637858244346,0.0319630146100666,0.2518167465991162,0.9982178006381768,0.1594475325999852,0.0067360484527491,51.0,47.0,4.0,156.0,106.0,50.0
500,Random Forest,SRS2822133,0.0026352002706547,0.8086264057591007,0.1288206160872381,0.1877020349904466,0.6248444737707095,0.9071938388982476,0.0487805997356133,0.2303919319956513,1.0378871519188424,0.0876895063616598,0.0014823783811311,48.0,47.8,2.2,149.0,112.6,37.2
500,Random Forest,SRS2822136,0.0028597272268238,0.7472266216809762,0.0870961188672579,0.1306328703391932,0.6105826826424169,0.8007152244288249,0.0435589510568215,0.520451417605469,0.749529711971746,0.0763225176285504,0.0075710606690478,26.0,23.8,2.2,68.0,56.0,12.0
500,Random Forest,SRS2822149,0.002516646994134,0.8099713481922018,0.0954758735568754,0.1568061941189059,0.8216077510746198,0.9560412224282856,0.0549247627343493,0.5809134864482794,1.1161433811204964,0.1720307691060117,0.0107840772613857,38.0,35.6,3.2,130.0,73.0,57.0
500,Random Forest,SRS2822153,0.0024870483140833,0.8728948884516837,0.104152967332885,0.1551021025494771,0.7066765303739546,0.8420795384698788,0.0377344540055272,0.3898823249340769,1.0595173682710857,0.2205617388948999,0.0086206557207459,44.0,40.6,3.4,158.0,93.0,65.0
500,Random Forest,SRS2822168,0.0028286638321329,0.749585710816653,0.0947836791486179,0.153077247053239,0.7910154455866012,0.959431739694363,0.0574618681641212,0.6239735718588197,1.016046706306753,0.1107318082266482,0.0175116365713727,33.0,28.2,5.2,90.0,60.8,29.2
500,Random Forest,SRS2822180,0.0031674100561875,0.7581672151779443,0.0970415077802761,0.142985920199992,0.7903869879975804,0.9260479967299464,0.0619364239382818,0.6563664904391533,0.985254657717514,0.144785463253081,0.027522408399747,32.0,27.4,4.6,93.0,58.6,34.4
500,Random Forest,SRS2822183,0.002454688490197,0.8576358810651149,0.1092099723511075,0.1626981679015678,0.7140775504868035,0.8919984987139916,0.0487602698097609,0.3256777467720376,1.130823237670149,0.1827349633292971,0.0054078716818179,49.0,44.6,4.4,167.0,98.2,68.8
500,Random Forest,SRS2822185,0.0028787948672324,0.8639378561540259,0.120528544414966,0.1707419804060385,0.6922761482220217,0.8327008968851581,0.04903526443303,0.3761342491615215,1.041900620522446,0.247044197873369,0.0099231727309704,49.0,41.4,7.6,156.0,94.4,61.6
500,Random Forest,SRS2822218,0.0023425251734579,0.806207858847458,0.0728517354040921,0.1175761556485477,0.7145571962108859,0.8693531089687184,0.0377420838593022,0.671625717673138,0.8223744010445383,0.1158528712324231,0.0116347415581508,29.0,23.6,5.4,84.0,54.6,29.4
500,Random Forest,SRS2822220,0.0028275658625887,0.6500358367534333,0.1134916235395505,0.1720943496504032,1.3030634670412171,1.7147631713592393,0.0502988797439595,1.1389724251554678,1.5785935332604282,0.1044282470550632,0.0078235847426774,37.0,34.0,3.8,69.0,70.6,4.4
500,Random Forest,SRS2822230,0.0028807003674911,0.5959716757781987,0.1209823188287796,0.2063688928834108,0.7822128220952618,1.0243693499739437,0.0452483631613382,0.3786209666309207,1.219929432245466,0.2049347941263427,0.0109214993016323,42.0,38.2,4.2,129.0,91.2,37.8
500,Random Forest,SRS2822236,0.0033125057236442,0.7938402138413044,0.0982698724092116,0.1386058543349637,0.7088366752244889,0.899435834719941,0.0501687077269483,0.6618483953883156,0.818437836474818,0.1077520216998048,0.009237622529633,27.0,25.4,2.4,84.0,57.6,26.4
500,Random Forest,SRS2822240,0.0026491064338567,0.8406209888473647,0.0698490705376284,0.0915786234552415,0.6195633205459128,0.8020922807597657,0.0505819271649756,0.6289240624660395,0.6694029546802257,0.0812794042515055,0.0135264341625587,23.0,24.0,1.4,67.0,55.2,11.8
500,Random Forest,SRS2822243,0.0024837269159597,0.6354394870515947,0.1007165558996827,0.165575871982677,1.1594656836611843,1.5074107530245295,0.0457442740613667,0.6770112832108903,1.7065379669378078,0.1433798895075265,0.0076820973376759,43.0,35.2,7.8,94.0,72.4,21.6
500,Random Forest,SRS2822253,0.0023633591994624,0.8726887192451069,0.0964671955216396,0.1501613859375524,0.751403068500629,0.8877938874846396,0.0386630343188612,0.4726157540526984,1.0746107400866691,0.2048210848934991,0.0078429957723472,42.0,39.8,2.2,140.0,82.2,57.8
500,Random Forest,SRS2822256,0.0026990450256637,0.8034853973765335,0.0972998106967565,0.1559378635453766,0.8479229720903391,1.013498498154065,0.0467813049321006,0.5667062484718374,1.182360359220782,0.1450770912784793,0.0112035874150962,35.0,34.6,1.6,114.0,68.6,45.4
500,Random Forest,SRS2822262,0.003107151090358,0.805507964328099,0.089642772696924,0.1334022532331633,0.7820181674626138,0.9520082541286085,0.0578958576469414,0.7166083553079139,0.9148552431574132,0.1067428300426352,0.0052476960458275,27.0,25.2,1.8,89.0,57.0,32.0
500,Random Forest,SRS2822268,0.002698014035471,0.7279959840484329,0.0944917096924073,0.1554467188098703,0.7892053278199177,0.9624171921833528,0.0482214174923175,0.5528070656601822,1.077254089398411,0.1773575545239603,0.0115078240806351,33.0,27.4,5.6,100.0,65.6,34.4
500,Random Forest,SRS2822269,0.0025999931818198,0.7313855215601822,0.0912666362793915,0.1507535846473087,0.8130370508315032,0.960516252457728,0.0454419220538664,0.581373615321551,1.0995596360460216,0.1747553530412244,0.0088997917476342,29.0,27.2,2.2,102.0,63.0,39.0
500,Random Forest,SRS2822275,0.0024769705290416,0.7076232694723951,0.0892857527522354,0.1451969353532549,0.9525303032093512,1.2092117761513903,0.0570792095594844,0.6311652158141495,1.3326600999062113,0.1779921855460717,0.0110683909011956,31.0,28.4,3.0,87.0,62.0,25.0
500,Random Forest,SRS2822279,0.0022025288145963,0.8564814645724175,0.0960026346678238,0.1502419666457375,0.8272635496267918,0.9889327221526372,0.0498075371347193,0.4888397194761216,1.210627681906897,0.2298469613628554,0.0076454877781981,41.0,39.6,2.6,162.0,85.2,76.8
500,Random Forest,SRS2822280,0.0023374172260809,0.8365388493719514,0.1040058663317529,0.167734116320752,0.9299682443675328,1.100394117907833,0.0425591532426602,0.6632589782098678,1.260213713080896,0.2424709404008699,0.0077406677829195,44.0,41.0,3.0,149.0,73.2,75.8
500,Random Forest,SRS2822298,0.0024353875682323,0.7388811371313213,0.0908143122155631,0.1481441787940793,0.942089791245196,1.1316261661670295,0.0514379269395873,0.6532333443582173,1.2925473438521922,0.1870813665764917,0.0103474053190518,35.0,31.2,3.8,101.0,60.2,40.8
500,Raw shallow RA,SRS2821816,0.0028208495813121,0.6971640417061803,0.1244636425810872,0.1949140019405587,2.0335343774657675,2.8090676445857854,0.0536047615111276,2.674338151202645,1.660994651492589,0.061797340731579,0.005690092795409,39.0,58.4,19.4,117.0,58.4,58.6
500,Raw shallow RA,SRS2821824,0.0027414008519623,0.681841001728011,0.1418527977830886,0.2271111416040347,2.53530790766139,3.2261556023663216,0.0359651894608566,2.413961414990234,2.9000713368040567,0.0869609014027354,0.0032667622441585,43.0,68.8,25.8,162.0,68.8,93.2
500,Raw shallow RA,SRS2821835,0.0026673962351901,0.6421533844938082,0.0900661790796743,0.1532505656192516,1.3845708676404571,2.3361460455836496,0.0468125151880709,3.0795827866950107,0.0,0.115313870683464,0.0121420542872372,29.0,37.0,8.0,74.0,37.0,37.0
500,Raw shallow RA,SRS2821843,0.0027707415474834,0.7021525304921534,0.1335583852740269,0.2131504687059208,2.281144201971139,3.0533495110368643,0.0566475480564496,2.5997254750821024,2.2228779922565027,0.1122043991065449,0.0017844941883796,46.0,63.0,17.0,142.0,63.0,79.0
500,Raw shallow RA,SRS2821844,0.0027078489090171,0.7604902264937916,0.1374910888428649,0.212394990265298,1.3266930263543366,2.3964490089715715,0.0554567965605364,2.528052686753164,0.3784337326681405,0.1112792941469334,0.0026248341141248,52.0,64.4,12.4,118.0,64.4,53.6
500,Raw shallow RA,SRS2821854,0.002335032790967,0.794135830033666,0.1224765361486621,0.1976104071488999,0.9701793023018548,2.0825068905204014,0.0456962278977986,2.1564165949298224,0.0,0.0770118381060273,0.0017319335575564,54.0,64.6,10.6,111.0,64.6,46.4
500,Raw shallow RA,SRS2821860,0.0024420494945951,0.643992140150411,0.1065969560384823,0.1958370135575844,2.149432287003756,2.9591388937880505,0.0565750205668745,2.9911353213806295,1.6081173149149042,0.1061196366866934,0.003766445360333,33.0,51.2,18.2,127.0,51.2,75.8
500,Raw shallow RA,SRS2821870,0.0028143514745923,0.6772276669003395,0.1340178766831301,0.2088666990362533,2.32558161195733,3.0533734965166315,0.0508438670438421,2.706357816569244,2.216629669895259,0.1452727316609022,0.0072015670429659,44.0,58.2,14.2,131.0,58.2,72.8
500,Raw shallow RA,SRS2821871,0.0028456294807323,0.7083737993982255,0.1341491705169894,0.2106616655836781,2.1863108943441345,2.9715399060380063,0.0501428336158073,2.5790350596274356,2.052449712825803,0.0808864373725284,0.0034708855603825,45.0,62.4,17.4,136.0,62.4,73.6
500,Raw shallow RA,SRS2821875,0.0030472667743042,0.6766287943200022,0.1321370668092045,0.2166197815015855,1.9893630896825216,2.874410181143769,0.0471640948817958,2.7530508043622235,1.502655904319714,0.161629205411888,0.0096578340572621,41.0,58.6,17.6,139.0,58.6,80.4
500,Raw shallow RA,SRS2821881,0.0022074690997652,0.6353203754183154,0.0796655320308776,0.150388916947406,1.1850229883377006,2.160950008899606,0.0459490782691951,2.635074570353302,0.0,0.0738526691842194,0.0073027031574816,27.0,34.0,7.0,70.0,34.0,36.0
500,Raw shallow RA,SRS2821890,0.0025798083667679,0.6959126526561727,0.1309066621143279,0.2189292467136499,2.029037995203945,2.9184566861014334,0.0510122820093572,2.5333758473548698,1.7788003505293315,0.1029832237346274,0.003497210105726,47.0,66.0,19.0,146.0,66.0,80.0
500,Raw shallow RA,SRS2821892,0.0024590669577023,0.7056141297926931,0.1346012112954126,0.2221578248386537,2.1409515669495116,3.0054295875800916,0.0474641174689161,2.4514318164218865,2.076546751228229,0.0940899786084545,0.002426053246812,41.0,69.2,28.2,154.0,69.2,84.8
500,Raw shallow RA,SRS2821893,0.0025468974991398,0.7511067160274294,0.1145947303546183,0.190259397568119,1.0724514215276693,2.146036706071551,0.041883178605513,2.384720874966284,0.0,0.1299425408958267,0.0038297020575438,45.0,53.0,8.0,92.0,53.0,39.0
500,Raw shallow RA,SRS2821894,0.0023281281028478,0.6746082232251137,0.0890693928854644,0.1537346203931751,1.4564917297126194,2.36065483101885,0.047455650133941,2.8632001337635016,0.3380091389466526,0.0727675440259075,0.0046026105296101,35.0,44.8,9.8,79.0,44.8,34.2
500,Raw shallow RA,SRS2821901,0.0024346271515754,0.6569596243235647,0.113970458823814,0.1989819029128115,2.199892155761858,2.9504941588997537,0.0485167683385724,2.8746289018837587,1.814442478428046,0.0977592392944698,0.00295867816045,37.0,53.2,16.2,117.0,53.2,63.8
500,Raw shallow RA,SRS2821905,0.0033031877165033,0.6302327000100586,0.1107443558768102,0.1922743526096105,2.1665175212184513,2.9366574270972317,0.0698224363865008,3.152790043659079,1.4958243601521823,0.1044075509681656,0.0125652388611749,33.0,45.0,12.0,110.0,45.0,65.0
500,Raw shallow RA,SRS2821908,0.0023125346593664,0.6272857080574357,0.100644958986177,0.1949025509235899,2.1923488385779386,2.948988565407871,0.0648157662329798,3.1401241809528413,1.5593688457412902,0.165173220924711,0.0120822733346009,35.0,45.6,10.6,111.0,45.6,65.4
500,Raw shallow RA,SRS2821916,0.0023279030964866,0.6099450701604668,0.0915677255597393,0.1674697384145364,2.0895825256268816,2.810107968621028,0.0564577014807589,3.1631092704395676,1.3340594847233649,0.0780709233526753,0.0101235485283287,27.0,39.6,12.6,85.0,39.6,45.4
500,Raw shallow RA,SRS2821919,0.0021222766316144,0.6776840236526507,0.1050970968334363,0.2009106922441904,1.8923153109820263,2.7770818157085,0.0396582315823114,2.7494331727190016,1.312575986526759,0.1054174759584242,0.00313423504749,42.0,57.4,15.4,124.0,57.4,66.6
500,Raw shallow RA,SRS2821925,0.0017424144354666,0.6113433893419772,0.0641947901444139,0.1382129683620823,1.2410233518216347,2.199380969395758,0.0453813914425688,2.7599120462626474,0.0,0.050150709970082,0.0070087401593599,24.0,31.6,7.6,66.0,31.6,34.4
500,Raw shallow RA,SRS2821928,0.0028458182159082,0.7046740082023992,0.1361612514524631,0.2177039767847604,1.8966766344800536,2.8316601612398853,0.0433245009432892,2.6524973845324347,1.4079365732990026,0.1498576996522572,0.0029883037092074,47.0,62.2,15.2,137.0,62.2,74.8
500,Raw shallow RA,SRS2821931,0.0022947877686886,0.6589377877633638,0.1116278335686664,0.2035429703410409,2.1710652820490166,2.9908039618720443,0.048913820974513,2.828609403504952,1.798056928883599,0.083544069124628,0.003742950499011,32.0,56.4,24.4,140.0,56.4,83.6
500,Raw shallow RA,SRS2821932,0.0026341473724338,0.7112003832602719,0.1358488312046282,0.2168799344371745,2.112232245758882,2.9508562747769895,0.058117987387375,2.5677781761813865,1.9135806653704095,0.1509856747587687,0.0042518666181625,45.0,64.2,19.2,144.0,64.2,79.8
500,Raw shallow RA,SRS2821946,0.0024833515199839,0.6455218758326787,0.0862456649076227,0.1481340367745338,1.0183100210331806,2.0309202978922896,0.0452422570348758,2.2637069824646887,0.0,0.0883687681834187,0.0072623615600929,22.0,32.6,10.6,64.0,32.6,31.4
500,Raw shallow RA,SRS2821968,0.0032005597512477,0.8081398193295399,0.1181780464178062,0.1708484613044666,0.621772675943906,1.6253243040067578,0.0469389691158848,1.3800004657126803,0.0,0.0915655577329455,0.0105179606254709,44.0,48.8,4.8,70.0,48.8,21.2
500,Raw shallow RA,SRS2821969,0.0019598130255376,0.6238304617142367,0.0916817143648136,0.1978666211823009,1.9790820148748745,2.856085514395954,0.0648611241426178,3.197068030784105,1.0817156035824884,0.0985600081045563,0.0045277413051336,31.0,45.6,14.6,120.0,45.6,74.4
500,Raw shallow RA,SRS2821970,0.0026811183456282,0.7116825870101696,0.1324606052629033,0.2211554016416064,2.3125889387873073,3.0989258018285355,0.0402283163535079,2.4761544761595573,2.398370173678668,0.1367117529568196,0.0039604666473537,50.0,67.6,17.6,158.0,67.6,90.4
500,Raw shallow RA,SRS2821972,0.0025514317378741,0.686642565787701,0.1318030119746313,0.2230779025461259,2.311782865181837,3.0646074686216105,0.0463607651327673,2.648246896508212,2.2416536347049156,0.1496840987563794,0.0039266534286985,46.0,62.2,16.2,141.0,62.2,78.8
500,Raw shallow RA,SRS2821987,0.0027946938088859,0.6458773072512566,0.1144918110893352,0.1900795234381259,2.2311740211754567,2.951398357293735,0.0539029430072287,3.013043616869526,1.7522085889476071,0.0914481949115063,0.0052288802423904,33.0,48.4,15.4,115.0,48.4,66.6
500,Raw shallow RA,SRS2821991,0.0026984730698624,0.6521604530638958,0.1116705110950753,0.2033168935739535,2.059910066115816,2.907061307601488,0.060040025265756,2.9442062462687506,1.4708434991364154,0.0937768563260579,0.0039380409980475,33.0,53.2,20.2,125.0,53.2,71.8
500,Raw shallow RA,SRS2822000,0.0028858853142727,0.6889317084385287,0.1328729359116597,0.2149578926330329,2.176473656706281,3.0102033704018445,0.0531445300835478,2.6945213298330564,1.9288031363097713,0.1134052501987739,0.005232218038451,42.0,61.4,19.4,139.0,61.4,77.6
500,Raw shallow RA,SRS2822019,0.0027292636454913,0.6807619023255451,0.1233566568636439,0.2032158433216922,2.0215904298953107,2.8711092774149396,0.0520421770229925,2.839884055036678,1.4886664458104626,0.1038615967206038,0.0029246230187457,40.0,54.8,14.8,128.0,54.8,73.2
500,Raw shallow RA,SRS2822023,0.0026049848982948,0.6412023875102676,0.1059677561111212,0.1812446674201568,1.9775555094733088,2.7706347428961,0.037707175787763,3.0494520652889436,1.2139478006144877,0.0918890846905561,0.0021180923136187,35.0,44.6,9.6,93.0,44.6,48.4
500,Raw shallow RA,SRS2822025,0.0023651332363217,0.6579930651819834,0.0994678225990559,0.1688445821181203,1.8465206739214977,2.693545805487602,0.0411028242673357,3.041806414100884,0.9583935689219228,0.098470164012446,0.0027544184661552,35.0,44.4,9.4,89.0,44.4,44.6
500,Raw shallow RA,SRS2822026,0.0028253253082958,0.6301974404719324,0.0941976154601877,0.1566405837435056,1.6736338080714634,2.5203339684998056,0.0468278153353506,3.064347366809345,0.5918002034214714,0.0618717050624618,0.0035107086340764,30.0,39.2,9.2,78.0,39.2,38.8
500,Raw shallow RA,SRS2822053,0.0026044203514631,0.6314383319004951,0.098467381463055,0.1737472576519139,1.5368667080750191,2.4744183658887744,0.0482565039812105,3.1180721817659505,0.269894335259691,0.0794993518363189,0.0071289716468707,26.0,41.2,15.2,87.0,41.2,45.8
500,Raw shallow RA,SRS2822060,0.0024585662613563,0.6652429131609383,0.1047298435423329,0.1901943174127043,1.8208867393222448,2.707813007214257,0.0518426620641655,2.9519750415981862,0.9866623814080536,0.092739055658636,0.0176971198738278,36.0,50.0,14.0,110.0,50.0,60.0
500,Raw shallow RA,SRS2822063,0.0026485714197131,0.6681531092131807,0.1064138756251627,0.1846806719539485,1.8219669632074504,2.67871196852795,0.0478671233011586,2.906890678437646,1.0296992024400446,0.0668919864934165,0.0181162086890633,36.0,50.8,14.8,107.0,50.8,56.2
500,Raw shallow RA,SRS2822068,0.0025355820081164,0.6455983490414592,0.1138596318658548,0.2060448037880143,2.3656842636091735,3.097520767307586,0.0440592968994294,2.934027452834014,2.0931645864091326,0.1371339874808811,0.0053788392391065,35.0,54.0,19.0,132.0,54.0,78.0
500,Raw shallow RA,SRS2822077,0.0022646547817165,0.5880657607824832,0.0846795810816698,0.1638268411164873,1.9040050520347285,2.6893076018282844,0.0451505938797444,3.213744125894177,0.918610197987781,0.0886286288275514,0.0045234631789414,29.0,37.0,8.0,79.0,37.0,42.0
500,Raw shallow RA,SRS2822080,0.0025076863210458,0.6622909106662068,0.1099419984277738,0.2000443598205578,2.005237941899641,2.8771258226865575,0.0522094974000722,2.945040736953266,1.3615517304223268,0.0986204079842281,0.0046594621761814,36.0,52.4,16.4,129.0,52.4,76.6
500,Raw shallow RA,SRS2822089,0.0027102392466306,0.6833761387233568,0.1346879744064593,0.2299638468758042,2.393618445636493,3.1649162141441733,0.0444712857785016,2.6700766465171726,2.3859229982172523,0.2043115976342299,0.0059635698791485,47.0,62.8,15.8,153.0,62.8,90.2
500,Raw shallow RA,SRS2822111,0.0024095103957059,0.6552193217895952,0.0943296506748215,0.1679325123652518,1.6418849232697847,2.567989363604682,0.0389563913553654,3.1003971186931785,0.4967485503297892,0.0595526134126726,0.0050400192484115,30.0,42.6,12.6,91.0,42.6,48.4
500,Raw shallow RA,SRS2822116,0.002833534627624,0.6490195512485661,0.1072310790498153,0.1764976878007938,1.7475141355062398,2.602636804283332,0.0473869232606006,3.015296228713947,0.7835337822268282,0.1065827562046009,0.0041141584767768,33.0,44.0,11.0,88.0,44.0,44.0
500,Raw shallow RA,SRS2822120,0.0025839648957292,0.6879579899052615,0.1329504378478763,0.2232698868133264,2.2661437967774987,3.0647495526579434,0.0457443099441482,2.563876930915651,2.226172269510445,0.1403371198925015,0.0033487408817458,45.0,64.2,19.2,151.0,64.2,86.8
500,Raw shallow RA,SRS2822122,0.0026337281091883,0.6742402705334692,0.1223494372521294,0.2057291284856968,1.7794969958893063,2.72884268489024,0.0434247273780334,2.8707428626133145,0.977661646945288,0.0628537584074147,0.0038881129529742,36.0,55.8,19.8,128.0,55.8,72.2
500,Raw shallow RA,SRS2822125,0.002604548265266,0.6140629393969921,0.0991901362906728,0.184815216785369,1.9961495078489755,2.813930263347065,0.0520938782507848,3.162262107253431,1.1484005854290429,0.0444628343847874,0.0083206596347945,27.0,42.8,15.8,96.0,42.8,53.2
500,Raw shallow RA,SRS2822129,0.0024977958942998,0.7234319211710563,0.1323492711323353,0.215975473014363,2.110554714113081,2.970732672167955,0.0365506888575931,2.4200990893854883,2.0449956081860488,0.1418508153299609,0.0032977253705242,51.0,68.6,17.6,156.0,68.6,87.4
500,Raw shallow RA,SRS2822133,0.0025175388335367,0.7255862974750793,0.1336603172008026,0.2185050695376676,2.0425108455257175,2.911026081692774,0.0523312449721708,2.3420823971207154,1.9773232701349008,0.0658901567861,0.0025082311737492,48.0,70.4,22.4,149.0,70.4,78.6
500,Raw shallow RA,SRS2822136,0.0028787099804034,0.591550421789135,0.0944671114258028,0.1518828074139084,1.7152032212351913,2.5309921554131605,0.0470298105255603,3.183352528617464,0.5680948220040578,0.0784440734926271,0.0045588767518089,26.0,33.8,7.8,68.0,33.8,34.2
500,Raw shallow RA,SRS2822149,0.0026575862885693,0.6598162645585044,0.1204201160889501,0.2065646938713368,2.3013139392246935,3.047949366943537,0.0476360407363879,2.845957936944712,2.04311234032915,0.1256683366553054,0.0087628436899536,38.0,55.6,17.6,130.0,55.6,74.4
500,Raw shallow RA,SRS2822153,0.0027425808506566,0.6804262057913284,0.137163466090993,0.2255290868147221,2.417633597335562,3.157897304086378,0.0426236362037238,2.580313374284832,2.514717336882785,0.1498647592462635,0.0035047020368095,44.0,64.4,20.4,158.0,64.4,93.6
500,Raw shallow RA,SRS2822168,0.0026482590063364,0.6208880666152361,0.0999471610924076,0.1792860699664301,2.011389606649698,2.7862837292030624,0.0510711957788398,3.0956802702595807,1.2387518404276063,0.118407250441566,0.0178202069008742,33.0,43.0,10.0,90.0,43.0,47.0
500,Raw shallow RA,SRS2822180,0.0029972823862044,0.6204665178353033,0.0992065779032356,0.1691919146624334,2.073959463666508,2.820233703240599,0.0598134480057592,3.13080628153576,1.331466242930248,0.1226297408543244,0.0240986298892174,32.0,42.0,10.0,93.0,42.0,51.0
500,Raw shallow RA,SRS2822183,0.0025336224676169,0.7084726709179703,0.1420441671337465,0.2253796013978342,2.491527162213546,3.210869009862676,0.046186789275178,2.3720778192478607,2.8490598389559643,0.0887345926773851,0.0027404700714501,49.0,70.2,21.2,167.0,70.2,96.8
500,Raw shallow RA,SRS2822185,0.002731191777957,0.702890507359176,0.1407102993482499,0.2247418088218215,2.422070392081866,3.1509535473490646,0.0384919805898913,2.530262047127529,2.568941814713284,0.1631765242413376,0.0058623972276397,49.0,65.4,16.4,156.0,65.4,90.6
500,Raw shallow RA,SRS2822218,0.0023143284793195,0.590692300738233,0.0829159917867911,0.1626622285103461,1.757313225656373,2.604377340167904,0.0347591275632828,3.2323218840351324,0.6096141407747322,0.1030177919282496,0.0119042369368016,29.0,36.2,7.2,84.0,36.2,47.8
500,Raw shallow RA,SRS2822220,0.0026150283669905,0.7804749151549225,0.1047772128961356,0.1577427447966741,0.6938727274810157,1.67089070017945,0.0476124540654181,1.5405676392748031,0.0,0.0848019659091508,0.0051658632298673,37.0,47.2,10.2,69.0,47.2,21.8
500,Raw shallow RA,SRS2822230,0.0025654140287015,0.6838128761429397,0.1227215415188828,0.2095805423266571,2.011621339345564,2.90282339694214,0.0510039318714553,2.792645939819227,1.5112372593704917,0.1149802452703436,0.003923081056159,42.0,57.8,15.8,129.0,57.8,71.2
500,Raw shallow RA,SRS2822236,0.0028820016617522,0.5858630619374668,0.1051100429086247,0.1722213530597185,1.8190496376288892,2.668145761006476,0.0485859994940579,3.3078071937606692,0.663913148626762,0.107382059574388,0.0064528299930036,27.0,34.8,7.8,84.0,34.8,49.2
500,Raw shallow RA,SRS2822240,0.0028324838883286,0.5998737556852692,0.0914826164108228,0.1586121689838801,1.484301220485704,2.393470814631462,0.0581172362016433,3.1906710009813173,0.0985865497706876,0.0969214888639011,0.0127597925141418,23.0,33.6,10.6,67.0,33.6,33.4
500,Raw shallow RA,SRS2822243,0.0024968958113544,0.7361957847807238,0.1078235928105556,0.1855116708414511,1.0820493970101492,2.155821285659869,0.058263160914845,2.404237945163902,0.0,0.0606990388617741,0.0047041474962815,43.0,50.8,7.8,94.0,50.8,43.2
500,Raw shallow RA,SRS2822253,0.0023844914583412,0.6887767747230482,0.1233811165721721,0.2126847672672497,2.260854486363734,3.037518846099969,0.0351296929781202,2.7097227359976515,2.0857634773538627,0.1162016671469389,0.0021401197609906,42.0,59.8,17.8,140.0,59.8,80.2
500,Raw shallow RA,SRS2822256,0.0023153645138529,0.6736797556657159,0.101469843415025,0.1909131183543451,1.9085090589596008,2.776406351493077,0.0416319072857058,2.8428437813196745,1.2609125599258393,0.0980287256397232,0.0065521297521935,35.0,53.4,18.4,114.0,53.4,60.6
500,Raw shallow RA,SRS2822262,0.003189987693457,0.609468876468454,0.1018942263034223,0.1656266367761787,1.8777565770997489,2.72401553861964,0.0633648987024522,3.2741303069697048,0.8100438732728976,0.0714969272989386,0.0057829443216971,27.0,37.6,10.6,89.0,37.6,51.4
500,Raw shallow RA,SRS2822268,0.002424442744514,0.6480385860627302,0.0962346312589151,0.1822865020065178,1.8107868661514128,2.6694699375654496,0.0475937888547492,3.0182744249152216,0.907384726826866,0.091822435837262,0.003880796999661,33.0,47.0,14.0,100.0,47.0,53.0
500,Raw shallow RA,SRS2822269,0.0025432829512826,0.6504220994127741,0.1011981086740463,0.1789397025289709,1.8632783925744083,2.7103968621549748,0.0474178004928228,3.009498622727074,1.0202632859575314,0.0885098287197807,0.0049978138127126,29.0,47.0,18.0,102.0,47.0,55.0
500,Raw shallow RA,SRS2822275,0.0024366140400476,0.6889988798337308,0.0973737298040357,0.1692150915245918,1.2159424761165796,2.238485496477244,0.0517087458031973,2.703308554720787,0.0,0.0850616961091364,0.0046207700238875,31.0,43.6,12.6,87.0,43.6,43.4
500,Raw shallow RA,SRS2822279,0.0023840551486308,0.6854494464663202,0.122538091274505,0.216079682370426,2.531762530879792,3.2344447551162885,0.0480248003300041,2.6639400150602257,2.667355895451272,0.1463843907569628,0.0034649842299233,41.0,62.4,21.4,162.0,62.4,99.6
500,Raw shallow RA,SRS2822280,0.0020796347819435,0.7002205170754163,0.1111786578501483,0.2017428905980236,2.0896166400470313,2.9887369778645456,0.0415909951006368,2.8085394166763455,1.653924804208931,0.1347453495359087,0.0016069049399569,44.0,58.6,14.6,149.0,58.6,90.4
500,Raw shallow RA,SRS2822298,0.0022895185196261,0.6700036950308567,0.0988228977882687,0.1771338796131316,1.582338906610591,2.5612580458483793,0.0410866861536567,3.0838546146941903,0.3922876321571254,0.0885120660324845,0.0034226750378116,35.0,45.6,10.6,101.0,45.6,55.4
500,Training-mean RA,SRS2821816,0.0076719767363893,0.5587203599347832,0.2811320673861576,0.3583149622748524,1.4028120163640945,2.090436313098446,0.0835659043579276,0.3203589739981199,2.509503719401899,0.4634416241611649,0.025846872731581,39.0,55.0,16.0,117.0,231.0,114.0
500,Training-mean RA,SRS2821824,0.009241302701958,0.6472881118498912,0.3286616999633859,0.3846464534630615,0.6874211239501995,1.4055746299333625,0.0968854719295418,0.1052738685858055,1.2704270340904316,0.1845734799734626,0.0074725099396631,43.0,55.0,12.0,162.0,231.0,69.0
500,Training-mean RA,SRS2821835,0.0131221839886081,0.5335679062145439,0.39820318817185,0.4626876958689595,2.4833759942718436,3.0260263834586816,0.0821618811354659,0.8776851314621676,4.170498370894489,0.9129784303579636,0.0699612408330754,29.0,55.0,26.0,74.0,231.0,157.0
500,Training-mean RA,SRS2821843,0.0101620028003938,0.6319869653382633,0.3408818429426761,0.4073237135781412,1.0462525828600884,1.821419214759586,0.0791106218911832,0.152385349779411,1.947620378637986,0.2583474540021466,0.0121332046239011,46.0,55.0,9.0,142.0,231.0,89.0
500,Training-mean RA,SRS2821844,0.0075609556895094,0.6075134054817194,0.2908091149097236,0.3445427556906837,1.9699711537209168,2.7773170919930568,0.0950463915188169,0.153902288601947,3.792064638226349,0.1577867320935428,0.0058497103303627,52.0,55.0,3.0,118.0,231.0,113.0
500,Training-mean RA,SRS2821854,0.0086956836554159,0.5808877245054378,0.3235381932445682,0.379837496871358,2.325952255387856,3.0852232376133117,0.0898080813444445,0.5260620588371727,4.170498370894489,0.2155407458043869,0.0127958583504228,54.0,55.0,1.0,111.0,231.0,120.0
500,Training-mean RA,SRS2821860,0.0136824512905564,0.5959760382782883,0.3980815300338654,0.450843718076712,1.4380812353451722,2.160359836349226,0.1983256122976542,0.32694742726664,2.5623810559795843,0.6784266267971284,0.044404811426728,33.0,55.0,22.0,127.0,231.0,104.0
500,Training-mean RA,SRS2821870,0.014503354433505,0.6869331382058265,0.3561196177011185,0.430586514589276,1.095806914814787,1.813666892150178,0.0852926730140917,0.2551300577795671,1.9538687009992295,0.3185224306543888,0.0230553107731062,44.0,55.0,11.0,131.0,231.0,100.0
500,Training-mean RA,SRS2821871,0.0119520533088031,0.6843910027615574,0.3323534894640558,0.4088232774016979,1.1510795926552304,1.9148193111937897,0.0683775927212894,0.1973081425818306,2.1180486580686853,0.2039522145742252,0.0094501175396252,45.0,55.0,10.0,136.0,231.0,95.0
500,Training-mean RA,SRS2821875,0.0113435557462893,0.586030908983912,0.3686618191355133,0.4263412560889313,1.4284849719610944,2.235648494297932,0.101999555701428,0.199063117535114,2.667842466574774,0.4203874849755866,0.0316148227002198,41.0,55.0,14.0,139.0,231.0,92.0
500,Training-mean RA,SRS2821881,0.0152597407688329,0.5371079616508436,0.4655340910844939,0.5118423331778001,2.7651023289600016,3.2362699159649195,0.1878311662250236,1.4933411692220622,4.170498370894489,1.1098351917653857,0.0854301739222425,27.0,55.0,28.0,70.0,231.0,161.0
500,Training-mean RA,SRS2821890,0.0120047892390573,0.6947422413473096,0.3405589379586446,0.3854981548436776,1.2446539129238277,2.1009483332538053,0.0850041001036387,0.0990472982011407,2.391698020365157,0.3502223566734375,0.024830673800955,47.0,55.0,8.0,146.0,231.0,85.0
500,Training-mean RA,SRS2821892,0.0072770145032823,0.6470022264313623,0.2658090019491238,0.3024789430944672,1.078400196728112,1.9473412064295033,0.0889370430872275,0.0598737957122059,2.09395161966626,0.1880481656623294,0.0076539491136435,41.0,55.0,14.0,154.0,231.0,77.0
500,Training-mean RA,SRS2821893,0.0102320471574631,0.6038520371669925,0.3716474745114959,0.4453004840641009,2.4421397137712866,3.119194436490558,0.0658257177249579,0.7876707005603718,4.170498370894489,0.3599030126433198,0.0103340408736495,45.0,55.0,10.0,92.0,231.0,139.0
500,Training-mean RA,SRS2821894,0.0118807737921147,0.5309495058956066,0.4657943557576879,0.5261876984355567,2.2472440805258587,2.8342093699424167,0.0868137239388832,0.7275902244297151,3.832489231947836,0.6895428160730619,0.0409487193987408,35.0,55.0,20.0,79.0,231.0,152.0
500,Training-mean RA,SRS2821901,0.0104215214996444,0.6491257333544823,0.3113366101955033,0.3461894237682834,1.3389161149577309,2.027472531377013,0.1157420775542416,0.345271472349301,2.3560558924664425,0.5481117962672468,0.033226485093237,37.0,55.0,18.0,117.0,231.0,114.0
500,Training-mean RA,SRS2821905,0.0253683608930784,0.5839260279041009,0.5583057636552556,0.5955409686660645,1.5624518087332326,2.2051872020930223,0.3409547571865992,0.4626907737766876,2.674674010742306,1.2743127344717164,0.160416471750017,33.0,55.0,22.0,110.0,231.0,121.0
500,Training-mean RA,SRS2821908,0.0244293958620035,0.5750063595957167,0.5295642740563139,0.5773380694738461,1.5199980221636629,2.1614540201413255,0.2983296475937425,0.4437523027753995,2.6111295251531987,1.1848488178571968,0.1450548279265493,35.0,55.0,20.0,111.0,231.0,120.0
500,Training-mean RA,SRS2821916,0.0168693822603556,0.5964363966532386,0.4442004531985136,0.4767736879363829,1.7427436836865575,2.298689917779525,0.1282029322827364,0.7084431490612052,2.836438886171123,1.0593573948397808,0.1083945817133507,27.0,55.0,28.0,85.0,231.0,146.0
500,Training-mean RA,SRS2821919,0.0117444813732841,0.6095668235679645,0.398439258273735,0.441097560767314,1.5593361801129833,2.3220311067265325,0.1288802132031283,0.2757877558101351,2.85792238436773,0.5224099485286322,0.0299549220945128,42.0,55.0,13.0,124.0,231.0,107.0
500,Training-mean RA,SRS2821925,0.0199875601514097,0.5428794921937897,0.4749842635981853,0.5207274300792978,2.758953316057781,3.2189657559636613,0.1530962796979972,1.4836017327982658,4.170498370894489,1.2998725317556672,0.1473527590459052,24.0,55.0,31.0,66.0,231.0,165.0
500,Training-mean RA,SRS2821928,0.0085924705713402,0.6635455967067982,0.2677877467246977,0.3308218934007386,1.4374938916681677,2.2903061421259383,0.0565044366613752,0.1188030044955262,2.7625617975954864,0.2218552124164801,0.0083858064452245,47.0,55.0,8.0,137.0,231.0,94.0
500,Training-mean RA,SRS2821931,0.0119936461127916,0.6343609443316152,0.3960940499150882,0.4460719459978756,1.3264507810932065,2.092185780469244,0.1872141162562194,0.2910934364119355,2.3724414420108895,0.5856025551954831,0.0305614426649161,32.0,55.0,23.0,140.0,231.0,91.0
500,Training-mean RA,SRS2821932,0.0097523924279218,0.6441723901496431,0.3463629897947348,0.4014446615265241,1.206693014290037,2.021832738199487,0.0870571421083528,0.1643836331640595,2.2569177055240788,0.2473092697331971,0.011367112620498,45.0,55.0,10.0,144.0,231.0,87.0
500,Training-mean RA,SRS2821946,0.012995691272486,0.5364406183966435,0.4495740816784007,0.4875375702862318,2.951670452185851,3.4030532715297945,0.1283940096651992,1.9158059616312155,4.170498370894489,0.9937918124179168,0.0679126857313054,22.0,55.0,33.0,64.0,231.0,167.0
500,Training-mean RA,SRS2821968,0.0153274373123062,0.4972034509725849,0.504139172557106,0.5497488678676297,2.979871903508166,3.515481801904514,0.1247237991029322,1.9790593070099656,4.170498370894489,0.605687868321295,0.0471250065883965,44.0,55.0,11.0,70.0,231.0,161.0
500,Training-mean RA,SRS2821969,0.021625520517713,0.5805307516883821,0.521562122499404,0.5543934022697176,1.7483003768542449,2.439810982779802,0.3359753357874567,0.4160105693606774,3.0887827673120003,1.206257855872379,0.1438494205925493,31.0,55.0,24.0,120.0,231.0,111.0
500,Training-mean RA,SRS2821970,0.0094699102942234,0.6190819290416955,0.3214533919467384,0.3899701547589633,0.921292244039536,1.7384419084646516,0.0917990294093452,0.0680224698009788,1.7721281972158196,0.1725317529636716,0.0114121718501147,50.0,55.0,5.0,158.0,231.0,73.0
500,Training-mean RA,SRS2821972,0.0098475351550761,0.6292099785835337,0.3310088693791942,0.4019056990872161,1.031158373731528,1.7800521812777332,0.0872651457223686,0.138741215239839,1.9288447361895724,0.224619068014896,0.0130290913281593,46.0,55.0,9.0,141.0,231.0,90.0
500,Training-mean RA,SRS2821987,0.0145814628190698,0.5619047475608618,0.4218301157627609,0.4666882497680444,1.4114444263301615,2.0491575834763944,0.1762021540622467,0.4306443331385784,2.4182897819468816,0.7570384182447194,0.0613716822129815,33.0,55.0,22.0,115.0,231.0,116.0
500,Training-mean RA,SRS2821991,0.0121300167282618,0.6261363296725282,0.4007109256426308,0.436383038569578,1.4927693571702287,2.2345381853348893,0.1778248518992097,0.2982063590637991,2.699654871758073,0.6577354428137814,0.0419806340226205,33.0,55.0,22.0,125.0,231.0,106.0
500,Training-mean RA,SRS2822000,0.01025747408098,0.5596308751447272,0.3532301356596025,0.4287407133752941,1.187545748075282,2.005275938069864,0.0971068704015791,0.1375345254705439,2.2416952345847174,0.295397502228067,0.0118226918288535,42.0,55.0,13.0,139.0,231.0,92.0
500,Training-mean RA,SRS2822019,0.0117794459613013,0.6227651267543456,0.3933220549831238,0.443550236202216,1.48036435435641,2.2336002447281396,0.1493215975156302,0.2936729013434536,2.6818319250840266,0.5243233114322274,0.0291319870184015,40.0,55.0,15.0,128.0,231.0,103.0
500,Training-mean RA,SRS2822023,0.0068438031377042,0.5609806731050512,0.2824669538933254,0.3674762193751425,1.7280479930874144,2.358420795486793,0.0874684261187658,0.5465366515710445,2.956550570280001,0.5040817851178234,0.0139195659090519,35.0,55.0,20.0,93.0,231.0,138.0
500,Training-mean RA,SRS2822025,0.0074200662474253,0.5564779006330361,0.2831969776577975,0.3685697014693425,1.8615004299281648,2.5063778688148903,0.0834971398948649,0.5596345309877614,3.2121048019725658,0.5212016316418158,0.0156674691070364,35.0,55.0,20.0,89.0,231.0,142.0
500,Training-mean RA,SRS2822026,0.010846124501762,0.5712184505265844,0.4281347710718936,0.4686477065202988,2.1600167985776104,2.7093178251727736,0.184001877074588,0.8048910102427211,3.578698167473017,0.8089499433463034,0.0396300221394222,30.0,55.0,25.0,78.0,231.0,153.0
500,Training-mean RA,SRS2822053,0.0147386171343158,0.5703555074351945,0.3669364053877205,0.4213729694878873,2.2700479826117523,2.859858958799462,0.1278938287716069,0.6978320638924115,3.9006040356347977,0.9736784100071422,0.090098096379783,26.0,55.0,29.0,87.0,231.0,144.0
500,Training-mean RA,SRS2822060,0.0242875307951867,0.5319692902614328,0.4562671605086238,0.4955685515669961,1.7973507634539143,2.486745923821967,0.2484758047515186,0.4293836648311157,3.183835989486435,1.1904454917657694,0.2065279584272095,36.0,55.0,19.0,110.0,231.0,121.0
500,Training-mean RA,SRS2822063,0.0225519460485288,0.5481784299237794,0.4367417968235153,0.4799270110440465,1.7801848226564094,2.445791511170247,0.2095526885929223,0.4435198737658377,3.140799168454444,1.1243811108527182,0.1804886703692941,36.0,55.0,19.0,107.0,231.0,124.0
500,Training-mean RA,SRS2822068,0.0114980803971068,0.5830241875101901,0.3847269445180424,0.4376158432465211,1.1652551961167952,1.8759185569812,0.1206304579673606,0.2682915195653519,2.077333784485356,0.5283338143708614,0.0268884410090511,35.0,55.0,20.0,132.0,231.0,99.0
500,Training-mean RA,SRS2822077,0.0133774097782268,0.6085124324971289,0.4163499716243082,0.4493149662646794,1.9776344205138177,2.533059239271675,0.1003091040453634,0.7721519868312985,3.2518881729067077,0.936221217216044,0.0753328304999501,29.0,55.0,26.0,79.0,231.0,152.0
500,Training-mean RA,SRS2822080,0.018978773215906,0.3678602216747335,0.6531550270397681,0.6554854315699209,1.5571865021685052,2.3058034927216458,0.2021151335102805,0.3172074690807209,2.8089466404721617,0.8700516642943725,0.1022982020970012,36.0,55.0,19.0,129.0,231.0,102.0
500,Training-mean RA,SRS2822089,0.0097988070488473,0.5862928277994416,0.327173757265178,0.3788163201568412,0.9325468300552912,1.7392827492087792,0.1008273538874788,0.0782023412587521,1.7845753726772364,0.2550314763195818,0.012532214216374,47.0,55.0,8.0,153.0,231.0,78.0
500,Training-mean RA,SRS2822111,0.010981237351303,0.5997006052225144,0.3894084051331554,0.4306057305340197,2.110796451713503,2.7439878421969524,0.0930783695568624,0.5997022168357352,3.6737498205646992,0.7771433518995079,0.0509419176907052,30.0,55.0,25.0,91.0,231.0,140.0
500,Training-mean RA,SRS2822116,0.0138733525516406,0.5496909090777864,0.4745869004778701,0.5032685776566885,1.9770560348645148,2.590330188092477,0.1263859280560234,0.617409763421628,3.3869645886676603,0.8109110865672783,0.0650816567923351,33.0,55.0,22.0,88.0,231.0,143.0
500,Training-mean RA,SRS2822120,0.0101589364079677,0.611263656563942,0.3625194631837008,0.4235856183173728,1.0344862168632618,1.845124069213288,0.0872155771263702,0.1289147517969494,1.9443261013840432,0.254685449745597,0.0117732371928047,45.0,55.0,10.0,151.0,231.0,80.0
500,Training-mean RA,SRS2822122,0.0121618889772366,0.6349136936662052,0.3546471089780583,0.4229861655979555,1.721716765925299,2.4937515249480353,0.1140790849980006,0.266164618407925,3.1928367239492004,0.5673054595220157,0.0316517590098714,36.0,55.0,19.0,128.0,231.0,103.0
500,Training-mean RA,SRS2822125,0.0142526653361263,0.4615699753714388,0.4312531613576967,0.4833350833446876,1.780778460301534,2.4146704250222,0.1460037935327168,0.5843268495311632,3.022097785465446,0.9684472478140264,0.0826518378022884,27.0,55.0,28.0,96.0,231.0,135.0
500,Training-mean RA,SRS2822129,0.0103113063693996,0.5477630111215736,0.39573511498814,0.4548006137608464,1.1012103784996243,1.950517701369153,0.1319450698482296,0.0706429769026821,2.12550276270844,0.1831169461256641,0.0137356824667121,51.0,55.0,4.0,156.0,231.0,75.0
500,Training-mean RA,SRS2822133,0.010317400082869,0.5731792609583051,0.4079740080329113,0.4562150189044937,1.145066735294858,1.9978444357916367,0.1006644381254704,0.096535748006976,2.193175100759587,0.2182146348293425,0.0179092987566715,48.0,55.0,7.0,149.0,231.0,82.0
500,Training-mean RA,SRS2822136,0.0133195104455173,0.5609149762767419,0.4807781035033046,0.5336784165437224,2.235973508672026,2.7400645466295583,0.2168312447383456,0.9439755641404496,3.6024035488904302,0.9932082555585628,0.0580490390012382,26.0,55.0,29.0,68.0,231.0,163.0
500,Training-mean RA,SRS2822149,0.0214289847119093,0.5901846988646862,0.4227816384956698,0.5401789254706635,1.192430949184091,1.9091238975195712,0.1625391110034189,0.2683019891922515,2.1273860305653387,0.7180994250324191,0.08124493502991,38.0,55.0,17.0,130.0,231.0,101.0
500,Training-mean RA,SRS2822153,0.0098998562035783,0.6677914081256624,0.359133384353047,0.4036119618203574,0.8769616691381783,1.6486669466337678,0.0671317406769906,0.1016785966035963,1.655781034011704,0.2327813885643261,0.0103245811622021,44.0,55.0,11.0,158.0,231.0,73.0
500,Training-mean RA,SRS2822168,0.0267082255594309,0.6347879316593946,0.4742238716779755,0.5262075107209614,1.753576366365277,2.358751534648,0.1881825376555509,0.6195632868242467,2.931746530466882,1.1963154355074097,0.17083410296218,33.0,55.0,22.0,90.0,231.0,141.0
500,Training-mean RA,SRS2822180,0.0260925734438871,0.6473292150165775,0.467341565950681,0.5242894295411058,1.7074360819994223,2.2954616548979754,0.1849597130406859,0.6204141079549632,2.8390321279642405,1.1915398199511698,0.1645040446558203,32.0,55.0,23.0,93.0,231.0,138.0
500,Training-mean RA,SRS2822183,0.0090894445879939,0.6348022600584416,0.3319595407144033,0.38825481719302,0.7021212053938336,1.464151943913685,0.0669491070238025,0.0846118791450151,1.3214385319385242,0.081120600807341,0.0034023932379336,49.0,55.0,6.0,167.0,231.0,64.0
500,Training-mean RA,SRS2822185,0.0094183506488266,0.652043797540502,0.3334684303954826,0.3962956920735996,0.8560118774350766,1.6093055862182273,0.0745792385223876,0.1145596853746092,1.6015565561812046,0.1458047958923325,0.0053814213392063,49.0,55.0,6.0,156.0,231.0,75.0
500,Training-mean RA,SRS2822218,0.015612505114759,0.5922900248491182,0.4157730502608704,0.4573166326884958,2.1399184855715174,2.6997525128795195,0.0824610004545328,0.7915351324916439,3.5608842301197563,1.0240484851314742,0.0984666191124685,29.0,55.0,26.0,84.0,231.0,147.0
500,Training-mean RA,SRS2822220,0.0122776250089447,0.5613877623144002,0.4522355131906507,0.5644018252351387,2.9494698577044898,3.464981134963229,0.1116265723148165,1.9128149588881385,4.170498370894489,0.4862621156266717,0.0151400727517557,37.0,55.0,18.0,69.0,231.0,162.0
500,Training-mean RA,SRS2822230,0.0149004264213,0.3556333421562387,0.6048170614667426,0.6252920861210877,1.418289164327295,2.2320104058258163,0.0973763404905016,0.1864332820106035,2.659261111523997,0.5087634907436698,0.045675856584413,42.0,55.0,13.0,129.0,231.0,102.0
500,Training-mean RA,SRS2822236,0.0118280541314415,0.573832647058249,0.3931835419638158,0.4420873298768077,2.102033690740573,2.6760497799792087,0.1199638021611476,0.7633395157193785,3.5065852222677263,0.8796116948660903,0.0538828048970189,27.0,55.0,28.0,84.0,231.0,147.0
500,Training-mean RA,SRS2822240,0.0162099048906861,0.5079644032355222,0.4694688428459759,0.5079851622908645,2.4746069215448943,2.9788433702866906,0.1664933858796647,0.9583591471337264,4.0719118211238,1.119544503922516,0.0963195788585909,23.0,55.0,32.0,67.0,231.0,164.0
500,Training-mean RA,SRS2822243,0.0107688842698223,0.554646966720204,0.394020612867008,0.4330486335325503,2.494397666554661,3.1414410961137316,0.1279477459085194,0.8970209956532715,4.170498370894489,0.6417157851400561,0.0415892370026501,43.0,55.0,12.0,94.0,231.0,137.0
500,Training-mean RA,SRS2822253,0.0107912592413695,0.5976593223269266,0.381724128809596,0.4511557099943387,1.1324339387380722,1.896635040297187,0.0882398272991226,0.1906120281133531,2.0847348935406256,0.3143574594124274,0.0122904153447124,42.0,55.0,13.0,140.0,231.0,91.0
500,Training-mean RA,SRS2822256,0.0203896822446879,0.609841622655412,0.394819013237608,0.4438700669162191,1.6242010096774098,2.3471607545029127,0.1707061998305956,0.357986647958297,2.909585810968649,0.8055259250719576,0.0965941864097211,35.0,55.0,20.0,114.0,231.0,117.0
500,Training-mean RA,SRS2822262,0.0096627432298864,0.6269416254243124,0.3334920136768991,0.4036895824728994,1.987954015776712,2.5941346558427827,0.1362348650120458,0.6701012768788257,3.3604544976215904,0.8061609838022005,0.0410823679729861,27.0,55.0,28.0,89.0,231.0,142.0
500,Training-mean RA,SRS2822268,0.0137420456605752,0.5395712304407392,0.4447851137377716,0.502172492692885,1.8713305955713468,2.510910491788892,0.1618225327872511,0.5157793469499983,3.263113644067622,0.8344576963026338,0.0644042524333187,33.0,55.0,22.0,100.0,231.0,131.0
500,Training-mean RA,SRS2822269,0.0130011996241528,0.5615874328741186,0.4411919361093589,0.4888883606246966,1.817795348818776,2.4625329839489947,0.1714379361736948,0.5211532424799789,3.150235084936958,0.8078914679232604,0.0592604271538386,29.0,55.0,26.0,102.0,231.0,129.0
500,Training-mean RA,SRS2822275,0.0104855068950688,0.5210863733936675,0.3974453432918968,0.4483160312900362,2.524066621800142,3.1107704876578435,0.0974969535464759,0.9665979687502798,4.170498370894489,0.7306998767373609,0.042239255320655,31.0,55.0,24.0,87.0,231.0,144.0
500,Training-mean RA,SRS2822279,0.0129781382675813,0.6566553907370195,0.3643335293980139,0.4212412476721251,0.8207801352021151,1.5630864826984665,0.1254993762523116,0.1398909479716552,1.5031424754432168,0.4203402447514115,0.0330403319996536,41.0,55.0,14.0,162.0,231.0,69.0
500,Training-mean RA,SRS2822280,0.0123912636671199,0.6083328945443428,0.3683369761881504,0.4235896068796052,1.3234611348876335,2.1784925740471737,0.1157480265750669,0.1320136925168182,2.5165735666855578,0.3263555304262855,0.0246612248165181,44.0,55.0,11.0,149.0,231.0,82.0
500,Training-mean RA,SRS2822298,0.0095883178913338,0.578836437622175,0.3687925128702624,0.4069020917104384,2.1066707946394634,2.783712093464555,0.0982338960446897,0.4735489242999785,3.778210738737363,0.6604284207572455,0.0377563340512723,35.0,55.0,20.0,101.0,231.0,130.0
500,XGBoost,SRS2821816,0.0025368397474057,0.6799497425645058,0.1047317630597097,0.1583640691581674,0.64641684629465,0.8229125462244372,0.0513089235771991,0.4096005311301021,0.919908680342566,0.136359513282145,0.0058363020063181,39.0,36.6,4.0,117.0,80.0,37.0
500,XGBoost,SRS2821824,0.0023934629815565,0.8741594143243703,0.1028317469278995,0.1560687569327732,0.6936596088367479,0.848415847752487,0.0370490799733194,0.3401628395131397,1.0781837708691566,0.1683485424964217,0.0037520832840516,43.0,40.0,3.0,162.0,96.6,65.4
500,XGBoost,SRS2821835,0.0028904829852771,0.8063652021991989,0.0824161709935944,0.1178624693123833,0.7520686351554494,0.9356231350279204,0.047270226772984,0.6315986631790116,0.932351754165575,0.1544511612518022,0.0181886065128838,29.0,26.6,2.4,74.0,54.4,19.6
500,XGBoost,SRS2821843,0.0025376564239349,0.871628971493665,0.1033439705389125,0.153204040161622,0.702217256117173,0.8378662036564976,0.0544123681374729,0.4048408724431144,1.0354642740902338,0.1934254565310202,0.005999212272981,46.0,41.0,5.0,142.0,88.8,53.2
500,XGBoost,SRS2821844,0.0027223693451967,0.8188492267994383,0.1231577124306449,0.1765480105028324,1.0717805679120906,1.5018387319272657,0.0558982317617986,0.3519789882802493,1.8218896265576316,0.2040294406955531,0.008274653587767,52.0,43.2,8.8,118.0,94.2,23.8
500,XGBoost,SRS2821854,0.0024089835999924,0.788359746242995,0.1157984403311616,0.1737136079165034,1.338053652103698,1.808100093749109,0.0467194400245071,0.5762068176252088,2.154099981927142,0.1653306700955111,0.0060202437893751,54.0,42.4,11.6,111.0,94.8,16.2
500,XGBoost,SRS2821860,0.0025250348746516,0.7902056313327053,0.0927885294843513,0.1521648247937325,0.8574556853120383,0.9937351756909693,0.0624677751351084,0.6290169377739947,1.1438876542225662,0.1658187561699948,0.0069340650645642,33.0,32.0,2.2,127.0,67.6,59.4
500,XGBoost,SRS2821870,0.0029126892889649,0.829647460487476,0.1219440801051031,0.1696004985361142,0.7361015161903378,0.8604979489232886,0.0522543497697011,0.4380754367289308,1.0736210927420595,0.1653788147633263,0.0059755774264806,44.0,41.2,3.2,131.0,77.6,53.4
500,XGBoost,SRS2821871,0.0031128914411835,0.8502527065168554,0.1251470308661775,0.1696956853473502,0.6848338945906901,0.846114616066477,0.0489904505457387,0.3809932728801092,1.0226590571701435,0.1094034436215764,0.0037741521086661,45.0,43.4,2.4,136.0,86.0,50.0
500,XGBoost,SRS2821875,0.0029875514426854,0.8493569941278694,0.1126436327741284,0.1689949233643759,0.8299257126178222,1.0074353337365172,0.0453659039852704,0.5248315811110802,1.1840990079248443,0.2434212502934707,0.0136668595673832,41.0,37.4,3.6,139.0,78.6,60.4
500,XGBoost,SRS2821881,0.0020164210960198,0.8218803392544215,0.0641024884618734,0.1027016168987162,0.6941935142006143,0.8938235373607943,0.0419381829413831,0.6880099785187646,0.7665103832880226,0.0605537416284311,0.0071797373538171,27.0,23.0,4.0,70.0,53.2,16.8
500,XGBoost,SRS2821890,0.0023912654642675,0.8546441505012325,0.1007067873196662,0.1552381516951462,0.757977405361488,0.9483388735608425,0.0513857211123201,0.4345318497762562,1.1206426434083825,0.1664080694964183,0.0044121962734903,47.0,40.4,6.6,146.0,89.2,56.8
500,XGBoost,SRS2821892,0.0022360345740401,0.7844170911599809,0.1069489723971037,0.1647356284375188,0.7046764497912953,0.8991595963356239,0.0476117615615942,0.3776928546188575,1.0654478733869177,0.1836829972718797,0.0052673995108132,41.0,40.6,1.2,154.0,99.2,54.8
500,XGBoost,SRS2821893,0.002772602191748,0.7502032159740655,0.1170618587908577,0.1763162875954679,1.209038703700171,1.5520711325186642,0.049096257846224,0.667789133095581,1.8136190410625697,0.2012325976361949,0.0091121114812906,45.0,36.6,8.4,92.0,71.8,20.2
500,XGBoost,SRS2821894,0.0028525139235776,0.7778169333940737,0.092432058925809,0.1283312861888934,0.8243507339343624,1.05887241410798,0.0510581969653448,0.3896314496426581,1.293727122830831,0.1548260205558125,0.0143507432473294,35.0,30.2,4.8,79.0,60.0,19.0
500,XGBoost,SRS2821901,0.0025221612567276,0.8287188646819839,0.104351209897591,0.1604614671289415,0.8375790779522857,0.9517121435210398,0.048221684944788,0.6160705946538039,1.1172138275989345,0.198790457570845,0.0089425891104789,37.0,33.4,3.6,117.0,66.4,50.6
500,XGBoost,SRS2821905,0.0030869952327698,0.7579329443476768,0.0996356406048208,0.1626674997042189,0.8914661099603725,0.998752395504544,0.081238776854168,0.7485353869732093,1.1027027851644455,0.1016845411997365,0.016638681266004,33.0,29.0,4.0,110.0,58.4,51.6
500,XGBoost,SRS2821908,0.0027047419614254,0.7657517142506259,0.0952143821171489,0.1649000572852517,0.876868701712549,0.9778868982980232,0.0688491094312697,0.7342020388298988,1.0876423573682872,0.1581220690870702,0.0086905594937071,35.0,29.2,5.8,111.0,58.4,52.6
500,XGBoost,SRS2821916,0.002245472095546,0.8258076557235349,0.0779292552679149,0.1252508952077517,0.8043563046510517,0.9525353031135576,0.055651863820627,0.679976159578326,0.99264366110055,0.0981329322137525,0.0106541625350275,27.0,26.6,0.8,85.0,54.4,30.6
500,XGBoost,SRS2821919,0.0019914577163386,0.8598781562349741,0.0893311666442267,0.1512861079532151,0.8221360380312882,1.0238481336988023,0.0383609556382896,0.5020369713157237,1.1896980039894247,0.1674152957686268,0.0068104002701626,42.0,37.0,5.0,124.0,76.2,47.8
500,XGBoost,SRS2821925,0.0017527148567806,0.7357995660627484,0.0554928812857222,0.0954777870116221,0.6548889701419254,0.8455388943742623,0.0428295492555914,0.6655423259528962,0.7079778670637497,0.0382575444408141,0.0104246454984321,24.0,25.0,3.4,66.0,52.2,13.8
500,XGBoost,SRS2821928,0.0026901792370085,0.7895074348507204,0.1146358160766363,0.1715954790535926,0.8373978603164357,1.07319817844512,0.0463151595807467,0.4894147230649494,1.2307376457985884,0.2189241091772436,0.0065538002869366,47.0,39.8,7.2,137.0,85.0,52.0
500,XGBoost,SRS2821931,0.0019253395834266,0.8516195517549822,0.0825000283636341,0.1452439335163142,0.8523260718863375,1.010031084648515,0.0460182812687454,0.5476314347132026,1.2083669373648105,0.1362602735678902,0.0037230375339366,32.0,34.6,2.6,140.0,74.4,65.6
500,XGBoost,SRS2821932,0.0025094973695026,0.8907443225289938,0.1101357958549829,0.1614926738525712,0.7778868949130207,0.9751336660811702,0.0563256333018681,0.4609442593621534,1.13624718509998,0.2200273730762244,0.0086873526363894,45.0,42.6,4.0,144.0,87.2,56.8
500,XGBoost,SRS2821946,0.0025306403289535,0.7861561658196166,0.0728735169779902,0.1036376557019131,0.7179216256577783,0.9617881694570144,0.0438258870063962,0.8162644506879249,0.6986473150202289,0.0881515958510575,0.0096585643581065,22.0,23.4,1.4,64.0,54.0,10.0
500,XGBoost,SRS2821968,0.003524549574827,0.6431344835891764,0.1286360335999662,0.1811958855220195,1.449128300179724,1.8394982283113896,0.0492674508123787,1.278859267378572,1.7452610622356832,0.1796219655039678,0.0189463039390537,44.0,37.6,6.4,70.0,66.6,4.6
500,XGBoost,SRS2821969,0.0027800287031783,0.6282647048777859,0.0971082016668158,0.1718882633261354,0.9241364863065942,1.0582624073825382,0.0838225986991775,0.7543558492074519,1.162554385268788,0.1311243537260204,0.0070944776924182,31.0,27.0,4.0,120.0,62.4,57.6
500,XGBoost,SRS2821970,0.0025528597589016,0.8585031049161405,0.1099532187440608,0.1612517520360571,0.6879296154755125,0.829518439666486,0.0458546574529171,0.3825535277054759,1.0277709419328187,0.2072615697735647,0.0052515035924555,50.0,43.0,7.0,158.0,94.4,63.6
500,XGBoost,SRS2821972,0.0024560261953849,0.8973923895856423,0.106179635147004,0.1623620709014231,0.6869998263652921,0.812790747216359,0.0527729881608758,0.437731790511587,0.975673093955684,0.2090092266229303,0.0055900467677364,46.0,41.0,5.0,141.0,87.0,54.0
500,XGBoost,SRS2821987,0.002986787629559,0.7941093922865636,0.1053292539887787,0.1572967205278554,0.8590023896720016,0.9665874392866388,0.0513584685332308,0.6946186327580719,1.089231675207372,0.1912513645119116,0.0111972913093116,33.0,31.0,2.0,115.0,60.8,54.2
500,XGBoost,SRS2821991,0.0025868412799724,0.8297449082415629,0.0937435955448251,0.1561033102973346,0.8871259271047277,1.0352685960783266,0.0582119539047236,0.666494494375602,1.170022501771817,0.1598113113925053,0.0048551451923899,33.0,33.2,2.2,125.0,67.8,57.2
500,XGBoost,SRS2822000,0.0025614933113446,0.8580857563290685,0.1061229874523512,0.158021294341034,0.7647843712379038,0.914462269639777,0.0528741892783988,0.4697593881765287,1.1024826423754654,0.2006631362089281,0.007350402959001,42.0,38.6,3.4,139.0,83.2,55.8
500,XGBoost,SRS2822019,0.0025983099597893,0.833207920821855,0.1007921306258801,0.1536414555999828,0.8258622786126706,0.9929023810453848,0.0506984533539549,0.5352852867604965,1.1660426471127583,0.1783593357989097,0.0086882930470575,40.0,37.0,4.2,128.0,71.4,56.6
500,XGBoost,SRS2822023,0.0025180660881511,0.8432438310153788,0.0940770938660508,0.1502289814151612,0.8228368559934175,0.9343651262379884,0.0379863375530748,0.6762884252031256,1.034723295755762,0.1748312296919615,0.0069750807030741,35.0,30.6,4.4,93.0,56.4,36.6
500,XGBoost,SRS2822025,0.0024297329453275,0.8356438204838472,0.0940124992068078,0.1427271086360053,0.8441156745915199,0.9642268942190548,0.0462334459650807,0.6567197173365544,1.0940023525380536,0.1791809705759785,0.0080536533868836,35.0,31.6,3.4,89.0,55.6,33.4
500,XGBoost,SRS2822026,0.0026777988182622,0.8556833918627984,0.0801810508680368,0.1208894947432988,0.7116194429754285,0.8400795694874933,0.0425712517164003,0.5845276773202672,0.8941870632199619,0.1021053367914617,0.0058590061050783,30.0,27.6,2.4,78.0,53.8,24.2
500,XGBoost,SRS2822053,0.0025000265364918,0.8401196671177711,0.0814454562804614,0.1296938377197493,0.8411845212164643,1.012005427983042,0.041249326843709,0.6614690776672918,1.0843870258735624,0.1186937472864832,0.0089541430619837,26.0,24.8,1.6,87.0,55.0,32.0
500,XGBoost,SRS2822060,0.0022226396164049,0.7158710604691767,0.0908871052928719,0.1591832946011652,0.9087109569320646,1.0667605444547448,0.0617380394985744,0.6574222839011803,1.2209751825395936,0.1697044169957934,0.0166188913061746,36.0,29.6,6.4,110.0,60.8,49.2
500,XGBoost,SRS2822063,0.0025519415288658,0.7126563903584635,0.0921292411221639,0.1538236606255334,0.8415682396349876,1.011096813186579,0.053201949333999,0.6057002429805507,1.1339911797335596,0.1683298888308807,0.0191004407334866,36.0,31.8,4.2,107.0,62.8,44.2
500,XGBoost,SRS2822068,0.0024384011631197,0.8622190920502708,0.0899599730306067,0.1532872094152046,0.8872009185254687,1.012321867425411,0.0420201441514736,0.6712903733637546,1.167524951716786,0.2122593063740963,0.0090894033674494,35.0,34.6,1.2,132.0,69.6,62.4
500,XGBoost,SRS2822077,0.0021702907270674,0.8620590564525937,0.0707693670409136,0.1189269868578862,0.7686256999238295,0.9203864517650236,0.0406276010624581,0.7297622034048399,0.8780305336904641,0.1203782868121703,0.0082365448353425,29.0,24.6,4.4,79.0,54.0,25.0
500,XGBoost,SRS2822080,0.002929129259452,0.6515612970215098,0.1148013070245146,0.1875242245227324,0.8573128285389158,1.0424432371675267,0.0643338557172819,0.50115995545082,1.2581801842769014,0.1986344399926548,0.0153833303863779,36.0,32.6,3.4,129.0,74.8,54.2
500,XGBoost,SRS2822089,0.0026910208662618,0.8425344935963345,0.1116952749692341,0.1743164780861121,0.7462045239504651,0.8710411206912347,0.0442896252647569,0.4748615656270124,1.061621775381865,0.2766314555335875,0.0110601412811601,47.0,39.4,7.6,153.0,86.6,66.4
500,XGBoost,SRS2822111,0.0022134154609932,0.7809888229274673,0.0781930149647718,0.130164271001515,0.8566439491457473,1.011525399989181,0.0335150553644203,0.6503162051300737,1.126108818727984,0.1189572480925441,0.0065633341175464,30.0,29.8,2.2,91.0,54.8,36.2
500,XGBoost,SRS2822116,0.0028662095725999,0.7964469361372695,0.0999859396208358,0.1511505818784181,0.7970149911338833,0.9352554075197232,0.0489510136415084,0.5664170643728994,1.0805818837177656,0.1747111144305083,0.0097292429726586,33.0,29.2,3.8,88.0,58.0,30.0
500,XGBoost,SRS2822120,0.0024734524951955,0.889818934320964,0.1032029559241692,0.1552245883645709,0.7144101879829556,0.8672427804037257,0.0487194201153153,0.385668527538357,1.0776427019432988,0.2083942097601971,0.0086294967124255,45.0,40.0,5.0,151.0,90.6,60.4
500,XGBoost,SRS2822122,0.0023357160134606,0.8323919518420378,0.0946067345919623,0.1525608411712872,0.910258312380486,1.1259914034872622,0.0428806211037329,0.5717467549106914,1.3029057733108351,0.1303740585669071,0.0034397820078531,36.0,34.8,2.0,128.0,73.6,54.4
500,XGBoost,SRS2822125,0.0024399030042019,0.7546550533948289,0.0867539828580787,0.1505397108349414,0.8461618601550926,0.9765571627689116,0.047970739266154,0.6869236785360806,1.070804673352916,0.1126279696623423,0.0089986943470336,27.0,24.8,2.2,96.0,57.2,38.8
500,XGBoost,SRS2822129,0.0025504195289852,0.8065461458811652,0.116931464840957,0.1747353337113219,0.6345255919833225,0.8457593133954964,0.0341054118860809,0.2822385892568914,1.012212053810703,0.1961836549441432,0.0085201493669812,51.0,45.6,5.4,156.0,105.0,51.0
500,XGBoost,SRS2822133,0.0025448278312345,0.8133536370241377,0.1242304308573439,0.1860531459764437,0.6425631771561072,0.9232716456159384,0.0471017806799483,0.2446535791598695,1.0606946127920218,0.1112558224318431,0.0025766001091046,48.0,47.0,2.6,149.0,111.4,37.6
500,XGBoost,SRS2822136,0.0027683052712604,0.7537672572886878,0.0848648517421555,0.1257848987268034,0.6575862948101256,0.8287719167311508,0.0421512423128289,0.5681686526673425,0.8008482388002213,0.0820746396219998,0.0076260478548264,26.0,23.8,2.2,68.0,55.4,12.6
500,XGBoost,SRS2822149,0.002617378719052,0.8112494968338725,0.0995717550571907,0.1569731873105051,0.8407428076538451,0.9735540024582544,0.0542075173626428,0.6037286838955686,1.1340071295611611,0.170704238132087,0.0097221616699698,38.0,34.8,4.0,130.0,71.2,58.8
500,XGBoost,SRS2822153,0.0025757198113018,0.8761467319207272,0.1071558782223911,0.1575150863879736,0.7192303086376018,0.8487773999967757,0.0410775969966663,0.4132625433990132,1.0632957455551706,0.2287535781510587,0.0087492559744756,44.0,40.2,3.8,158.0,92.8,65.2
500,XGBoost,SRS2822168,0.002859766698517,0.7639027105434764,0.095102698790078,0.1517082511103318,0.8207295984525969,0.9746035610610287,0.0527326173614703,0.664552882798137,1.0395335853722272,0.126308680280338,0.0158105656337165,33.0,28.8,4.6,90.0,57.4,32.6
500,XGBoost,SRS2822180,0.0028784579805386,0.769007005276096,0.0905486828134314,0.1399634932026909,0.814496724761522,0.9375378064018036,0.0611922355889196,0.6857927588516789,1.0071361773045608,0.1401178509146285,0.0221236052342014,32.0,26.4,5.6,93.0,56.2,36.8
500,XGBoost,SRS2822183,0.0023353517895103,0.8655604411493453,0.1101005523857044,0.1644404595663412,0.7415211600491718,0.9136773541076088,0.0482983168370584,0.3605445809242961,1.1544599551829773,0.1924865416175181,0.0052444789971863,49.0,42.8,6.2,167.0,95.8,71.2
500,XGBoost,SRS2822185,0.0027450701499961,0.864716963732868,0.1205838476686523,0.1697605393066085,0.6954338409831421,0.8314921707932912,0.0504625833408664,0.3890615547826903,1.0364658644177964,0.2406349475790069,0.0097409710119903,49.0,41.4,7.6,156.0,91.8,64.2
500,XGBoost,SRS2822218,0.0022294358233746,0.8115146054757416,0.0712307677594166,0.118208980420435,0.7480400017783204,0.8946026459810807,0.0346188310041355,0.714818625521533,0.8508881286549987,0.1202958347868213,0.0116647283935487,29.0,23.4,5.6,84.0,54.8,29.2
500,XGBoost,SRS2822220,0.0033120657709403,0.6614308188834845,0.1298108186505409,0.1797417548705772,1.3322934105923836,1.730565718335605,0.0541465490802077,1.13921517871147,1.6364416596796467,0.1512394979670058,0.0117510058919904,37.0,33.8,3.2,69.0,67.6,3.8
500,XGBoost,SRS2822230,0.0029395130120032,0.6061574144419637,0.1255803306897084,0.2030350813888083,0.8029929115564098,1.044605899739937,0.0453387374417596,0.4052131013312416,1.2376102550930996,0.238097417648518,0.0150733896939509,42.0,36.2,5.8,129.0,89.2,39.8
500,XGBoost,SRS2822236,0.0030639785647619,0.8009355030121575,0.0961635625869421,0.1368003030947515,0.7543307550980576,0.9208237506971082,0.0468669208960005,0.7172589431164065,0.8600253725038447,0.1197313306540883,0.009264136463382,27.0,25.2,2.2,84.0,54.2,29.8
500,XGBoost,SRS2822240,0.0028033193518633,0.8403027435707751,0.0763454887813726,0.1083672885234333,0.6749347257258517,0.8373735248933363,0.0503939366078763,0.6804946711548151,0.7338732806835828,0.0971489307274224,0.0162172514926478,23.0,24.8,1.8,67.0,52.6,14.4
500,XGBoost,SRS2822243,0.0023865471662856,0.6487738818169285,0.0975623175743417,0.162530332123467,1.199913044208375,1.5218066878900505,0.0501260863900675,0.7298009891961168,1.7395981207677091,0.1880487470151298,0.0098636194248167,43.0,32.6,10.4,94.0,67.6,26.4
500,XGBoost,SRS2822253,0.0022001013255762,0.8721806486395621,0.0949267111378949,0.1500319133638671,0.7618311198848946,0.8950169010002321,0.0371577215030862,0.4890582078872327,1.080861561984871,0.195341503242131,0.0066214045154758,42.0,40.6,1.8,140.0,79.6,60.4
500,XGBoost,SRS2822256,0.0024723773472643,0.8087334812763798,0.0944471088526779,0.1556201258165276,0.8624778946350589,1.0250849176442651,0.0451245914304561,0.5852695563538058,1.1949766623966545,0.149473314098431,0.0066295249782077,35.0,35.0,2.4,114.0,66.6,47.4
500,XGBoost,SRS2822262,0.0030160430860941,0.8109958503824662,0.0926024813891237,0.1340348327057406,0.8133896171481181,0.9686883650128996,0.061311472020301,0.7612174881502054,0.937205669056966,0.1034803182747896,0.0056638702969667,27.0,25.4,2.4,89.0,53.6,35.4
500,XGBoost,SRS2822268,0.0026331439107845,0.7226497345007016,0.0925523801604795,0.1556695769416129,0.8148891689304097,0.981754854295794,0.0478853621555614,0.5874166358023721,1.0975893127467036,0.1922929759744543,0.0136158953013485,33.0,28.4,4.6,100.0,62.8,37.2
500,XGBoost,SRS2822269,0.0024591232727988,0.7244082135968203,0.0897436262066126,0.1513118930610373,0.8323210269674949,0.9727284286041809,0.0471321303368876,0.6060049712278693,1.1158445388613152,0.1761960280595612,0.0090952150328925,29.0,27.2,2.2,102.0,61.2,40.8
500,XGBoost,SRS2822275,0.0024579576213374,0.7159826877566596,0.0898748282625434,0.1458889000546503,0.9887415818937948,1.2346510214239843,0.058731081998629,0.6692765994374035,1.3707033495998242,0.1747229186116944,0.009310345962388,31.0,27.6,3.4,87.0,58.6,28.4
500,XGBoost,SRS2822279,0.0022309057615862,0.86189746461034,0.0983424700572403,0.1566077195676608,0.836859503830415,0.9875426290096592,0.0495781976016711,0.5133961051852102,1.207800326086533,0.2271008426541084,0.0068384477065615,41.0,39.2,2.6,162.0,84.2,77.8
500,XGBoost,SRS2822280,0.0021628246074587,0.8424143626527325,0.1014866629988047,0.1658900652167663,0.9328508613038128,1.09926595678177,0.0450470266457346,0.6645716587427335,1.2645459710874198,0.2226674465615309,0.0049469578363452,44.0,40.6,3.4,149.0,73.4,75.6
500,XGBoost,SRS2822298,0.0022436253977792,0.7502230383073918,0.0892035543099739,0.1472162144489933,0.9842130283244992,1.1660448177480691,0.0482440072496684,0.6974852006172699,1.3373986159827431,0.1699464270959845,0.0069326203989049,35.0,30.6,4.4,101.0,58.0,43.0
1000,Random Forest,SRS2821816,0.0021590466001902,0.7110602483745934,0.0833511536700836,0.1337474663796268,0.7234364885642841,0.8589711062948735,0.0424130142130446,0.4967476215447045,0.9966320476729312,0.1476413619465106,0.0070774728822705,52.0,46.8,5.2,117.0,77.4,39.6
1000,Random Forest,SRS2821824,0.0018910954502757,0.8809205096122937,0.0830933072997005,0.1297941109451075,0.7136565801769732,0.9039504888054122,0.0342116982535743,0.2966994716976942,1.1574825158591937,0.1773584514333573,0.0057391908804175,61.0,52.6,8.4,162.0,101.8,60.2
1000,Random Forest,SRS2821835,0.0018225903446756,0.8243599870602942,0.0591709227189249,0.0926238475914511,0.6677700042682975,0.8546453140993885,0.0334539602560115,0.5445366744059124,0.8433188875476016,0.0857743477115039,0.0089206221799749,40.0,35.4,4.6,74.0,59.0,15.0
1000,Random Forest,SRS2821843,0.001726070792401,0.8739714643725469,0.0755685822400263,0.1240993875238325,0.6294866620883124,0.8078577823133093,0.0367771895137222,0.2668021853873999,1.0157170045085775,0.1402016263582054,0.0045233811736459,58.0,54.6,3.4,142.0,98.2,43.8
1000,Random Forest,SRS2821844,0.0020065602088857,0.8519268061130809,0.0971251462304443,0.1402527268424988,0.991890929437915,1.498123141407984,0.0466585703140301,0.1754601305834331,1.8215061399735168,0.1060982992271118,0.0040691938674739,71.0,62.2,8.8,118.0,106.4,11.6
1000,Random Forest,SRS2821854,0.0019953024157872,0.8138648496714351,0.0984698127253065,0.1474347312752544,1.1956629694756864,1.6250139284628926,0.046618201571414,0.57916916381596,1.8666698657588705,0.1372483383290829,0.0049394057826515,62.0,56.8,5.2,111.0,92.0,19.0
1000,Random Forest,SRS2821860,0.0018490129585171,0.8272571386429652,0.0691058817242591,0.122227694314227,0.8503645213920722,1.0140254103930826,0.0408751318965718,0.6183731075434132,1.1414699012518252,0.1287828791484612,0.0060280449166131,50.0,46.8,3.2,127.0,73.4,53.6
1000,Random Forest,SRS2821870,0.0016677878440529,0.8398972581875878,0.0781348742170519,0.1239068438472934,0.6820930766091061,0.8562093283595227,0.036277414359726,0.305204112138237,1.0865099707738388,0.100911133730638,0.0033460707441071,59.0,54.8,4.2,131.0,89.0,42.0
1000,Random Forest,SRS2821871,0.0022773976867136,0.8623888772789904,0.0953834701905187,0.1331568108235077,0.593537108456698,0.7814298962381928,0.0389528785382631,0.2289685193600608,0.9775561174799762,0.0920115671266044,0.0049771706082384,59.0,56.6,3.2,136.0,99.0,37.0
1000,Random Forest,SRS2821875,0.0020480561322237,0.8725617601897648,0.0833799018349858,0.1311735524258562,0.717874415299782,0.9283859424333182,0.0424364317611553,0.3462404407957135,1.1206064379727425,0.1215664835034839,0.0035560894267655,56.0,50.0,6.0,139.0,89.0,50.0
1000,Random Forest,SRS2821881,0.0016510935139655,0.8293293692959323,0.0525943561325066,0.0815422153889011,0.6049165042464429,0.7999441459872582,0.037673479534371,0.6459934295876557,0.626108550170527,0.0582118988320342,0.0054322818653686,32.0,29.0,3.0,70.0,54.0,16.0
1000,Random Forest,SRS2821890,0.0015803227665826,0.8639207083327743,0.073903964036366,0.1284052329527646,0.6563927251284379,0.8719259480726042,0.032107467201334,0.2791199020293204,1.0589502856508928,0.1552179119424053,0.0064424281637316,64.0,54.6,9.4,146.0,102.4,43.6
1000,Random Forest,SRS2821892,0.0018347501356329,0.8237160396375798,0.0881996577960658,0.1420053754677969,0.6171292328996386,0.8617851351126641,0.044846269359946,0.2389704001445656,1.0151590396720347,0.1382056662147919,0.003257223448668,69.0,56.2,12.8,154.0,115.4,38.6
1000,Random Forest,SRS2821893,0.0022911852735185,0.7854670640784115,0.0909013092962116,0.136660784012633,1.0681244165131911,1.44319461460212,0.0450843171601061,0.5254528969859579,1.659967522951732,0.1157892986323262,0.0063808628373416,62.0,51.8,10.2,92.0,79.6,12.4
1000,Random Forest,SRS2821894,0.0021688775445302,0.8071557343039804,0.0759752476929381,0.1124312927595554,0.6794009900010399,0.8670119859687281,0.0420436082503178,0.4345783675223424,0.9644043358697874,0.0945188832839253,0.0052900533255876,42.0,40.4,2.0,79.0,61.6,17.4
1000,Random Forest,SRS2821901,0.0021767004418978,0.8265968981691542,0.0809939131533884,0.1294600615216999,0.8034263117081382,0.9544614067135822,0.0462886745388519,0.5423256739177604,1.1153023903798214,0.145978391648183,0.0061253325549406,48.0,45.6,3.2,117.0,76.0,41.0
1000,Random Forest,SRS2821905,0.0020560668252741,0.7625896234814686,0.0666422210639536,0.1347667602666652,0.8458291881168304,0.9861201161770236,0.0442440797920494,0.6503021632354722,1.1033936546105074,0.1437370606596603,0.0112559699937427,46.0,39.4,6.6,110.0,68.4,41.6
1000,Random Forest,SRS2821908,0.0017532710751748,0.7729752122814745,0.0683717108784844,0.1359362695195268,0.871345730363803,1.0041921807842145,0.0511017549128507,0.7126678780436224,1.0977429496186295,0.1670502054259216,0.0133096299566623,46.0,37.4,8.6,111.0,65.6,45.4
1000,Random Forest,SRS2821916,0.0020725455395842,0.8326515784846695,0.0609398132416703,0.1038383633125935,0.7369859562630265,0.9098678545988428,0.0407528304463031,0.5682662992639985,0.959703054952055,0.0943669225715432,0.0155448495936733,37.0,35.0,2.8,85.0,60.6,24.4
1000,Random Forest,SRS2821919,0.0016652509112607,0.8730707668633432,0.0697818085261323,0.1215938750254529,0.78680665467761,0.9653316744601508,0.0288410118703344,0.4643468932510825,1.153845758292718,0.1226299009732621,0.0046223585398053,55.0,49.2,5.8,124.0,81.4,42.6
1000,Random Forest,SRS2821925,0.0015549190084926,0.7335875453309444,0.0463765230263263,0.0822702701690091,0.6240703003160325,0.8113857025445318,0.0375675345377887,0.726282265419962,0.5923566934913806,0.0255000255465444,0.0055522040857542,31.0,29.6,1.4,66.0,49.8,16.2
1000,Random Forest,SRS2821928,0.0015464780664413,0.8318085116456764,0.0766389618930487,0.1291680625463287,0.6966775720989747,1.0102621728983985,0.0281272132662739,0.2406459111725174,1.1744631154882756,0.1218535455569843,0.0044778622344627,62.0,55.8,6.2,137.0,104.2,32.8
1000,Random Forest,SRS2821931,0.0018494660723229,0.8640281953943345,0.0698786683642268,0.1169418269838697,0.7255888412023946,0.9243994367220496,0.0501108415380365,0.3394236634398588,1.1413687172698417,0.0703025195719596,0.0023903703062112,50.0,49.0,2.2,140.0,91.0,49.0
1000,Random Forest,SRS2821932,0.0017179677536485,0.9038936883152544,0.0746921209105165,0.1205343030247268,0.6819872620316951,0.8831490726413216,0.031682922615852,0.3118625190349229,1.0807918062367186,0.1294069294065321,0.0046520987810612,60.0,56.4,3.6,144.0,95.8,48.2
1000,Random Forest,SRS2821946,0.0017841926383173,0.7820463333704589,0.0511927998624993,0.0807490944305207,0.6069409432310906,0.8521490978425575,0.0314544287456295,0.764522695713068,0.5243976747694021,0.0553730313873122,0.006714768640657,33.0,31.6,1.8,64.0,53.8,10.2
1000,Random Forest,SRS2821968,0.0023536170363143,0.6522552077234554,0.0914853341597083,0.1388115998072545,1.221220431605335,1.6493480253189898,0.0443890623887483,1.2310393551708692,1.3328696482458446,0.1447465184882218,0.0144708783945727,53.0,50.4,2.6,70.0,68.8,2.8
1000,Random Forest,SRS2821969,0.0016966424894941,0.6553729880977265,0.0648529494447559,0.1336939164684622,0.8785128441461918,1.029259594408019,0.0441667191968959,0.7054823441270088,1.1192370695519216,0.1626127397809714,0.0116600886652814,40.0,37.6,2.8,120.0,66.6,53.4
1000,Random Forest,SRS2821970,0.0020923949694983,0.8744595222300718,0.0951893162489029,0.1375536856113974,0.5780661254667686,0.7527811446290045,0.0389980444307783,0.2222963229953639,0.9525987438542336,0.1431844170324772,0.0042763387780915,62.0,58.2,3.8,158.0,111.0,47.0
1000,Random Forest,SRS2821972,0.0019277637404762,0.8993079040616785,0.0852048282654474,0.1284854380889675,0.6161387704477235,0.7693593163729056,0.0392466444146408,0.2925901322336188,0.9656202066275504,0.1352602733927146,0.004426754350306,61.0,56.8,4.2,141.0,95.8,45.2
1000,Random Forest,SRS2821987,0.0020794175125751,0.792874978591783,0.0783050509703227,0.130295588662067,0.843713851691089,0.9957174041486156,0.0463791290614883,0.6446581193261807,1.1040107405397848,0.1553672008498748,0.0059993046665091,44.0,38.4,5.6,115.0,65.4,49.6
1000,Random Forest,SRS2821991,0.0019111288902911,0.8427028390473948,0.0737101341780837,0.1230237278004143,0.7862208102763045,0.9624635431074876,0.0436778621484327,0.5054663605771121,1.1142449487910309,0.0904613319687509,0.0013000114582749,49.0,48.8,1.4,125.0,78.8,46.2
1000,Random Forest,SRS2822000,0.0017934561169054,0.8875165526816822,0.0765035939022623,0.1213405070817817,0.6044512216304857,0.805450082707041,0.0347839365085915,0.2306665183806766,0.998286897827831,0.1555970277818622,0.0064701872343083,61.0,52.0,9.0,139.0,104.2,34.8
1000,Random Forest,SRS2822019,0.0018032531733773,0.8565352000678039,0.0752444827263873,0.1247075210644942,0.7556591670877353,0.9546567655342304,0.0349792580983114,0.4286818147941605,1.1229367810903337,0.1058675820155396,0.0034093036112656,52.0,50.4,2.0,128.0,83.6,44.4
1000,Random Forest,SRS2822023,0.0018881308810887,0.8741652063923663,0.0714498371734984,0.1130349161873777,0.7773385696228926,0.9142227130139065,0.0293368699627461,0.614172056609273,1.000370101742062,0.1300851308882505,0.0048726185269702,47.0,41.0,6.0,93.0,63.6,29.4
1000,Random Forest,SRS2822025,0.0018767206392403,0.8417094273443512,0.0735522908326962,0.1217377059236904,0.7732498151319817,0.9342508041093334,0.0287969712653612,0.4894131350010399,1.104236181314607,0.1227567644081709,0.0056658850823819,47.0,42.8,5.4,89.0,67.4,21.6
1000,Random Forest,SRS2822026,0.0022408897098212,0.8630050975295873,0.0714294841823416,0.10376392402488,0.6730163597180846,0.8236275880276465,0.0469107722176428,0.5963872932413908,0.8058910543310678,0.1025796324838715,0.007703534053491,36.0,36.4,1.6,78.0,58.2,19.8
1000,Random Forest,SRS2822053,0.0014136579069178,0.8470923130005902,0.0555027744706354,0.1044037552286329,0.743014181089406,0.9057661260681822,0.0376470147993558,0.738334668562563,0.8194176266786245,0.0712265390585705,0.0021869903706918,36.0,32.0,4.0,87.0,60.0,27.0
1000,Random Forest,SRS2822060,0.0017945695876176,0.710384214220384,0.0687021279936071,0.132431331293216,0.8128074173511222,1.0066411590402364,0.0402229530476309,0.4956655503115609,1.1765693927720304,0.1318177806200183,0.0100657860394901,44.0,43.4,2.2,110.0,75.0,35.0
1000,Random Forest,SRS2822063,0.0021689494010653,0.7862454018193701,0.0746800528509891,0.1302307123851389,0.7766974327343881,0.9306450556656284,0.0482354702235474,0.580562598883031,1.0273224451099443,0.1787226565032358,0.0212685311340007,44.0,40.2,3.8,107.0,69.4,37.6
1000,Random Forest,SRS2822068,0.0019046502863176,0.8769181288698883,0.0741200363475998,0.1286177994122617,0.8118147378003744,0.9761655311214292,0.0381947234475043,0.5344857101061813,1.139945205073802,0.1451069926977299,0.0050410468671192,51.0,46.8,4.6,132.0,78.2,53.8
1000,Random Forest,SRS2822077,0.0015570573620186,0.8658880481563154,0.0548241924227152,0.0963778848046401,0.7425610429655951,0.9343115967122956,0.029969581442725,0.716157928941141,0.8392039090961863,0.0729914586321125,0.005357903984396,32.0,32.6,1.0,79.0,55.4,23.6
1000,Random Forest,SRS2822080,0.0017757098731311,0.7071251200697477,0.0736071811144592,0.1443988164539085,0.7456505529309023,0.9812169610113748,0.0338547606031598,0.335143951218673,1.1869977804541685,0.1155545076494678,0.0110057628478063,52.0,47.6,5.6,129.0,89.8,39.2
1000,Random Forest,SRS2822089,0.0015764598076802,0.8887128498386859,0.0747519134281228,0.1211489858324957,0.5214260381721567,0.7032982192419344,0.0348786455947686,0.2002698550503183,0.8595120301359017,0.1334351592477884,0.0045345984549153,64.0,55.6,8.4,153.0,113.8,39.2
1000,Random Forest,SRS2822111,0.0016848492852915,0.7939447924345755,0.0594713506958557,0.1060941037825717,0.7873976540119966,0.9563943928035508,0.0393073555883347,0.627349933291252,1.0076387094582366,0.1105923675245948,0.0073601724285287,41.0,39.8,3.2,91.0,59.8,31.2
1000,Random Forest,SRS2822116,0.0021658571032475,0.8035861308843136,0.0708426502461946,0.1141269269805806,0.7348626550996297,0.8789750811443184,0.0317308543428299,0.5593118131177202,0.9644178471923548,0.1406702015192394,0.0143848573234332,45.0,41.0,4.0,88.0,62.4,25.6
1000,Random Forest,SRS2822120,0.0016331392923244,0.903946247433345,0.073870484063505,0.1213340303580871,0.6328301379665306,0.8169895290515001,0.0364812847835077,0.2420391578281738,1.0446624751881994,0.1431711369717788,0.0048241093193328,64.0,54.0,10.0,151.0,101.6,49.4
1000,Random Forest,SRS2822122,0.0018932571384832,0.8495673362712532,0.0758838193121784,0.1272350494168677,0.8613516433746419,1.0569316325479003,0.0358437844339335,0.5710268489216818,1.206458956239734,0.1531331774206958,0.0071425610922329,51.0,44.0,7.0,128.0,78.2,49.8
1000,Random Forest,SRS2822125,0.0020412604004345,0.7689780856769663,0.0697299704083654,0.1212792820684093,0.7808628907730497,0.9359017855885672,0.0452099655467386,0.575507823985075,1.040500415511405,0.1344564271544377,0.011546713520908,40.0,36.0,4.0,96.0,64.4,31.6
1000,Random Forest,SRS2822129,0.0020959657590817,0.8369733135712132,0.0957685778965979,0.1478411744619015,0.572088133577153,0.8056998332310673,0.0421170280030201,0.193508143445021,0.9661648520616156,0.1605241282021704,0.0073176223337567,71.0,60.8,10.2,156.0,115.4,40.6
1000,Random Forest,SRS2822133,0.0019109285196218,0.8271020937717081,0.0928454747699526,0.1475604276904229,0.5968362698213784,0.8206236507743145,0.0358434355356865,0.1813155349102677,1.0272478495503594,0.1018377643878359,0.004699723298999,70.0,61.0,9.0,149.0,110.2,38.8
1000,Random Forest,SRS2822136,0.0019190134985069,0.7792363374649705,0.0571659063117718,0.0927144317637247,0.5971885929868213,0.8201960954724026,0.0331574286889273,0.5867902910183574,0.6642579753512111,0.058432097046786,0.0058404065092839,32.0,31.4,2.6,68.0,59.0,9.0
1000,Random Forest,SRS2822149,0.002145211218557,0.8257046073170615,0.0757598478997768,0.1335946726190509,0.8211139101131041,0.9855851243717324,0.0363922868770158,0.5492282513375477,1.1454945888728092,0.1606422105924532,0.0112271029640227,51.0,46.8,4.2,130.0,78.4,51.6
1000,Random Forest,SRS2822153,0.0019956391352822,0.9042763022548276,0.082428323170471,0.1275251194007068,0.6574070195838926,0.8102576912913249,0.0310930868466591,0.2978471062587805,1.0442724624551274,0.1758358773083853,0.005994245943673,63.0,54.6,8.4,158.0,101.2,56.8
1000,Random Forest,SRS2822168,0.0018781214735352,0.7939728559659471,0.0668377657378744,0.118565802044125,0.7587416849937435,0.9150494659777296,0.0479890005252143,0.5771154272858284,0.9945304903228236,0.1297908595035795,0.01601902774021,42.0,36.2,5.8,90.0,63.2,26.8
1000,Random Forest,SRS2822180,0.002131711554007,0.7914018546195647,0.0657794836794306,0.1128766836835074,0.7429751427839812,0.8952805289014396,0.0513826436037146,0.5825099160323363,0.9578077281306818,0.1129691377826465,0.0159447746768685,38.0,35.6,2.4,93.0,61.6,31.4
1000,Random Forest,SRS2822183,0.0018291001499737,0.8832949019602152,0.0858077414945185,0.130219460543714,0.6426954277842343,0.8255697756186846,0.0405353631737279,0.2345712631245985,1.0706815349585264,0.1544117682701797,0.0031890244370883,63.0,58.8,4.2,167.0,108.6,58.4
1000,Random Forest,SRS2822185,0.0021160824577261,0.878355370603708,0.0945874062156673,0.1360397530371117,0.5856174625273896,0.7477970129752378,0.0430583856284065,0.2143349777642033,0.9744321968792796,0.1754307571156275,0.0068170675246308,61.0,56.8,4.6,156.0,105.4,50.6
1000,Random Forest,SRS2822218,0.0020886637718518,0.8150196042870249,0.0669169727307632,0.1045892837491955,0.691054653797349,0.8810004059805749,0.039944928630852,0.6933898561245396,0.7556075149143943,0.0724314137870898,0.0091809526100854,31.0,31.4,1.2,84.0,57.4,26.6
1000,Random Forest,SRS2822220,0.0022749989210759,0.6645526547376124,0.0881950651616213,0.1405635410854614,1.0480909495683823,1.473861985020586,0.0379674874757447,1.063554019736351,1.137609177978271,0.0552852653736778,0.004116742695819,50.0,46.2,3.8,69.0,73.0,4.4
1000,Random Forest,SRS2822230,0.0017945221189434,0.6636967181518794,0.0903440488902409,0.161540840815595,0.7080934491786229,0.9756953304071846,0.0408260577394409,0.2798642198821148,1.160791151765326,0.1397131973390103,0.0059798067933847,61.0,51.0,10.0,129.0,99.0,30.0
1000,Random Forest,SRS2822236,0.001861793083957,0.8181690916834375,0.0605009789148477,0.0987280521541476,0.6817734879912131,0.8660825417659079,0.0313881141245214,0.5781805598416989,0.8413372964109893,0.0739400289051598,0.0048143043169581,34.0,31.8,2.6,84.0,59.6,24.4
1000,Random Forest,SRS2822240,0.0015899769391086,0.83702749694369,0.0490568068378809,0.0784116789698659,0.6332655185481781,0.8177115642431602,0.036065397080992,0.7204216873608031,0.6161615684256123,0.0384915809903249,0.0063423350258202,31.0,30.6,0.8,67.0,52.4,14.6
1000,Random Forest,SRS2822243,0.0023215618608219,0.7125785369141876,0.0871395452446824,0.1384670985200905,1.0608975852896336,1.395549594480443,0.0475599243219078,0.6288124758742593,1.5524809873835952,0.1313932896373603,0.0079270014737284,59.0,46.4,12.6,94.0,73.8,20.2
1000,Random Forest,SRS2822253,0.0017492889464651,0.8906285716001234,0.0724910132566416,0.1177108022494175,0.6423496108424501,0.8166900288131993,0.0307410097224908,0.2838034435431185,1.026799806800586,0.1154687033040105,0.0038938375265948,55.0,52.8,2.6,140.0,95.2,44.8
1000,Random Forest,SRS2822256,0.0021141398803089,0.8170839163008706,0.0801495999365278,0.1295437508551032,0.8545087855888178,1.0225409377089192,0.037055184769519,0.6130262747599196,1.1549489670466544,0.1293397593728912,0.011583657304357,55.0,48.6,6.4,114.0,72.0,42.0
1000,Random Forest,SRS2822262,0.0016217169415652,0.8065968039560593,0.0596124859730029,0.1113848018008993,0.7663096603126258,0.9751436997859172,0.0338317900523319,0.6960618963433619,0.9043447579967194,0.1041586129683802,0.004273617785243,36.0,31.6,4.4,89.0,59.0,30.0
1000,Random Forest,SRS2822268,0.0022306705065075,0.7304971602339156,0.0773826015534673,0.1298403486804843,0.7120995412050954,0.901162950877414,0.0437496804928699,0.4405668620513979,1.02425130193565,0.1093670203843538,0.0088840525632599,43.0,40.4,3.0,100.0,72.0,28.0
1000,Random Forest,SRS2822269,0.0018666923541979,0.789170463883709,0.0683264463352682,0.1212913120156161,0.7638367570697728,0.914441998552687,0.0403679231743878,0.5199468977626388,1.0568173775552316,0.1317254751941117,0.0051160800699091,45.0,39.4,5.6,102.0,67.8,34.2
1000,Random Forest,SRS2822275,0.0020340687245696,0.7433376313750412,0.0722532243460432,0.121007958925615,0.8740782586753874,1.1603076032139237,0.0325935970196693,0.5415276688946374,1.2587244621126303,0.1436666861721623,0.0096888661721007,46.0,35.4,10.6,87.0,65.8,21.2
1000,Random Forest,SRS2822279,0.0015781525979752,0.8765364819786822,0.0706497919631678,0.1195315773190225,0.6335112953204006,0.8051267174903171,0.0365629880919379,0.246621960870264,1.0419027293462713,0.1346550248185379,0.0041943494738076,60.0,53.6,6.4,162.0,104.4,57.6
1000,Random Forest,SRS2822280,0.0020286046508641,0.8654318773591022,0.0873903656273221,0.1374743949671956,0.7187153993860661,0.9575570399183742,0.0407863829954031,0.2997211447293566,1.1642147871336526,0.1340129904383084,0.0034717782455616,60.0,55.4,4.6,149.0,99.4,49.6
1000,Random Forest,SRS2822298,0.0020921208163184,0.7579806015834925,0.0743663467565944,0.1291643634344676,0.8920571481899021,1.090515860516176,0.0372140262503416,0.5976416068060055,1.2438392923078427,0.1394167664347289,0.007845453358993,44.0,40.6,3.4,101.0,69.2,31.8
1000,Raw shallow RA,SRS2821816,0.0020632589259401,0.7364624580432897,0.088107725397657,0.1505077501403995,1.8458414291478904,2.647170719011621,0.0414191192277432,2.257534681702146,1.660994651492589,0.0597435567673073,0.0050855065137151,52.0,68.2,16.2,117.0,68.2,48.8
1000,Raw shallow RA,SRS2821824,0.0020919425729986,0.7389117609732253,0.1038946585074622,0.1776232208272663,2.258909517977228,3.016520268415783,0.0327705982720771,1.798490701882137,2.9000713368040567,0.1172449385739883,0.0028497176668596,61.0,83.4,22.4,162.0,83.4,78.6
1000,Raw shallow RA,SRS2821835,0.0018036316586538,0.7018464787361218,0.0700118411692456,0.12783302809353,1.1907783490017327,2.120257055877297,0.0332327893228358,2.6493480209231857,0.0,0.0414436768436461,0.0055341711177429,40.0,47.6,7.6,74.0,47.6,26.4
1000,Raw shallow RA,SRS2821843,0.0016979693568216,0.7613129940145921,0.0905430374809752,0.164977765517212,1.9123269231084583,2.745268496009277,0.038702605805431,1.7800210489254569,2.2228779922565027,0.0710987427460209,0.0018214006087553,58.0,82.8,24.8,142.0,82.8,59.2
1000,Raw shallow RA,SRS2821844,0.0020035725837262,0.8435216249301201,0.0975837345255154,0.1551207587920356,0.9570891493603704,1.9728712614713069,0.0434047803678616,1.7059236644201583,0.3784337326681405,0.0716262414078651,0.0036175654815812,71.0,83.4,12.4,118.0,83.4,34.6
1000,Raw shallow RA,SRS2821854,0.0018291149602855,0.852180834082984,0.0946020410743878,0.1510242211804766,0.7523843157580169,1.8124115017933529,0.0414885807367137,1.6716339004645526,0.0,0.0721906547679699,0.0018267536686576,62.0,75.6,13.6,111.0,75.6,35.4
1000,Raw shallow RA,SRS2821860,0.0019184899613592,0.7216365527748101,0.0807518873491998,0.1531644843329147,1.8374183815279064,2.687418776571172,0.0343407155485844,2.2984819351909103,1.6081173149149042,0.0648263163955788,0.0036653243847558,50.0,68.0,18.0,127.0,68.0,59.0
1000,Raw shallow RA,SRS2821870,0.0016777218665413,0.756912942118769,0.0862939980405705,0.1526631612583439,1.9979003538283957,2.779188639766203,0.0346733917589538,1.978104979849544,2.216629669895259,0.0640474721424408,0.0018115636784693,59.0,75.6,16.6,131.0,75.6,55.4
1000,Raw shallow RA,SRS2821871,0.0021253417009763,0.7707336039547341,0.0998750056214408,0.1611068452292322,1.8594283445164943,2.691566508176076,0.0393579325501759,1.8519476566242137,2.052449712825803,0.0664620411851534,0.0037119612447807,59.0,80.0,21.0,136.0,80.0,56.0
1000,Raw shallow RA,SRS2821875,0.0018871473935477,0.7566956045682547,0.091412404399481,0.1643550872419238,1.647163269483011,2.568105692784161,0.0350316404952088,1.991989116435468,1.502655904319714,0.0550452646675073,0.0033552084873544,56.0,77.0,21.0,139.0,77.0,62.0
1000,Raw shallow RA,SRS2821881,0.0017010345662042,0.6861739460221001,0.0591614170333359,0.1195539695730565,1.0399573099852453,1.9892273616191285,0.0424483327140791,2.312257266762889,0.0,0.0633470967085195,0.0051260385235179,32.0,41.6,9.6,70.0,41.6,28.4
1000,Raw shallow RA,SRS2821890,0.0016497375819213,0.7674396557098734,0.0905586373890878,0.1716213048228256,1.6900830029835283,2.62455524468904,0.0344076070211615,1.780053853941368,1.7788003505293315,0.089868157606977,0.0017340560997976,64.0,83.6,19.6,146.0,83.6,62.4
1000,Raw shallow RA,SRS2821892,0.0017460493936737,0.7614553394523665,0.0977248922888577,0.1763321758032884,1.7442615731312376,2.6685815423990085,0.0394200960061406,1.5684959729935923,2.076546751228229,0.0811537910963706,0.0013612752589079,69.0,89.4,20.4,154.0,89.4,64.6
1000,Raw shallow RA,SRS2821893,0.0020532095016273,0.8346830572895637,0.0901331181949845,0.1436269985958122,0.7559369262111965,1.7324708764275534,0.0448965652244943,1.6791607360502236,0.0,0.0598425005677583,0.0026623185427152,62.0,69.2,7.2,92.0,69.2,22.8
1000,Raw shallow RA,SRS2821894,0.0022810381006662,0.7180346154755803,0.0851073923393489,0.1363115383011506,1.3196599257395198,2.2177169655029623,0.0442152390325164,2.558698792843776,0.3380091389466526,0.0423817740921039,0.0041907932466336,42.0,52.0,10.0,79.0,52.0,27.0
1000,Raw shallow RA,SRS2821901,0.0020003490767557,0.7231400136133886,0.086205718941075,0.1549878127315357,1.9196188314286124,2.7111631483472327,0.0471582774188097,2.250315182597028,1.814442478428046,0.0680812881798917,0.0039476546482538,48.0,68.0,20.0,117.0,68.0,49.0
1000,Raw shallow RA,SRS2821905,0.0020468468674383,0.7065416443340167,0.0739336442075826,0.1520807597985477,1.829602323061145,2.6403725933109925,0.0423824476266292,2.405248460518048,1.4958243601521823,0.0773739061944138,0.0108310837925516,46.0,63.0,17.0,110.0,63.0,47.0
1000,Raw shallow RA,SRS2821908,0.0016380364568341,0.7051013482325722,0.0704908729655084,0.1518335347320233,1.919851600424629,2.71209660616853,0.0484845524514768,2.5348435431302,1.5593688457412902,0.0907511915580006,0.0055317324510417,46.0,60.0,14.0,111.0,60.0,51.0
1000,Raw shallow RA,SRS2821916,0.0018691756943112,0.6566970476646119,0.0690474653104985,0.1389717076536525,1.8655957247853767,2.6104066635204446,0.0382984328987883,2.6661217535783694,1.3340594847233649,0.0614688035159432,0.0110743377642608,37.0,51.8,14.8,85.0,51.8,33.2
1000,Raw shallow RA,SRS2821919,0.0017138612638061,0.7554477446536779,0.0816328270311742,0.1529957420262693,1.6081473267716704,2.5183623829005595,0.0317731926431739,2.117186133392497,1.312575986526759,0.0426423020067598,0.0036779884268833,55.0,72.4,17.4,124.0,72.4,51.6
1000,Raw shallow RA,SRS2821925,0.0016741017182251,0.684271012233153,0.0557435572132872,0.1118668803814625,1.0751503509246163,2.009300365302141,0.0410248088434656,2.390832163332346,0.0,0.0257076192807689,0.0065745385325163,31.0,40.6,9.6,66.0,40.6,25.4
1000,Raw shallow RA,SRS2821928,0.0017436474001185,0.7879092993567152,0.0922074479267547,0.1641010680301612,1.500725704995903,2.4658383275710265,0.0315594403849545,1.7716325573243998,1.4079365732990026,0.0630922328351094,0.0030466258065407,62.0,83.2,21.2,137.0,83.2,53.8
1000,Raw shallow RA,SRS2821931,0.0020945348323394,0.7244550220572223,0.0908718509946689,0.1630367188233627,1.8044695652642435,2.678066601398082,0.0465755491788933,2.01207506552259,1.798056928883599,0.0251217855777762,0.0031990135035634,50.0,76.6,26.6,140.0,76.6,63.4
1000,Raw shallow RA,SRS2821932,0.0018024378944526,0.7736931143156806,0.0917401910967094,0.1621002725922176,1.771824204966128,2.6610017954550296,0.0363728956873517,1.8118048764510437,1.9135806653704095,0.0792581802121516,0.0028633310866875,60.0,82.0,22.0,144.0,82.0,62.0
1000,Raw shallow RA,SRS2821946,0.0018042013939685,0.7036728438979126,0.0612241305933387,0.114925286282649,0.8691271153038578,1.84260810189294,0.0352204829169572,1.9324598334145568,0.0,0.0319770084343348,0.0068549434730878,33.0,40.2,7.2,64.0,40.2,23.8
1000,Raw shallow RA,SRS2821968,0.0019653768516,0.8588298142761946,0.0742769005231617,0.1229885687523024,0.4680374042102871,1.368949937128589,0.0362203174853247,1.0386897942289797,0.0,0.0809961193056374,0.0072343066907489,53.0,56.6,3.6,70.0,56.6,13.4
1000,Raw shallow RA,SRS2821969,0.0015064158844174,0.6854234916148616,0.0674026107916559,0.152649166410264,1.723149552274139,2.6298822846879863,0.0452150763288613,2.629072882722631,1.0817156035824884,0.0726242560694487,0.004329746666967,40.0,59.2,19.2,120.0,59.2,60.8
1000,Raw shallow RA,SRS2821970,0.0019103603476892,0.7668509302479689,0.1026586621116349,0.1776872999918681,1.9243315433549903,2.777483169952044,0.0340831039088041,1.6117905228435288,2.398370173678668,0.0862360166779314,0.0021355506882897,62.0,88.0,26.0,158.0,88.0,70.0
1000,Raw shallow RA,SRS2821972,0.0018706897825238,0.7667983106114882,0.0998170340904946,0.1693101141028083,1.9397192702944637,2.7510786034814743,0.0386224125531331,1.8201455410884095,2.2416536347049156,0.067738485921444,0.0021944541716435,61.0,81.8,20.8,141.0,81.8,59.2
1000,Raw shallow RA,SRS2821987,0.0020670084554069,0.7004703479518041,0.0833684785858552,0.1497692794681989,2.0061339309792148,2.7608679924662636,0.0496797157903521,2.512120099711402,1.7522085889476071,0.0612788483667396,0.0049876867673861,44.0,60.4,16.4,115.0,60.4,54.6
1000,Raw shallow RA,SRS2821991,0.0019163285218045,0.7328907494707316,0.0834907974220711,0.1551781202574232,1.7483577230100311,2.6331051247895907,0.0403853193964813,2.252287088614639,1.4708434991364154,0.0445906231738908,0.0021342365564456,49.0,69.8,20.8,125.0,69.8,55.2
1000,Raw shallow RA,SRS2822000,0.0018253108628404,0.7564192677825893,0.0923018705502314,0.1672472372410652,1.741920359558153,2.635510508915049,0.0350553973408825,1.7283688846578809,1.9288031363097713,0.0778299995106459,0.0016669593375679,61.0,84.2,23.2,139.0,84.2,54.8
1000,Raw shallow RA,SRS2822019,0.0018508452983046,0.746972822943505,0.0869777448291024,0.1566206177234191,1.6912037849643915,2.574143735386781,0.0331087677161263,2.105918498094009,1.4886664458104626,0.0232666749033504,0.0028418611732774,52.0,72.6,20.6,128.0,72.6,55.4
1000,Raw shallow RA,SRS2822023,0.0018583488013903,0.7057837262659481,0.0756002509615764,0.1352946220634386,1.7381294980607744,2.5493489296948746,0.0304938738162434,2.5168166795595233,1.2139478006144877,0.0476127444895097,0.0010735250575965,47.0,57.0,10.0,93.0,57.0,36.0
1000,Raw shallow RA,SRS2822025,0.0017248755079174,0.7246647958141154,0.0731049880825396,0.1378377184481196,1.5435663446634271,2.399195748062719,0.0276962902814785,2.3683317238400625,0.9583935689219228,0.0494937447604697,0.0023481737922752,47.0,60.8,13.8,89.0,60.8,28.2
1000,Raw shallow RA,SRS2822026,0.0022020972540072,0.6828300558858584,0.0776233519357862,0.1312429533833787,1.5024082637450789,2.3484966203494175,0.0462350098464849,2.682912438848411,0.5918002034214714,0.0653242785253287,0.0041888113912663,36.0,48.4,12.4,78.0,48.4,29.6
1000,Raw shallow RA,SRS2822053,0.0015684337179004,0.6879228367777015,0.0677261480465952,0.1349038822545119,1.3942373040539109,2.335379890427855,0.0380143169726788,2.801451829219892,0.269894335259691,0.0617921896023701,0.0046226050415166,36.0,48.4,12.4,87.0,48.4,38.6
1000,Raw shallow RA,SRS2822060,0.0018903172798841,0.7416304922851753,0.07827674594924,0.1515350551111003,1.5271289774290466,2.4305082171326786,0.0372321517840075,2.29912824434178,0.9866623814080536,0.0603275910385549,0.0090703485835753,44.0,65.8,21.8,110.0,65.8,44.2
1000,Raw shallow RA,SRS2822063,0.0019043586715497,0.7253361639429421,0.0784174559619704,0.1455298169696164,1.6216809788928426,2.4967161503977247,0.0463704604762354,2.4608101223044314,1.0296992024400446,0.0869235207300916,0.0141063994106006,44.0,61.2,17.2,107.0,61.2,45.8
1000,Raw shallow RA,SRS2822068,0.0019032782851427,0.7326022918003636,0.08568974286258,0.158947825002246,2.017236963892237,2.812171886768321,0.0402160744800307,2.1581006788283155,2.0931645864091326,0.0795714404973252,0.0024181667150693,51.0,72.4,21.4,132.0,72.4,59.6
1000,Raw shallow RA,SRS2822077,0.0015291361860353,0.6460066926781673,0.059207826078646,0.1241225327386924,1.7449130927121956,2.545277819119117,0.0299759374301373,2.861006519454892,0.918610197987781,0.0394516277692106,0.0058787499529662,32.0,45.2,13.2,79.0,45.2,33.8
1000,Raw shallow RA,SRS2822080,0.0017157868607786,0.7433339009638347,0.078931550563843,0.1557486774262607,1.660340875603723,2.564762014975378,0.0401466193217553,2.1779614613028704,1.3615517304223268,0.0388659917873289,0.0071848099970489,52.0,70.8,18.8,129.0,70.8,58.2
1000,Raw shallow RA,SRS2822089,0.0017027195490826,0.7839758933510483,0.093192224567581,0.1673477929743536,1.876714199815741,2.7311248216147517,0.0359689732115772,1.5193472748057606,2.3859229982172523,0.0703124648967364,0.0017097934072864,64.0,90.0,26.0,153.0,90.0,63.0
1000,Raw shallow RA,SRS2822111,0.0014615084443412,0.7054512001357238,0.0637269383206302,0.1303815893947575,1.4445624233485546,2.371983143533232,0.0346652273225169,2.661238084942604,0.4967485503297892,0.0373024134835299,0.0026460099102127,41.0,53.4,12.4,91.0,53.4,37.6
1000,Raw shallow RA,SRS2822116,0.0017798145914677,0.7110178995516929,0.0704324624781688,0.1306383790715227,1.531653385196082,2.391954595668107,0.0398176610943975,2.53520649037518,0.7835337822268282,0.0762388606648738,0.007752794210073,45.0,55.4,10.4,88.0,55.4,32.6
1000,Raw shallow RA,SRS2822120,0.0016541191717552,0.7664142227807715,0.09055342945807,0.1668538474052809,1.862459456328776,2.723638410254568,0.03536818970367,1.6656231334520597,2.226172269510445,0.0763973464868198,0.0024048814259153,64.0,85.6,21.6,151.0,85.6,65.4
1000,Raw shallow RA,SRS2822122,0.0017856617436277,0.7336343218295518,0.0827461054911411,0.1597628481283008,1.522266265582108,2.4926376096192593,0.0330819792341004,2.298794180401409,0.977661646945288,0.0702435647975705,0.0021390463441379,51.0,69.4,18.4,128.0,69.4,58.6
1000,Raw shallow RA,SRS2822125,0.0017393102887191,0.6854311733987771,0.0703987390202815,0.1416795429743015,1.7496372637501207,2.5936181855072618,0.0455831118980405,2.6137579841084886,1.1484005854290429,0.0677057889695714,0.00669765797777,40.0,55.8,15.8,96.0,55.8,40.2
1000,Raw shallow RA,SRS2822129,0.0019009138289694,0.7906987311368747,0.1026489272852182,0.172669674072394,1.732443981333763,2.6383354247141453,0.0428202996544342,1.576926887049474,2.0449956081860488,0.1105464425772653,0.0033826334983905,71.0,88.4,17.4,156.0,88.4,67.6
1000,Raw shallow RA,SRS2822133,0.0017710644538793,0.7772411845002741,0.0969458629684965,0.1710698029728605,1.7777488858641834,2.685270887709587,0.0396507644354942,1.753620190918498,1.9773232701349008,0.0638653761728459,0.0024791533490379,70.0,84.0,14.0,149.0,84.0,65.0
1000,Raw shallow RA,SRS2822136,0.0018501093718658,0.6428722121950565,0.0611779514860439,0.1146996406312213,1.5710042987659765,2.389264833826799,0.0337216371979582,2.863584808846221,0.5680948220040578,0.0431500748431163,0.002884665267594,32.0,41.4,9.4,68.0,41.4,26.6
1000,Raw shallow RA,SRS2822149,0.0019682422660736,0.7144466341745377,0.0863110122906171,0.1628999438702958,2.007864539942946,2.805721031815026,0.0329046301368936,2.1938119801046194,2.04311234032915,0.0799729004439152,0.0108855969603761,51.0,71.4,20.4,130.0,71.4,58.6
1000,Raw shallow RA,SRS2822153,0.0021375972772318,0.7657033882265576,0.1034630559230928,0.1735993213582632,2.0901202878603953,2.894724918253285,0.0331766931655231,1.851668020362061,2.514717336882785,0.1133681037080539,0.0022617557989143,63.0,81.6,18.6,158.0,81.6,76.4
1000,Raw shallow RA,SRS2822168,0.0017230877248851,0.6796358263737676,0.0702768000211859,0.1416402620299851,1.7913125445739635,2.5894984381267636,0.0433524437474679,2.6062133405154695,1.2387518404276063,0.0616342892112649,0.0116625392495978,42.0,54.8,12.8,90.0,54.8,35.2
1000,Raw shallow RA,SRS2822180,0.0019312560458361,0.6778433007887507,0.0703259013217574,0.136169562351036,1.862762645171442,2.633254488508709,0.0458073569899993,2.6618421349169723,1.331466242930248,0.0584761504105591,0.0100977973404505,38.0,53.4,15.4,93.0,53.4,39.6
1000,Raw shallow RA,SRS2822183,0.0017417512429446,0.7559407860164515,0.0979854994949641,0.1757765000390624,2.1748381740158806,2.968427778685277,0.036431805321164,1.6675849402057117,2.8490598389559643,0.0910524826292132,0.0022877159855353,63.0,86.6,23.6,167.0,86.6,80.4
1000,Raw shallow RA,SRS2822185,0.0021094818831942,0.7542326303642471,0.1083809729268989,0.179284332133735,2.052394647334476,2.850992353783956,0.0394266200576091,1.7064919639791305,2.568941814713284,0.1076827370570637,0.0031220970016803,61.0,85.2,24.2,156.0,85.2,70.8
1000,Raw shallow RA,SRS2822218,0.0019346734707116,0.6469826524755595,0.0705917411684436,0.1313930105980222,1.5972618207197318,2.452594561962516,0.0376817496146299,2.8753828406967608,0.6096141407747322,0.0589012809808755,0.0088222231587309,31.0,44.8,13.8,84.0,44.8,39.2
1000,Raw shallow RA,SRS2822220,0.0021613536400415,0.8150992763678605,0.0805222235847847,0.1223139310452013,0.6075123993242565,1.5436475181177582,0.0341378461319396,1.3496873458653151,0.0,0.0442560506882358,0.001910590491837,50.0,51.4,2.6,69.0,51.4,17.6
1000,Raw shallow RA,SRS2822230,0.0017204875645336,0.7637686180613332,0.0865549670377684,0.1591252193411694,1.6785696429726946,2.6038411357998927,0.0371887013089333,2.0521588092806655,1.5112372593704917,0.0624043131005335,0.0026140951736386,61.0,75.4,14.4,129.0,75.4,53.6
1000,Raw shallow RA,SRS2822236,0.0016282325365324,0.6493069758978709,0.0647636231631363,0.1296597283793731,1.5920566715688065,2.4520635123389267,0.0329899719522124,2.8038294304166604,0.663913148626762,0.0509539562663692,0.0028335982134417,34.0,47.4,13.4,84.0,47.4,36.6
1000,Raw shallow RA,SRS2822240,0.001808671963591,0.6643711878982727,0.0610852396200112,0.1175982323271441,1.3284680608916395,2.230612828702874,0.038184663829107,2.8457367983843924,0.0985865497706876,0.0421402792078566,0.0075783283003304,31.0,41.8,10.8,67.0,41.8,25.2
1000,Raw shallow RA,SRS2822243,0.0021403092626621,0.8108589200962998,0.0843844217374641,0.1430840062076914,0.8385705712442858,1.8429635814045653,0.0525238510865845,1.862404517823886,0.0,0.0404767573924928,0.0026009608554445,59.0,63.4,4.4,94.0,63.4,30.6
1000,Raw shallow RA,SRS2822253,0.0018828363804632,0.7581625243448866,0.0928147725630752,0.1616298200889202,1.8921781785849865,2.7235233161768635,0.0332570948897745,1.8884995921322705,2.0857634773538627,0.0589163880383014,0.0014459559833624,55.0,79.8,24.8,140.0,79.8,60.2
1000,Raw shallow RA,SRS2822256,0.0018634150415634,0.7433530288554111,0.0818537608453378,0.1488762845316391,1.64965645216462,2.5373414138060397,0.037571108983878,2.266565081775802,1.2609125599258393,0.0631388889068714,0.0084764151488625,55.0,66.8,11.8,114.0,66.8,47.2
1000,Raw shallow RA,SRS2822262,0.0014626221259767,0.6533446090577959,0.062335950243268,0.135336901803235,1.68129354798191,2.542949280362155,0.035324163400936,2.8395945189257454,0.8100438732728976,0.0641277318607608,0.0024272335917063,36.0,48.4,12.4,89.0,48.4,40.6
1000,Raw shallow RA,SRS2822268,0.0018836588371923,0.7201029219700044,0.0737593283851224,0.1417607823230301,1.5444761508503375,2.4158513621352093,0.038784516179205,2.425920028935475,0.907384726826866,0.0408179409568892,0.0076827038770221,43.0,61.2,18.2,100.0,61.2,38.8
1000,Raw shallow RA,SRS2822269,0.0016196171276767,0.7101420581176183,0.0712525438469137,0.1430862139314775,1.6130510189937872,2.476470731640716,0.0358680061427532,2.4532915563856106,1.0202632859575314,0.0496897019946072,0.0027413038852866,45.0,60.2,15.2,102.0,60.2,41.8
1000,Raw shallow RA,SRS2822275,0.0018683206444675,0.755708858288297,0.0725664215561179,0.1328943719283012,0.9894620547310512,1.9765782723936909,0.031927593251926,2.200950027977298,0.0,0.0562644704508485,0.0041590893729438,46.0,55.4,9.4,87.0,55.4,31.6
1000,Raw shallow RA,SRS2822279,0.0018155632032258,0.7475188485515379,0.0936226778453566,0.1717331709114224,2.1291728205166627,2.9162124719926,0.0393594550944138,1.7679300418657324,2.667355895451272,0.0784856840923098,0.0047856233749706,60.0,83.8,23.8,162.0,83.8,78.2
1000,Raw shallow RA,SRS2822280,0.0021167973969382,0.7637482392728296,0.1026004335726704,0.1753813864383858,1.6568501828236148,2.604614148079642,0.0381756008680827,1.8446948551875344,1.653924804208931,0.0606117474079217,0.0029582885358996,60.0,81.4,21.4,149.0,81.4,67.6
1000,Raw shallow RA,SRS2822298,0.0019116453390197,0.7437953518840873,0.0810132185508987,0.1460437926527693,1.286451910653419,2.259348776573476,0.0337909182698253,2.425429597232507,0.3922876321571254,0.0581457476929379,0.0028440672448417,44.0,61.4,17.4,101.0,61.4,39.6
1000,Training-mean RA,SRS2821816,0.0076719767363893,0.5587203599347832,0.2811320673861576,0.3583149622748524,1.4028120163640945,2.090436313098446,0.0835659043579276,0.3203589739981199,2.509503719401899,0.4634416241611649,0.025846872731581,52.0,67.0,15.0,117.0,231.0,114.0
1000,Training-mean RA,SRS2821824,0.009241302701958,0.6472881118498912,0.3286616999633859,0.3846464534630615,0.6874211239501995,1.4055746299333625,0.0968854719295418,0.1052738685858055,1.2704270340904316,0.1845734799734626,0.0074725099396631,61.0,67.0,6.0,162.0,231.0,69.0
1000,Training-mean RA,SRS2821835,0.0131221839886081,0.5335679062145439,0.39820318817185,0.4626876958689595,2.4833759942718436,3.0260263834586816,0.0821618811354659,0.8776851314621676,4.170498370894489,0.9129784303579636,0.0699612408330754,40.0,67.0,27.0,74.0,231.0,157.0
1000,Training-mean RA,SRS2821843,0.0101620028003938,0.6319869653382633,0.3408818429426761,0.4073237135781412,1.0462525828600884,1.821419214759586,0.0791106218911832,0.152385349779411,1.947620378637986,0.2583474540021466,0.0121332046239011,58.0,67.0,9.0,142.0,231.0,89.0
1000,Training-mean RA,SRS2821844,0.0075609556895094,0.6075134054817194,0.2908091149097236,0.3445427556906837,1.9699711537209168,2.7773170919930568,0.0950463915188169,0.153902288601947,3.792064638226349,0.1577867320935428,0.0058497103303627,71.0,67.0,4.0,118.0,231.0,113.0
1000,Training-mean RA,SRS2821854,0.0086956836554159,0.5808877245054378,0.3235381932445682,0.379837496871358,2.325952255387856,3.0852232376133117,0.0898080813444445,0.5260620588371727,4.170498370894489,0.2155407458043869,0.0127958583504228,62.0,67.0,5.0,111.0,231.0,120.0
1000,Training-mean RA,SRS2821860,0.0136824512905564,0.5959760382782883,0.3980815300338654,0.450843718076712,1.4380812353451722,2.160359836349226,0.1983256122976542,0.32694742726664,2.5623810559795843,0.6784266267971284,0.044404811426728,50.0,67.0,17.0,127.0,231.0,104.0
1000,Training-mean RA,SRS2821870,0.014503354433505,0.6869331382058265,0.3561196177011185,0.430586514589276,1.095806914814787,1.813666892150178,0.0852926730140917,0.2551300577795671,1.9538687009992295,0.3185224306543888,0.0230553107731062,59.0,67.0,8.0,131.0,231.0,100.0
1000,Training-mean RA,SRS2821871,0.0119520533088031,0.6843910027615574,0.3323534894640558,0.4088232774016979,1.1510795926552304,1.9148193111937897,0.0683775927212894,0.1973081425818306,2.1180486580686853,0.2039522145742252,0.0094501175396252,59.0,67.0,8.0,136.0,231.0,95.0
1000,Training-mean RA,SRS2821875,0.0113435557462893,0.586030908983912,0.3686618191355133,0.4263412560889313,1.4284849719610944,2.235648494297932,0.101999555701428,0.199063117535114,2.667842466574774,0.4203874849755866,0.0316148227002198,56.0,67.0,11.0,139.0,231.0,92.0
1000,Training-mean RA,SRS2821881,0.0152597407688329,0.5371079616508436,0.4655340910844939,0.5118423331778001,2.7651023289600016,3.2362699159649195,0.1878311662250236,1.4933411692220622,4.170498370894489,1.1098351917653857,0.0854301739222425,32.0,67.0,35.0,70.0,231.0,161.0
1000,Training-mean RA,SRS2821890,0.0120047892390573,0.6947422413473096,0.3405589379586446,0.3854981548436776,1.2446539129238277,2.1009483332538053,0.0850041001036387,0.0990472982011407,2.391698020365157,0.3502223566734375,0.024830673800955,64.0,67.0,3.0,146.0,231.0,85.0
1000,Training-mean RA,SRS2821892,0.0072770145032823,0.6470022264313623,0.2658090019491238,0.3024789430944672,1.078400196728112,1.9473412064295033,0.0889370430872275,0.0598737957122059,2.09395161966626,0.1880481656623294,0.0076539491136435,69.0,67.0,2.0,154.0,231.0,77.0
1000,Training-mean RA,SRS2821893,0.0102320471574631,0.6038520371669925,0.3716474745114959,0.4453004840641009,2.4421397137712866,3.119194436490558,0.0658257177249579,0.7876707005603718,4.170498370894489,0.3599030126433198,0.0103340408736495,62.0,67.0,5.0,92.0,231.0,139.0
1000,Training-mean RA,SRS2821894,0.0118807737921147,0.5309495058956066,0.4657943557576879,0.5261876984355567,2.2472440805258587,2.8342093699424167,0.0868137239388832,0.7275902244297151,3.832489231947836,0.6895428160730619,0.0409487193987408,42.0,67.0,25.0,79.0,231.0,152.0
1000,Training-mean RA,SRS2821901,0.0104215214996444,0.6491257333544823,0.3113366101955033,0.3461894237682834,1.3389161149577309,2.027472531377013,0.1157420775542416,0.345271472349301,2.3560558924664425,0.5481117962672468,0.033226485093237,48.0,67.0,19.0,117.0,231.0,114.0
1000,Training-mean RA,SRS2821905,0.0253683608930784,0.5839260279041009,0.5583057636552556,0.5955409686660645,1.5624518087332326,2.2051872020930223,0.3409547571865992,0.4626907737766876,2.674674010742306,1.2743127344717164,0.160416471750017,46.0,67.0,21.0,110.0,231.0,121.0
1000,Training-mean RA,SRS2821908,0.0244293958620035,0.5750063595957167,0.5295642740563139,0.5773380694738461,1.5199980221636629,2.1614540201413255,0.2983296475937425,0.4437523027753995,2.6111295251531987,1.1848488178571968,0.1450548279265493,46.0,67.0,21.0,111.0,231.0,120.0
1000,Training-mean RA,SRS2821916,0.0168693822603556,0.5964363966532386,0.4442004531985136,0.4767736879363829,1.7427436836865575,2.298689917779525,0.1282029322827364,0.7084431490612052,2.836438886171123,1.0593573948397808,0.1083945817133507,37.0,67.0,30.0,85.0,231.0,146.0
1000,Training-mean RA,SRS2821919,0.0117444813732841,0.6095668235679645,0.398439258273735,0.441097560767314,1.5593361801129833,2.3220311067265325,0.1288802132031283,0.2757877558101351,2.85792238436773,0.5224099485286322,0.0299549220945128,55.0,67.0,12.0,124.0,231.0,107.0
1000,Training-mean RA,SRS2821925,0.0199875601514097,0.5428794921937897,0.4749842635981853,0.5207274300792978,2.758953316057781,3.2189657559636613,0.1530962796979972,1.4836017327982658,4.170498370894489,1.2998725317556672,0.1473527590459052,31.0,67.0,36.0,66.0,231.0,165.0
1000,Training-mean RA,SRS2821928,0.0085924705713402,0.6635455967067982,0.2677877467246977,0.3308218934007386,1.4374938916681677,2.2903061421259383,0.0565044366613752,0.1188030044955262,2.7625617975954864,0.2218552124164801,0.0083858064452245,62.0,67.0,5.0,137.0,231.0,94.0
1000,Training-mean RA,SRS2821931,0.0119936461127916,0.6343609443316152,0.3960940499150882,0.4460719459978756,1.3264507810932065,2.092185780469244,0.1872141162562194,0.2910934364119355,2.3724414420108895,0.5856025551954831,0.0305614426649161,50.0,67.0,17.0,140.0,231.0,91.0
1000,Training-mean RA,SRS2821932,0.0097523924279218,0.6441723901496431,0.3463629897947348,0.4014446615265241,1.206693014290037,2.021832738199487,0.0870571421083528,0.1643836331640595,2.2569177055240788,0.2473092697331971,0.011367112620498,60.0,67.0,7.0,144.0,231.0,87.0
1000,Training-mean RA,SRS2821946,0.012995691272486,0.5364406183966435,0.4495740816784007,0.4875375702862318,2.951670452185851,3.4030532715297945,0.1283940096651992,1.9158059616312155,4.170498370894489,0.9937918124179168,0.0679126857313054,33.0,67.0,34.0,64.0,231.0,167.0
1000,Training-mean RA,SRS2821968,0.0153274373123062,0.4972034509725849,0.504139172557106,0.5497488678676297,2.979871903508166,3.515481801904514,0.1247237991029322,1.9790593070099656,4.170498370894489,0.605687868321295,0.0471250065883965,53.0,67.0,14.0,70.0,231.0,161.0
1000,Training-mean RA,SRS2821969,0.021625520517713,0.5805307516883821,0.521562122499404,0.5543934022697176,1.7483003768542449,2.439810982779802,0.3359753357874567,0.4160105693606774,3.0887827673120003,1.206257855872379,0.1438494205925493,40.0,67.0,27.0,120.0,231.0,111.0
1000,Training-mean RA,SRS2821970,0.0094699102942234,0.6190819290416955,0.3214533919467384,0.3899701547589633,0.921292244039536,1.7384419084646516,0.0917990294093452,0.0680224698009788,1.7721281972158196,0.1725317529636716,0.0114121718501147,62.0,67.0,5.0,158.0,231.0,73.0
1000,Training-mean RA,SRS2821972,0.0098475351550761,0.6292099785835337,0.3310088693791942,0.4019056990872161,1.031158373731528,1.7800521812777332,0.0872651457223686,0.138741215239839,1.9288447361895724,0.224619068014896,0.0130290913281593,61.0,67.0,6.0,141.0,231.0,90.0
1000,Training-mean RA,SRS2821987,0.0145814628190698,0.5619047475608618,0.4218301157627609,0.4666882497680444,1.4114444263301615,2.0491575834763944,0.1762021540622467,0.4306443331385784,2.4182897819468816,0.7570384182447194,0.0613716822129815,44.0,67.0,23.0,115.0,231.0,116.0
1000,Training-mean RA,SRS2821991,0.0121300167282618,0.6261363296725282,0.4007109256426308,0.436383038569578,1.4927693571702287,2.2345381853348893,0.1778248518992097,0.2982063590637991,2.699654871758073,0.6577354428137814,0.0419806340226205,49.0,67.0,18.0,125.0,231.0,106.0
1000,Training-mean RA,SRS2822000,0.01025747408098,0.5596308751447272,0.3532301356596025,0.4287407133752941,1.187545748075282,2.005275938069864,0.0971068704015791,0.1375345254705439,2.2416952345847174,0.295397502228067,0.0118226918288535,61.0,67.0,6.0,139.0,231.0,92.0
1000,Training-mean RA,SRS2822019,0.0117794459613013,0.6227651267543456,0.3933220549831238,0.443550236202216,1.48036435435641,2.2336002447281396,0.1493215975156302,0.2936729013434536,2.6818319250840266,0.5243233114322274,0.0291319870184015,52.0,67.0,15.0,128.0,231.0,103.0
1000,Training-mean RA,SRS2822023,0.0068438031377042,0.5609806731050512,0.2824669538933254,0.3674762193751425,1.7280479930874144,2.358420795486793,0.0874684261187658,0.5465366515710445,2.956550570280001,0.5040817851178234,0.0139195659090519,47.0,67.0,20.0,93.0,231.0,138.0
1000,Training-mean RA,SRS2822025,0.0074200662474253,0.5564779006330361,0.2831969776577975,0.3685697014693425,1.8615004299281648,2.5063778688148903,0.0834971398948649,0.5596345309877614,3.2121048019725658,0.5212016316418158,0.0156674691070364,47.0,67.0,20.0,89.0,231.0,142.0
1000,Training-mean RA,SRS2822026,0.010846124501762,0.5712184505265844,0.4281347710718936,0.4686477065202988,2.1600167985776104,2.7093178251727736,0.184001877074588,0.8048910102427211,3.578698167473017,0.8089499433463034,0.0396300221394222,36.0,67.0,31.0,78.0,231.0,153.0
1000,Training-mean RA,SRS2822053,0.0147386171343158,0.5703555074351945,0.3669364053877205,0.4213729694878873,2.2700479826117523,2.859858958799462,0.1278938287716069,0.6978320638924115,3.9006040356347977,0.9736784100071422,0.090098096379783,36.0,67.0,31.0,87.0,231.0,144.0
1000,Training-mean RA,SRS2822060,0.0242875307951867,0.5319692902614328,0.4562671605086238,0.4955685515669961,1.7973507634539143,2.486745923821967,0.2484758047515186,0.4293836648311157,3.183835989486435,1.1904454917657694,0.2065279584272095,44.0,67.0,23.0,110.0,231.0,121.0
1000,Training-mean RA,SRS2822063,0.0225519460485288,0.5481784299237794,0.4367417968235153,0.4799270110440465,1.7801848226564094,2.445791511170247,0.2095526885929223,0.4435198737658377,3.140799168454444,1.1243811108527182,0.1804886703692941,44.0,67.0,23.0,107.0,231.0,124.0
1000,Training-mean RA,SRS2822068,0.0114980803971068,0.5830241875101901,0.3847269445180424,0.4376158432465211,1.1652551961167952,1.8759185569812,0.1206304579673606,0.2682915195653519,2.077333784485356,0.5283338143708614,0.0268884410090511,51.0,67.0,16.0,132.0,231.0,99.0
1000,Training-mean RA,SRS2822077,0.0133774097782268,0.6085124324971289,0.4163499716243082,0.4493149662646794,1.9776344205138177,2.533059239271675,0.1003091040453634,0.7721519868312985,3.2518881729067077,0.936221217216044,0.0753328304999501,32.0,67.0,35.0,79.0,231.0,152.0
1000,Training-mean RA,SRS2822080,0.018978773215906,0.3678602216747335,0.6531550270397681,0.6554854315699209,1.5571865021685052,2.3058034927216458,0.2021151335102805,0.3172074690807209,2.8089466404721617,0.8700516642943725,0.1022982020970012,52.0,67.0,15.0,129.0,231.0,102.0
1000,Training-mean RA,SRS2822089,0.0097988070488473,0.5862928277994416,0.327173757265178,0.3788163201568412,0.9325468300552912,1.7392827492087792,0.1008273538874788,0.0782023412587521,1.7845753726772364,0.2550314763195818,0.012532214216374,64.0,67.0,3.0,153.0,231.0,78.0
1000,Training-mean RA,SRS2822111,0.010981237351303,0.5997006052225144,0.3894084051331554,0.4306057305340197,2.110796451713503,2.7439878421969524,0.0930783695568624,0.5997022168357352,3.6737498205646992,0.7771433518995079,0.0509419176907052,41.0,67.0,26.0,91.0,231.0,140.0
1000,Training-mean RA,SRS2822116,0.0138733525516406,0.5496909090777864,0.4745869004778701,0.5032685776566885,1.9770560348645148,2.590330188092477,0.1263859280560234,0.617409763421628,3.3869645886676603,0.8109110865672783,0.0650816567923351,45.0,67.0,22.0,88.0,231.0,143.0
1000,Training-mean RA,SRS2822120,0.0101589364079677,0.611263656563942,0.3625194631837008,0.4235856183173728,1.0344862168632618,1.845124069213288,0.0872155771263702,0.1289147517969494,1.9443261013840432,0.254685449745597,0.0117732371928047,64.0,67.0,3.0,151.0,231.0,80.0
1000,Training-mean RA,SRS2822122,0.0121618889772366,0.6349136936662052,0.3546471089780583,0.4229861655979555,1.721716765925299,2.4937515249480353,0.1140790849980006,0.266164618407925,3.1928367239492004,0.5673054595220157,0.0316517590098714,51.0,67.0,16.0,128.0,231.0,103.0
1000,Training-mean RA,SRS2822125,0.0142526653361263,0.4615699753714388,0.4312531613576967,0.4833350833446876,1.780778460301534,2.4146704250222,0.1460037935327168,0.5843268495311632,3.022097785465446,0.9684472478140264,0.0826518378022884,40.0,67.0,27.0,96.0,231.0,135.0
1000,Training-mean RA,SRS2822129,0.0103113063693996,0.5477630111215736,0.39573511498814,0.4548006137608464,1.1012103784996243,1.950517701369153,0.1319450698482296,0.0706429769026821,2.12550276270844,0.1831169461256641,0.0137356824667121,71.0,67.0,4.0,156.0,231.0,75.0
1000,Training-mean RA,SRS2822133,0.010317400082869,0.5731792609583051,0.4079740080329113,0.4562150189044937,1.145066735294858,1.9978444357916367,0.1006644381254704,0.096535748006976,2.193175100759587,0.2182146348293425,0.0179092987566715,70.0,67.0,3.0,149.0,231.0,82.0
1000,Training-mean RA,SRS2822136,0.0133195104455173,0.5609149762767419,0.4807781035033046,0.5336784165437224,2.235973508672026,2.7400645466295583,0.2168312447383456,0.9439755641404496,3.6024035488904302,0.9932082555585628,0.0580490390012382,32.0,67.0,35.0,68.0,231.0,163.0
1000,Training-mean RA,SRS2822149,0.0214289847119093,0.5901846988646862,0.4227816384956698,0.5401789254706635,1.192430949184091,1.9091238975195712,0.1625391110034189,0.2683019891922515,2.1273860305653387,0.7180994250324191,0.08124493502991,51.0,67.0,16.0,130.0,231.0,101.0
1000,Training-mean RA,SRS2822153,0.0098998562035783,0.6677914081256624,0.359133384353047,0.4036119618203574,0.8769616691381783,1.6486669466337678,0.0671317406769906,0.1016785966035963,1.655781034011704,0.2327813885643261,0.0103245811622021,63.0,67.0,4.0,158.0,231.0,73.0
1000,Training-mean RA,SRS2822168,0.0267082255594309,0.6347879316593946,0.4742238716779755,0.5262075107209614,1.753576366365277,2.358751534648,0.1881825376555509,0.6195632868242467,2.931746530466882,1.1963154355074097,0.17083410296218,42.0,67.0,25.0,90.0,231.0,141.0
1000,Training-mean RA,SRS2822180,0.0260925734438871,0.6473292150165775,0.467341565950681,0.5242894295411058,1.7074360819994223,2.2954616548979754,0.1849597130406859,0.6204141079549632,2.8390321279642405,1.1915398199511698,0.1645040446558203,38.0,67.0,29.0,93.0,231.0,138.0
1000,Training-mean RA,SRS2822183,0.0090894445879939,0.6348022600584416,0.3319595407144033,0.38825481719302,0.7021212053938336,1.464151943913685,0.0669491070238025,0.0846118791450151,1.3214385319385242,0.081120600807341,0.0034023932379336,63.0,67.0,4.0,167.0,231.0,64.0
1000,Training-mean RA,SRS2822185,0.0094183506488266,0.652043797540502,0.3334684303954826,0.3962956920735996,0.8560118774350766,1.6093055862182273,0.0745792385223876,0.1145596853746092,1.6015565561812046,0.1458047958923325,0.0053814213392063,61.0,67.0,6.0,156.0,231.0,75.0
1000,Training-mean RA,SRS2822218,0.015612505114759,0.5922900248491182,0.4157730502608704,0.4573166326884958,2.1399184855715174,2.6997525128795195,0.0824610004545328,0.7915351324916439,3.5608842301197563,1.0240484851314742,0.0984666191124685,31.0,67.0,36.0,84.0,231.0,147.0
1000,Training-mean RA,SRS2822220,0.0122776250089447,0.5613877623144002,0.4522355131906507,0.5644018252351387,2.9494698577044898,3.464981134963229,0.1116265723148165,1.9128149588881385,4.170498370894489,0.4862621156266717,0.0151400727517557,50.0,67.0,17.0,69.0,231.0,162.0
1000,Training-mean RA,SRS2822230,0.0149004264213,0.3556333421562387,0.6048170614667426,0.6252920861210877,1.418289164327295,2.2320104058258163,0.0973763404905016,0.1864332820106035,2.659261111523997,0.5087634907436698,0.045675856584413,61.0,67.0,6.0,129.0,231.0,102.0
1000,Training-mean RA,SRS2822236,0.0118280541314415,0.573832647058249,0.3931835419638158,0.4420873298768077,2.102033690740573,2.6760497799792087,0.1199638021611476,0.7633395157193785,3.5065852222677263,0.8796116948660903,0.0538828048970189,34.0,67.0,33.0,84.0,231.0,147.0
1000,Training-mean RA,SRS2822240,0.0162099048906861,0.5079644032355222,0.4694688428459759,0.5079851622908645,2.4746069215448943,2.9788433702866906,0.1664933858796647,0.9583591471337264,4.0719118211238,1.119544503922516,0.0963195788585909,31.0,67.0,36.0,67.0,231.0,164.0
1000,Training-mean RA,SRS2822243,0.0107688842698223,0.554646966720204,0.394020612867008,0.4330486335325503,2.494397666554661,3.1414410961137316,0.1279477459085194,0.8970209956532715,4.170498370894489,0.6417157851400561,0.0415892370026501,59.0,67.0,8.0,94.0,231.0,137.0
1000,Training-mean RA,SRS2822253,0.0107912592413695,0.5976593223269266,0.381724128809596,0.4511557099943387,1.1324339387380722,1.896635040297187,0.0882398272991226,0.1906120281133531,2.0847348935406256,0.3143574594124274,0.0122904153447124,55.0,67.0,12.0,140.0,231.0,91.0
1000,Training-mean RA,SRS2822256,0.0203896822446879,0.609841622655412,0.394819013237608,0.4438700669162191,1.6242010096774098,2.3471607545029127,0.1707061998305956,0.357986647958297,2.909585810968649,0.8055259250719576,0.0965941864097211,55.0,67.0,12.0,114.0,231.0,117.0
1000,Training-mean RA,SRS2822262,0.0096627432298864,0.6269416254243124,0.3334920136768991,0.4036895824728994,1.987954015776712,2.5941346558427827,0.1362348650120458,0.6701012768788257,3.3604544976215904,0.8061609838022005,0.0410823679729861,36.0,67.0,31.0,89.0,231.0,142.0
1000,Training-mean RA,SRS2822268,0.0137420456605752,0.5395712304407392,0.4447851137377716,0.502172492692885,1.8713305955713468,2.510910491788892,0.1618225327872511,0.5157793469499983,3.263113644067622,0.8344576963026338,0.0644042524333187,43.0,67.0,24.0,100.0,231.0,131.0
1000,Training-mean RA,SRS2822269,0.0130011996241528,0.5615874328741186,0.4411919361093589,0.4888883606246966,1.817795348818776,2.4625329839489947,0.1714379361736948,0.5211532424799789,3.150235084936958,0.8078914679232604,0.0592604271538386,45.0,67.0,22.0,102.0,231.0,129.0
1000,Training-mean RA,SRS2822275,0.0104855068950688,0.5210863733936675,0.3974453432918968,0.4483160312900362,2.524066621800142,3.1107704876578435,0.0974969535464759,0.9665979687502798,4.170498370894489,0.7306998767373609,0.042239255320655,46.0,67.0,21.0,87.0,231.0,144.0
1000,Training-mean RA,SRS2822279,0.0129781382675813,0.6566553907370195,0.3643335293980139,0.4212412476721251,0.8207801352021151,1.5630864826984665,0.1254993762523116,0.1398909479716552,1.5031424754432168,0.4203402447514115,0.0330403319996536,60.0,67.0,7.0,162.0,231.0,69.0
1000,Training-mean RA,SRS2822280,0.0123912636671199,0.6083328945443428,0.3683369761881504,0.4235896068796052,1.3234611348876335,2.1784925740471737,0.1157480265750669,0.1320136925168182,2.5165735666855578,0.3263555304262855,0.0246612248165181,60.0,67.0,7.0,149.0,231.0,82.0
1000,Training-mean RA,SRS2822298,0.0095883178913338,0.578836437622175,0.3687925128702624,0.4069020917104384,2.1066707946394634,2.783712093464555,0.0982338960446897,0.4735489242999785,3.778210738737363,0.6604284207572455,0.0377563340512723,44.0,67.0,23.0,101.0,231.0,130.0
1000,XGBoost,SRS2821816,0.0021443057284027,0.7322792585031996,0.0833947251484844,0.1340956944220309,0.769513195230647,0.8982164343086522,0.0422057525102122,0.562695104597492,1.0296097234790351,0.1668064373368496,0.0072370878483789,52.0,46.0,6.0,117.0,73.6,43.4
1000,XGBoost,SRS2821824,0.0020484671531365,0.8817649130939925,0.0877041212483614,0.1338501209666801,0.7235642953916297,0.9063233083309156,0.035113283786003,0.3145246730338707,1.1612050835779106,0.1851535344641072,0.0058899816952699,61.0,52.2,8.8,162.0,98.6,63.4
1000,XGBoost,SRS2821835,0.0026983097656525,0.8228232841283505,0.0731833397297827,0.1026831106705269,0.7092830490167535,0.8813285048121932,0.038939560735977,0.5964157889292316,0.8792148049035848,0.1279898668990141,0.0187470832590117,40.0,34.8,5.2,74.0,56.0,18.0
1000,XGBoost,SRS2821843,0.0016807265210316,0.8793310485510414,0.0757623723269674,0.1260180214746099,0.6455233212656019,0.8142653154542684,0.038126415652398,0.293558861180054,1.0236344096335084,0.1461492293244006,0.0045007235950764,58.0,54.6,3.4,142.0,96.4,45.6
1000,XGBoost,SRS2821844,0.0020457532200935,0.8544539128121755,0.0973269561547955,0.141630834868309,1.007771460544363,1.5025380723835953,0.0465527680904259,0.2029671343491905,1.8285867061203531,0.1312347063493518,0.0050354356122475,71.0,59.0,12.0,118.0,103.0,15.0
1000,XGBoost,SRS2821854,0.0019885113365672,0.8169214842060656,0.0969804268799433,0.1468526043558558,1.2282519621628,1.637970962586543,0.0463473145857253,0.6118196506219279,1.902567268731,0.1617586304182864,0.0062169185826113,62.0,55.6,6.4,111.0,89.6,21.4
1000,XGBoost,SRS2821860,0.0018790310930886,0.8328883530304021,0.0709827246915485,0.1247113951497011,0.8745090145050369,1.033543139136442,0.0391636078186105,0.6403168366460525,1.1702365622439956,0.1275127676402078,0.0056829468815079,50.0,47.2,2.8,127.0,71.4,55.6
1000,XGBoost,SRS2821870,0.0017467497849893,0.8501751755476405,0.0804086412753933,0.1253453734000321,0.7025117230033111,0.8640740875005513,0.0402012141921241,0.3440696159125587,1.0920584696402496,0.10280172633838,0.0011426860322334,59.0,54.0,5.0,131.0,86.6,44.4
1000,XGBoost,SRS2821871,0.0022741745383422,0.8697695759768902,0.0951229544528515,0.1321374478128295,0.6167160912336881,0.7958744570829311,0.041152397996903,0.2643360723652289,0.9919416830689836,0.0916753074024139,0.0036582130461926,59.0,55.4,3.6,136.0,94.8,41.2
1000,XGBoost,SRS2821875,0.0019519014436138,0.873445407723251,0.080552426463264,0.1316470641547548,0.7417777401670381,0.9511543584827612,0.039224501770918,0.3729540847460877,1.1447626914830846,0.1282574900650306,0.0043817579831868,56.0,51.8,4.2,139.0,87.6,51.4
1000,XGBoost,SRS2821881,0.0021339096966719,0.8317346252679302,0.0594862074682261,0.0923796263928459,0.6635145451841804,0.839838599838,0.0411128469108665,0.7168322799342001,0.6793649413735572,0.1005461399476719,0.0131289282580637,32.0,29.8,2.2,70.0,52.4,17.6
1000,XGBoost,SRS2821890,0.0015988829226513,0.8695300599022365,0.0736197307699731,0.1282597634128969,0.6738094072840399,0.892283204284365,0.033081822800866,0.2941096704689629,1.0802285300808907,0.1559220863924498,0.0057215811220303,64.0,54.8,9.2,146.0,100.8,45.2
1000,XGBoost,SRS2821892,0.0017850063950735,0.8280414205583153,0.0849666760827368,0.1407662435253858,0.6369098067866048,0.8756369338272088,0.042945635797717,0.2635705415008848,1.0328327238372157,0.1616488767924339,0.0043426025286882,69.0,54.2,14.8,154.0,111.4,42.6
1000,XGBoost,SRS2821893,0.0022203724198303,0.7919795961097099,0.0880636226323934,0.1340348519510357,1.093445370980253,1.455379213618578,0.0415543037806359,0.5458079712377699,1.6926992878640177,0.130251953984215,0.0065774265044107,62.0,51.0,11.0,92.0,76.8,15.2
1000,XGBoost,SRS2821894,0.0022420814122468,0.8038984641310261,0.0780721823013198,0.1179794862635502,0.7222635110552128,0.8971544974275265,0.0430481857668238,0.4774843194163651,1.0115125431463754,0.0879003815874999,0.0040737680771917,42.0,40.8,2.4,79.0,61.0,18.0
1000,XGBoost,SRS2821901,0.0021204394096825,0.8335310358555501,0.0827144491266316,0.1328358860477879,0.8209688870116125,0.9604610506332324,0.0482596456343953,0.5688935996422526,1.1263374137676032,0.1568374116322439,0.0063909808026503,48.0,44.0,4.0,117.0,73.2,43.8
1000,XGBoost,SRS2821905,0.0025062921963812,0.7648063754654684,0.0737541284525209,0.135492419445721,0.8792017566254321,1.0095308136596564,0.0389142857239496,0.7108008390954639,1.116378463083193,0.2626939941335465,0.0323233856024105,46.0,37.2,8.8,110.0,66.8,43.2
1000,XGBoost,SRS2821908,0.0038200138920264,0.7767658399152719,0.0920587430065098,0.1411120653496901,0.902316534197826,1.0285167037029228,0.0510130016481174,0.7606587081153362,1.1166152593675112,0.2684727311104321,0.0372962404187728,46.0,37.4,8.6,111.0,64.6,46.4
1000,XGBoost,SRS2821916,0.0016824389963487,0.8320736242430005,0.0587167034523921,0.1080742828471685,0.7588893275111797,0.9135318576938763,0.0369898600373532,0.5855198877353245,0.9884075102797404,0.054773446690456,0.0068698160517475,37.0,35.4,1.6,85.0,59.6,25.4
1000,XGBoost,SRS2821919,0.0017042287100199,0.8763471159226421,0.0743006499469918,0.1255778505839238,0.8001975685022596,0.9777507985347738,0.0307540972348368,0.4804497922036448,1.1659771875929574,0.1126958757025037,0.0041362757835885,55.0,48.4,6.6,124.0,80.2,43.8
1000,XGBoost,SRS2821925,0.0042242286497672,0.7406851399721553,0.085885522451557,0.1024326541264684,0.6467425162766001,0.8237395072037355,0.061188975842332,0.725397590421528,0.6360773003169443,0.1183551940314746,0.0389999565618584,31.0,31.2,1.0,66.0,48.8,17.2
1000,XGBoost,SRS2821928,0.0016686134664502,0.8366075400122774,0.0802211785161946,0.1300821050114314,0.7081899145328064,1.0152821631416145,0.0288220242137533,0.2595772970522937,1.1804231504928546,0.136291411238748,0.0051986732758161,62.0,54.6,7.4,137.0,100.8,36.2
1000,XGBoost,SRS2821931,0.0018918845306275,0.8677338179528451,0.0733864577256106,0.1195790147160404,0.7374337532384819,0.932348307538715,0.0473517741934288,0.3567769833235644,1.1497639697572717,0.0772008520449285,0.0032766984331941,50.0,48.0,2.0,140.0,88.8,51.2
1000,XGBoost,SRS2821932,0.0017124576781617,0.9098290920124,0.0762522605432818,0.1229694049029143,0.6964461556166567,0.893462769163437,0.0337447784118566,0.3257510198866566,1.0970316940173055,0.1299230059040448,0.0047831017645207,60.0,55.6,4.4,144.0,94.4,49.6
1000,XGBoost,SRS2821946,0.0023162666272863,0.791373442286541,0.0592283495953883,0.0885951241134447,0.6575321795413985,0.874130138185731,0.0385879708820412,0.81962164873964,0.575391039572675,0.0779245590327516,0.0120137758534159,33.0,30.6,2.4,64.0,50.6,13.4
1000,XGBoost,SRS2821968,0.0033842179344888,0.6591515180919191,0.1040294144759693,0.1462967246580307,1.2479608601937309,1.6446807981372793,0.0515849778590456,1.2407293540570503,1.3769158064136722,0.2286813177337944,0.0258089479248413,53.0,48.8,4.2,70.0,67.6,2.4
1000,XGBoost,SRS2821969,0.0028686163931842,0.6675051848549391,0.088449259812541,0.1400358003841094,0.8838594097482696,1.0269096905805015,0.0675116274066324,0.6728864296109023,1.1567998893238691,0.0568646689707588,0.0154024067227168,40.0,38.0,3.2,120.0,67.2,52.8
1000,XGBoost,SRS2821970,0.0019833926456418,0.875675022496236,0.0915652018025041,0.1373655170749253,0.5906565486101956,0.756430760969117,0.0363238394700872,0.2417543122387356,0.960587101091832,0.153095735908096,0.0047190497839885,62.0,57.4,4.6,158.0,107.8,50.2
1000,XGBoost,SRS2821972,0.001914688805344,0.9050682448872563,0.0858388215792081,0.1291498147450093,0.6307546002723092,0.7785017350272947,0.0416064938300958,0.3180515942363978,0.9717551362710704,0.1353082465020477,0.003822774320148,61.0,56.8,4.2,141.0,94.0,47.0
1000,XGBoost,SRS2821987,0.0026717516592797,0.8004390671669,0.0861470326277915,0.1341682988385607,0.8777736572732742,1.0180910942399322,0.0517498352302883,0.6901263389049007,1.130766602002041,0.1796433840632141,0.0112338782908335,44.0,38.4,5.6,115.0,65.2,49.8
1000,XGBoost,SRS2821991,0.0018524632114372,0.8471652412621081,0.0751953634913249,0.1247590534338281,0.8094775748294912,0.9798873102702572,0.0470932262489926,0.5315155289466326,1.1370261556341554,0.0987627763030408,0.0019618943736804,49.0,48.0,2.6,125.0,78.0,47.0
1000,XGBoost,SRS2822000,0.0018049296494268,0.8861225352217506,0.0761677164625597,0.1239337480932857,0.6225586827384344,0.8192210548183173,0.0344708632028188,0.2566235275113137,1.0112338744695744,0.1533852973560813,0.0060130286906194,61.0,53.0,8.0,139.0,99.4,39.6
1000,XGBoost,SRS2822019,0.0017759418898603,0.8594373973770549,0.0748993236098693,0.1269126288220022,0.7698439398091694,0.963605632513734,0.034298000439215,0.4438876491157575,1.1377267299734084,0.0917642758797164,0.0030232508788619,52.0,50.2,1.8,128.0,81.6,46.4
1000,XGBoost,SRS2822023,0.0018658237581111,0.8739577920172016,0.0720548488176597,0.1148461186399078,0.8048171199680372,0.9325142981654851,0.0303259173478093,0.6440081000911254,1.0284440010706426,0.1320162975892186,0.0050007006474857,47.0,41.2,5.8,93.0,62.2,30.8
1000,XGBoost,SRS2822025,0.001878031357115,0.8502723756482782,0.072287769293899,0.1227880564384828,0.8117531935274874,0.9619768758218856,0.0301438640063557,0.5423488360233701,1.133587981238071,0.1317787105223463,0.00609680349571,47.0,43.0,4.8,89.0,64.8,24.2
1000,XGBoost,SRS2822026,0.0022008088918742,0.8635202946370001,0.0712727833117533,0.105248265803081,0.7015875504254311,0.8393901478741418,0.0449004603985034,0.6250789515528477,0.8374844987862543,0.1023907648975916,0.0073117701362442,36.0,35.4,1.8,78.0,56.4,21.6
1000,XGBoost,SRS2822053,0.0014156688808223,0.8525934542496799,0.0569331156917309,0.1108432775872305,0.7795257490263762,0.9329175777960126,0.0343339677854528,0.7836849116999919,0.8520718010841699,0.07898579078094,0.0018983953298419,36.0,33.2,2.8,87.0,56.0,31.0
1000,XGBoost,SRS2822060,0.0062696395444933,0.729003855576529,0.1355164643710467,0.1578445793259209,0.840009937710391,1.0384990807006995,0.0915689773076757,0.4954424733355873,1.2259187835683665,0.1330902218676661,0.0683925743475029,44.0,45.8,1.8,110.0,72.2,37.8
1000,XGBoost,SRS2822063,0.0046246058792149,0.7941820236830742,0.1114005997400796,0.1444101152619419,0.8002825118613174,0.9583235921450456,0.0745242044019526,0.5706089089420393,1.080736438867376,0.0635551380498,0.0481083265067397,44.0,40.8,3.2,107.0,67.4,39.6
1000,XGBoost,SRS2822068,0.0018330112680725,0.8806733588462722,0.073439091263199,0.1298788853845597,0.830100869309512,0.9876931673256454,0.0379835646523614,0.5576825480122692,1.1557167243365092,0.1382230303599412,0.0043370512480022,51.0,48.2,3.2,132.0,76.2,55.8
1000,XGBoost,SRS2822077,0.0019385729244897,0.8687189638951842,0.0588097074863648,0.0960609641756021,0.775137587838309,0.9511107435506568,0.0300655715878546,0.7618821575672032,0.8633033773041514,0.1214591061579375,0.0124152576027302,32.0,31.6,0.8,79.0,54.4,24.6
1000,XGBoost,SRS2822080,0.0017904226824451,0.7144155144424273,0.0771513134405843,0.1438684774892757,0.77713958060288,1.0112891546433334,0.0354775928050454,0.3640974573302712,1.2238199577245277,0.1203815163337558,0.0094110436172254,52.0,46.2,5.8,129.0,87.6,41.4
1000,XGBoost,SRS2822089,0.0016584403487323,0.8916907113891858,0.0769312686944753,0.1245000759709195,0.549448335329852,0.7382758289797346,0.0362486444333177,0.2221444627420829,0.8957809137287545,0.1475806470595405,0.0054612758045508,64.0,55.8,8.2,153.0,109.0,44.0
1000,XGBoost,SRS2822111,0.0016548810477283,0.7951818195773248,0.0601137563593294,0.1063216091803878,0.81857574911595,0.9813459440120884,0.0384398836703625,0.64826229926045,1.051311965921616,0.1060287593804086,0.0068242819662815,41.0,38.8,2.6,91.0,60.8,30.2
1000,XGBoost,SRS2822116,0.003576373860634,0.8115703995298638,0.0854937939719393,0.1195794258113384,0.7603156374576151,0.8935390228679433,0.0393146275549539,0.5868969301743425,0.9897860765050772,0.1956068381991297,0.0275002132409439,45.0,40.8,4.2,88.0,61.6,26.4
1000,XGBoost,SRS2822120,0.0016784231607013,0.9097968273055828,0.0766536003690251,0.1222575560228701,0.6328230743777263,0.8092383109207326,0.0379300421078267,0.2511910857914031,1.036284933577329,0.1524083668315646,0.0055347612225638,64.0,53.8,10.2,151.0,100.2,50.8
1000,XGBoost,SRS2822122,0.0016946301018633,0.84746494211561,0.071935649292565,0.1277868211168939,0.8794024565390096,1.0798843629858577,0.0315534735514125,0.5731831729443007,1.2410641503077935,0.1370588990254408,0.0052385868431589,51.0,44.8,6.2,128.0,77.4,50.6
1000,XGBoost,SRS2822125,0.0025071616809731,0.7712551096972472,0.0737721250617146,0.1207146269153317,0.8145342903168749,0.9526062205340498,0.0454372960319788,0.6267523412040396,1.061820929092992,0.1731506418292427,0.0193585015332877,40.0,35.4,4.6,96.0,63.2,32.8
1000,XGBoost,SRS2822129,0.0021252001363407,0.8409807902859896,0.099155542194018,0.1493807456526206,0.5985518372346688,0.8292336003079959,0.0457669074571721,0.2244152597710271,0.9909752539115396,0.1852200003099224,0.0083064772066322,71.0,59.2,11.8,156.0,112.0,44.0
1000,XGBoost,SRS2822133,0.0018957873425653,0.8298825724281447,0.0954130366277802,0.1482694473386046,0.6219583957730487,0.8392191066889388,0.0364465420545382,0.2136800228823153,1.0483787785122949,0.124262863791085,0.0049728395945195,70.0,59.2,10.8,149.0,106.6,42.4
1000,XGBoost,SRS2822136,0.0021895323052317,0.7788084769430799,0.0599646734432463,0.0929211699986276,0.6541977873683459,0.8542418579697871,0.0325548267155803,0.6416553384071048,0.7290891076050976,0.0837927332875216,0.0085667240093792,32.0,30.6,1.8,68.0,55.8,12.2
1000,XGBoost,SRS2822149,0.0032601116599834,0.8281826387263742,0.0864628370006498,0.1348342512907117,0.8485604498591593,1.0096772886843808,0.0353083735288066,0.5838697981358363,1.1694030584320207,0.2470747819566496,0.0310081307110908,51.0,47.4,3.6,130.0,76.8,53.2
1000,XGBoost,SRS2822153,0.0020363647623943,0.9056742395141496,0.0864983273622585,0.131240374749979,0.6739290497221256,0.8216253797473441,0.0306922924592999,0.3237986810763788,1.0540624345255265,0.1818240147362226,0.0061594560001558,63.0,54.0,9.0,158.0,98.0,60.0
1000,XGBoost,SRS2822168,0.004772622569333,0.8020594678521077,0.1083684042015706,0.1362527998180479,0.7793761571119895,0.9181526775084272,0.0632312578459784,0.5718187553170999,1.038993696443293,0.098947046424156,0.0483692628219358,42.0,37.6,4.4,90.0,62.0,28.0
1000,XGBoost,SRS2822180,0.0049769183168041,0.796790271366768,0.1103027549885953,0.1328574594368631,0.761617585019642,0.8963069434295379,0.066264827458266,0.5894070597198735,0.9873781025981576,0.0678599630702372,0.0444584568338528,38.0,36.4,2.4,93.0,60.6,32.4
1000,XGBoost,SRS2822183,0.0017664324236056,0.8879381953372303,0.0849820001969836,0.1304884834236772,0.656075795281782,0.8331344100355829,0.0412526928344424,0.2505733019461216,1.0830048076603702,0.1609182518752378,0.0034437234740681,63.0,57.8,5.2,167.0,106.4,60.6
1000,XGBoost,SRS2822185,0.0021713490443072,0.8824740182252435,0.0977192070012735,0.1383963464330284,0.5981767715688182,0.7508262218682518,0.0441325994977772,0.2389355404557551,0.9773584612051388,0.1803054751549822,0.0068176034554396,61.0,56.4,5.0,156.0,102.8,53.2
1000,XGBoost,SRS2822218,0.0016801400788725,0.8132532776537525,0.0618287834007113,0.1047410490764456,0.7334168359489561,0.9068134628131002,0.0355966435517356,0.7394447124394962,0.7994363995807853,0.0593803679855924,0.0038048324243717,31.0,31.6,1.4,84.0,55.8,28.2
1000,XGBoost,SRS2822220,0.0030101464944663,0.6713054800655944,0.1089373497603364,0.1529846461060693,1.086124045889917,1.4830173277283325,0.0518398582532769,1.0754757314719314,1.20155398512556,0.1497156995940144,0.0110245269357925,50.0,41.2,8.8,69.0,69.0,1.6
1000,XGBoost,SRS2822230,0.0020122802712409,0.6705614220236746,0.0947701582934464,0.1621885947881688,0.7455422120978862,1.0187069129681752,0.0410589241680869,0.3158778144625379,1.20333767724369,0.1675135075050517,0.008985167223846,61.0,50.2,10.8,129.0,95.8,33.2
1000,XGBoost,SRS2822236,0.0019676073222999,0.8297796816724998,0.062497639298425,0.1010521820863512,0.7238234013908554,0.8882972740416675,0.034797719223577,0.6346607216740822,0.8743893805710664,0.0909042587618622,0.0055461045603655,34.0,31.8,2.6,84.0,58.0,26.0
1000,XGBoost,SRS2822240,0.0014849825503696,0.8434572757528714,0.0479056411390739,0.0843108623219686,0.6744289352950554,0.8499540008535448,0.0371309802415975,0.753614708411274,0.6685840162434494,0.0349864907706814,0.003390214036742,31.0,31.4,0.8,67.0,51.6,15.4
1000,XGBoost,SRS2822243,0.0021854791224195,0.7204673870048424,0.0835917842408815,0.1340675978527352,1.1076771387805275,1.4162157354872993,0.0464052985469978,0.6828675987113473,1.597636363118499,0.1627251936581894,0.0096633664023964,59.0,45.4,13.6,94.0,70.8,23.2
1000,XGBoost,SRS2822253,0.0017447258127397,0.8888742516535231,0.0741464529211206,0.1195760537754295,0.6566390833072168,0.8219665614016136,0.0343803360784891,0.317926654213187,1.0243759386670028,0.1172740286471319,0.0034657229622578,55.0,53.4,2.4,140.0,91.8,48.2
1000,XGBoost,SRS2822256,0.0021730163600179,0.8276848544843197,0.0806942112986177,0.1305392978008197,0.8752635531867388,1.0367627408784157,0.0427833324887035,0.6298320548497046,1.1807866530252926,0.0812093067667659,0.0070071525168294,55.0,49.0,6.0,114.0,69.6,44.4
1000,XGBoost,SRS2822262,0.0015479557931437,0.8110560653378922,0.0583700186810308,0.112180390255752,0.805791842997228,0.9964399894277106,0.0351587415458907,0.7483425706182368,0.9362441844938608,0.1140281731447137,0.0049087444530989,36.0,32.0,4.0,89.0,56.4,32.6
1000,XGBoost,SRS2822268,0.0030875803003907,0.7429989814319293,0.0826925199452122,0.1306764867568552,0.7551295859097268,0.9264285002300368,0.0429050879211716,0.5078277064938572,1.050021969588942,0.1672242809936475,0.0189040542294994,43.0,39.8,3.2,100.0,67.8,32.2
1000,XGBoost,SRS2822269,0.0032178090899623,0.7878767549971928,0.083894737050823,0.1288584981632846,0.8028860880715122,0.9415782746152042,0.0448314756200995,0.5752465655380882,1.0848200686280376,0.2053164835480631,0.0220132028360538,45.0,38.6,6.4,102.0,65.6,36.4
1000,XGBoost,SRS2822275,0.0020730010731975,0.753838965277793,0.0712055390195404,0.1206151998939115,0.9060904948666296,1.1683144431351735,0.031587237732726,0.5767902026317058,1.291198964610898,0.1463570651324391,0.0098159063345313,46.0,35.8,10.2,87.0,63.0,24.0
1000,XGBoost,SRS2822279,0.0017507392490046,0.8782944311839136,0.0755674318610004,0.1239027588501852,0.651082108551839,0.8162709474841863,0.0404020672461937,0.2678397055121119,1.0576055296817783,0.1419901917020018,0.0052114153454964,60.0,53.4,6.6,162.0,100.8,61.2
1000,XGBoost,SRS2822280,0.0020636043862423,0.8658166384889492,0.0899885797323706,0.1396912501174903,0.7354330342008712,0.9667180075579364,0.0398304615920919,0.3293913579316016,1.1711148022214293,0.1284403189658836,0.0030572071599321,60.0,55.0,5.0,149.0,97.0,52.0
1000,XGBoost,SRS2822298,0.0021101179471681,0.7675362780383216,0.0760866317986646,0.1297124150957072,0.9375396530525536,1.1264932238804113,0.0371818126488157,0.6476087839179544,1.2899551727895051,0.1516395507241331,0.0085383720428869,44.0,40.4,3.6,101.0,66.8,34.2
2000,Random Forest,SRS2821816,0.0015177272473264,0.7813184421886241,0.0601214836212071,0.1057024519494391,0.6324707632653822,0.7981712753541261,0.0313737935984745,0.3223452619285059,0.9723807456124192,0.098956531412913,0.0063937415089966,66.0,63.2,2.8,117.0,93.0,24.0
2000,Random Forest,SRS2821824,0.0012469312783209,0.9023912955774394,0.0608219615364584,0.104845421133381,0.5727122059780301,0.7915792081934784,0.021061343939773,0.1370414417373892,1.0202549487333878,0.1294256298625224,0.0045342718421409,84.0,73.6,10.4,162.0,124.6,37.4
2000,Random Forest,SRS2821835,0.0015859788531818,0.8255646071966491,0.0531781251387602,0.0820892620541948,0.6550811779841375,0.862316892866447,0.0352811960218885,0.4934028812967616,0.8636538204083113,0.0552587752348812,0.0053045529021906,43.0,45.0,2.0,74.0,64.2,9.8
2000,Random Forest,SRS2821843,0.0013715580714599,0.8912356325301563,0.0615735000319896,0.1043739068236959,0.573400361184044,0.774543277609635,0.0312504580664286,0.1583923376958877,1.0014229077838772,0.1012206332512985,0.00247870629844,81.0,72.0,9.0,142.0,113.8,28.2
2000,Random Forest,SRS2821844,0.0013842554170105,0.8825701430627634,0.0672022160123483,0.1097112158610579,0.8812134355430634,1.3327546967367216,0.0279557418025238,0.1601979398676605,1.6157655341700157,0.0739801593399939,0.0020849931423797,90.0,81.0,9.0,118.0,108.4,9.6
2000,Random Forest,SRS2821854,0.001608254841928,0.8509915421624168,0.0725042479578027,0.114103434038442,1.0501166821780323,1.4488922937265882,0.0349067073740906,0.5095394178355173,1.639278397197701,0.1023019291001929,0.0050178672630704,89.0,75.0,14.0,111.0,97.0,14.0
2000,Random Forest,SRS2821860,0.0015002309690033,0.8372994051666389,0.0585367873349707,0.1058931387692332,0.797128945852967,0.99962872893948,0.0416038076228987,0.4764072404869965,1.1623580892286485,0.0714003781175317,0.0017126912692396,66.0,60.4,5.6,127.0,87.6,39.4
2000,Random Forest,SRS2821870,0.001289768324043,0.8558665365912402,0.0613379701682791,0.1075004661123851,0.7101336997809593,0.924589774282894,0.0263754649413153,0.290313239649014,1.1569714124420394,0.0963727402375318,0.0047577142661974,73.0,68.4,5.0,131.0,94.6,36.4
2000,Random Forest,SRS2821871,0.0015370973219614,0.8637694113591753,0.0709664196463014,0.1127610258338485,0.596368939271135,0.7960825901964381,0.0272749188840567,0.1888534719259429,1.0204239435418745,0.0667581495951295,0.0034161120189432,75.0,71.0,4.8,136.0,106.4,29.6
2000,Random Forest,SRS2821875,0.001368441206154,0.8843417232344949,0.0617408012184106,0.1067401606935758,0.66346290661536,0.9088336710077772,0.0266959198605156,0.253312113127317,1.0968106332724457,0.0835083453764091,0.0031564438326235,74.0,70.2,7.0,139.0,104.2,34.8
2000,Random Forest,SRS2821881,0.0014287180003879,0.8280936681920179,0.0414577355343049,0.0703815003679717,0.574003151907605,0.7691776332237896,0.0315745634173201,0.6766998754269531,0.5373428776490854,0.0563759027040779,0.005191482770937,43.0,41.0,2.4,70.0,55.4,14.6
2000,Random Forest,SRS2821890,0.0011575101121578,0.8959537981275218,0.0566919409887349,0.1038751900704543,0.6117143970695,0.8590547971777328,0.0252137267780716,0.1864632539728088,1.0534713972806131,0.0937067316071102,0.003502159214414,86.0,76.6,9.4,146.0,114.2,31.8
2000,Random Forest,SRS2821892,0.0012046284607467,0.8655462329490442,0.0607828831968185,0.1089877469653502,0.544774191522438,0.8223346413971748,0.0285602077625841,0.1324893152191826,0.9676974803999908,0.090566002242872,0.0022096073627265,98.0,84.2,13.8,154.0,127.0,27.0
2000,Random Forest,SRS2821893,0.0012689374429456,0.7996074914619421,0.0592634169893878,0.1024414307162526,0.9093712143268494,1.223306533559856,0.0280263345711107,0.5175181196931812,1.3513297672801,0.0747633865548214,0.0029913637851191,78.0,66.0,12.0,92.0,81.6,10.4
2000,Random Forest,SRS2821894,0.0014860925804558,0.8314591358314141,0.0536564171408074,0.08596653303212,0.643273413164254,0.823916954109199,0.028536957978459,0.4389091151401036,0.8896443099529823,0.0848951778347104,0.0063548891052179,52.0,47.8,4.2,79.0,66.4,12.6
2000,Random Forest,SRS2821901,0.0013956132472318,0.8565094847665966,0.0575106642957872,0.1022519966874873,0.6941702522486406,0.8920562036686366,0.0265767932024312,0.330040180407322,1.089363505457389,0.0545606918709625,0.0024126774461309,66.0,61.8,4.2,117.0,91.6,25.4
2000,Random Forest,SRS2821905,0.0009798781221425,0.7863767384870279,0.0450192880916657,0.1052121483045394,0.7228628925628017,0.8960902689208267,0.0253970952197143,0.4331480196178637,1.0543160491075505,0.0726437494758158,0.0049084381945716,62.0,56.4,5.6,110.0,82.0,28.0
2000,Random Forest,SRS2821908,0.0010407808118803,0.7826550830176365,0.0463173545502753,0.1062438928175972,0.7203321167735517,0.8851983011148654,0.0379147674291414,0.4310525247376423,1.049854156407969,0.1002990849509911,0.0049016524483203,61.0,55.0,6.0,111.0,85.4,25.6
2000,Random Forest,SRS2821916,0.001126590314235,0.8346273257826381,0.0409522579640851,0.0819076538153373,0.7887854988119629,0.9969171538832812,0.029773789416887,0.6383082235165582,1.001553700432531,0.0757288912641154,0.0034557591652127,47.0,44.4,2.6,85.0,63.2,21.8
2000,Random Forest,SRS2821919,0.0014474919319387,0.8572121608407148,0.0598310340315897,0.1059161577460982,0.7647908404986363,0.9700080002903856,0.0278032534812002,0.4450949390279931,1.1272016389150146,0.119258067887728,0.0055326998991333,70.0,65.0,5.0,124.0,88.8,35.2
2000,Random Forest,SRS2821925,0.0011436667670031,0.7384757387692658,0.0395124857358974,0.0690471870533644,0.5403530483038443,0.7380044370157648,0.0381116572898429,0.6841746432403357,0.4626638850000805,0.0146697337848876,0.0048876237314881,37.0,38.0,2.2,66.0,53.6,12.4
2000,Random Forest,SRS2821928,0.0014950495356798,0.8716580155309261,0.064483109386015,0.1074856555260763,0.6602146462170245,0.9735354036689056,0.0281223996117797,0.1863902656848695,1.1502396744574486,0.0829632163937165,0.0028107645366214,83.0,75.2,7.8,137.0,110.2,26.8
2000,Random Forest,SRS2821931,0.0013044766651446,0.8720934340405802,0.0544257708308227,0.102558330149571,0.7535363643014025,0.9771321384705264,0.0321508175006124,0.3574914591370328,1.18288385483013,0.0865178524476524,0.0022826564286194,69.0,61.0,8.0,140.0,96.6,43.4
2000,Random Forest,SRS2821932,0.0011873632380931,0.922284429067246,0.0558332775963664,0.0952627706336668,0.5563243808096544,0.7959725925306615,0.0316562223545712,0.1252723792213931,0.99695913861263,0.0815618520133826,0.0027309620313734,83.0,74.8,8.2,144.0,113.8,30.2
2000,Random Forest,SRS2821946,0.0012290640566256,0.7959633486690809,0.0411645411437355,0.0700850529826351,0.6294234367371119,0.8922197803646318,0.0301317643782504,0.7513946331535679,0.5812822977543497,0.0347523449115185,0.0029487736952751,43.0,42.0,2.2,64.0,57.8,6.2
2000,Random Forest,SRS2821968,0.0013547866080421,0.7188046458171756,0.0583201466408923,0.0940876464642923,0.962184583855823,1.3117513110768475,0.0385159752678204,1.031681421940386,0.9943503505487664,0.0536367329165014,0.0042382147206422,59.0,56.6,3.2,70.0,65.8,4.2
2000,Random Forest,SRS2821969,0.0013282490576967,0.7804265504880228,0.0509694310064617,0.1032541451037265,0.7877879667422618,0.9793485084563518,0.039666140384631,0.5284477616326592,1.097160936231584,0.1028709709624998,0.0083226597019199,64.0,55.0,9.0,120.0,85.2,34.8
2000,Random Forest,SRS2821970,0.001281831899824,0.896823337039432,0.0619847384634168,0.10108810288243,0.4828019013801364,0.6851715569815027,0.0305872466678922,0.0987131571837788,0.873864163975758,0.0859676592799936,0.0020154862861463,91.0,81.4,9.6,158.0,126.0,32.0
2000,Random Forest,SRS2821972,0.001388205096685,0.9206344687121926,0.0634356511479495,0.0984425616323196,0.5257045846736927,0.703569774788444,0.0357285122433307,0.1422002840574185,0.9201075705937714,0.1122948502180729,0.0048453713975689,86.0,76.0,10.0,141.0,114.2,26.8
2000,Random Forest,SRS2821987,0.0012639172633869,0.8249044002473308,0.0528048165719284,0.1019409137118012,0.8302586031692124,1.0322746363481186,0.0293708045339355,0.5618551197961149,1.153168355033714,0.1225690620096599,0.0068105729749053,60.0,52.4,7.6,115.0,81.0,34.0
2000,Random Forest,SRS2821991,0.0014719886993219,0.8907711805786487,0.0571926530387687,0.1011220714216867,0.7266270721553165,0.9251954161375224,0.0386599174157315,0.3866604139522424,1.102215828429057,0.0730872392122062,0.0018074526241387,70.0,61.2,8.8,125.0,92.8,32.2
2000,Random Forest,SRS2822000,0.0013712521782439,0.9020632021432984,0.0622577310945824,0.1029078133741747,0.6003032480894545,0.7970864722103813,0.0286997661777893,0.2090951092951656,1.0099770519272542,0.1253975230033617,0.0047396145638079,85.0,72.8,12.2,139.0,108.4,30.6
2000,Random Forest,SRS2822019,0.001322099796687,0.8740218841733146,0.0556879887840327,0.0997537838486355,0.7054354827892102,0.9108625882984258,0.0272769782480692,0.3179038686099776,1.122716306218087,0.0997762950398418,0.0038369421243666,70.0,63.4,6.6,128.0,93.4,34.6
2000,Random Forest,SRS2822023,0.0015586102633463,0.8788203575879786,0.057259914673388,0.0964280394190019,0.747226982421241,0.9138117397527096,0.0248996362131525,0.5519266212262622,0.9964749877514196,0.0916798671330601,0.0036280683378317,58.0,52.6,5.4,93.0,70.8,22.2
2000,Random Forest,SRS2822025,0.00129359404928,0.8682018769725774,0.050282769734635,0.0894319292478274,0.7415035237934597,0.9126244510281216,0.0234757109195845,0.5065221967790279,1.025930554084843,0.0797920724922459,0.003327696570832,58.0,53.0,5.0,89.0,72.6,16.4
2000,Random Forest,SRS2822026,0.0015469098340613,0.8762743200777974,0.0496023086911668,0.0789974942164305,0.6537973410060467,0.8249832749513553,0.0342486240537697,0.5672022736419681,0.7949467189578936,0.0447508978378516,0.0035531223750052,51.0,45.6,5.4,78.0,63.8,14.2
2000,Random Forest,SRS2822053,0.0012001394452329,0.8502816093955394,0.0440257772873265,0.0886966876479422,0.7562459636634762,0.9465991737512554,0.0274218561724997,0.6689418039682816,0.909217519589735,0.0446895553853666,0.001528568364157,54.0,46.6,7.4,87.0,67.4,19.6
2000,Random Forest,SRS2822060,0.0011782861597817,0.8454876153334497,0.0492964680497777,0.0977137695711537,0.7837139280602938,0.966753137673576,0.033373540314993,0.5274065064335753,1.09059165330545,0.0966529062570073,0.0101416422875757,63.0,55.4,7.6,110.0,79.4,30.6
2000,Random Forest,SRS2822063,0.0014850034179409,0.8701057673678863,0.0534809259224744,0.0967799292781569,0.6991550831679563,0.867432555516922,0.0361347215046355,0.4045578015506268,1.031464963530151,0.1195464159990797,0.0157078111898495,60.0,52.8,7.2,107.0,82.6,24.4
2000,Random Forest,SRS2822068,0.0010823632059999,0.8997953803909731,0.0478560605472776,0.0951465003392185,0.6658879624505508,0.8603939322658951,0.0246675909764306,0.2892199858103909,1.0696361054910375,0.0729041257902061,0.0016154983936806,74.0,66.0,8.0,132.0,98.4,33.6
2000,Random Forest,SRS2822077,0.0013914429624326,0.8587730573278893,0.0473384502726914,0.0822756325617285,0.7166267982087849,0.922279121160196,0.0261027921820478,0.639629150025525,0.8564263570374402,0.061786523824899,0.0049734392080442,48.0,42.0,6.0,79.0,64.0,15.0
2000,Random Forest,SRS2822080,0.0014585202053059,0.7740429058618383,0.060399419828623,0.1158388400634097,0.6524323422690845,0.9548964707351212,0.033122931983958,0.172051005815043,1.1470346626585917,0.083747664888746,0.0084079093786542,68.0,66.0,2.0,129.0,106.2,22.8
2000,Random Forest,SRS2822089,0.0013364619353501,0.91406966730257,0.0619642394287673,0.1048089692632543,0.4846809220156032,0.6786487576664456,0.0285164839916554,0.1165287358051791,0.8618422363644195,0.103009920304138,0.0029881258355365,92.0,79.6,12.4,153.0,125.8,27.2
2000,Random Forest,SRS2822111,0.0016124680535132,0.8150657315929773,0.0540908056400702,0.0907707366610632,0.7701551535191097,0.9638526993140648,0.0301033594468374,0.5896157931496041,1.0079674401731509,0.0857780388337809,0.005465381552227,50.0,48.8,2.8,91.0,69.6,21.4
2000,Random Forest,SRS2822116,0.0012643338459627,0.8369367824174668,0.0503445755474276,0.0914381366260245,0.7062663052969136,0.8742515517009786,0.0296646964051634,0.5429438754240882,0.9221291235732508,0.0849752386440641,0.005174975333751,55.0,50.4,4.6,88.0,68.6,19.4
2000,Random Forest,SRS2822120,0.0013394395681639,0.9164436704805544,0.056624539093867,0.0997481518005568,0.5733831156973772,0.7762604319808653,0.0236273175314478,0.152992530449341,1.0070158093543315,0.1242988015754585,0.0049239353691308,88.0,73.6,14.4,151.0,113.8,37.2
2000,Random Forest,SRS2822122,0.001178304338839,0.8841667626513013,0.0515479334564286,0.0971241304543876,0.7229314121392274,0.9830218548106648,0.0284415526791017,0.3114963261587382,1.1633406087908609,0.0673906500162407,0.0022912330907366,72.0,63.6,8.4,128.0,98.0,30.0
2000,Random Forest,SRS2822125,0.0015162389676184,0.811789032265486,0.0539234834458353,0.0983953432603015,0.7469186392669133,0.921561250277204,0.0336310577776243,0.5001994899306091,1.041396761973208,0.0899721113153848,0.0068321159204361,55.0,48.4,6.6,96.0,73.0,23.0
2000,Random Forest,SRS2822129,0.001369275851959,0.8580604321727516,0.0690855898802698,0.1138733458395055,0.4905593981986202,0.7539541363415609,0.0281287853194236,0.0832192104043583,0.903538763363781,0.0666946810201797,0.0028708377220543,89.0,84.8,4.2,156.0,128.0,28.0
2000,Random Forest,SRS2822133,0.0014213408327049,0.8580762819795804,0.0718271630181079,0.1195915881893875,0.5772674246742325,0.8119127689740253,0.0241478259053863,0.1517651243657424,1.0158329130140975,0.0804415349755005,0.0027074391544192,88.0,81.0,7.0,149.0,115.8,33.2
2000,Random Forest,SRS2822136,0.001070552020006,0.8010127699661667,0.0388622097041484,0.076425361814379,0.5968631440195379,0.846574427543389,0.0238402743886301,0.591567711447838,0.6602724087311568,0.0290926228605629,0.0020956636639672,40.0,39.4,1.8,68.0,60.6,7.4
2000,Random Forest,SRS2822149,0.0011768468601447,0.8511842226303686,0.0541448722768148,0.104166347798652,0.6947414281369964,0.8938193168985936,0.0283542121112026,0.3130943801020273,1.105535107541105,0.0848315644897985,0.0016806334213769,65.0,61.2,4.6,130.0,99.4,30.6
2000,Random Forest,SRS2822153,0.0012465176209771,0.9078749069762768,0.0572508153960697,0.0993650758888435,0.4927954109445052,0.6841711388820678,0.0218503162256868,0.0930089395180045,0.8998658359363612,0.0929921597574765,0.0034056514769781,89.0,81.8,7.2,158.0,123.6,34.4
2000,Random Forest,SRS2822168,0.00145334871786,0.8060114589442895,0.0492235414985718,0.0937105074322793,0.7612045609335272,0.9497639363079978,0.0376921715907324,0.5628596461746681,1.013306776240348,0.1141339344064122,0.0145297657951853,52.0,47.0,5.0,90.0,70.8,19.2
2000,Random Forest,SRS2822180,0.0015820826768055,0.778549801047827,0.0532219738850154,0.0995818445967291,0.7907276452466256,0.9945282373763078,0.0385961999370142,0.6414260788795902,1.001736207095972,0.0994694234959857,0.0118308963871911,49.0,45.2,3.8,93.0,65.6,27.4
2000,Random Forest,SRS2822183,0.0012292127777935,0.8898820953168232,0.0611463107251084,0.1060159008883844,0.5115563449375605,0.7194515958248352,0.0211474915115413,0.0908331188829604,0.939412745447503,0.1110281401887168,0.0040815824928093,88.0,82.8,5.2,167.0,125.2,41.8
2000,Random Forest,SRS2822185,0.0013902441112874,0.8961009285560475,0.0681556859379504,0.1083783766860783,0.4930251674339773,0.6859133604031168,0.028292942656359,0.1043015571070669,0.8895291871141101,0.0941411805522078,0.0028584065240507,86.0,78.0,8.0,156.0,121.6,34.4
2000,Random Forest,SRS2822218,0.0011979854226046,0.8103574458705454,0.0440456985250192,0.0856932912236309,0.6576489812948729,0.8388434904749087,0.0255746922199208,0.5867186973787316,0.7860192027469555,0.0481905302783947,0.0032834445608161,42.0,43.0,1.4,84.0,64.2,19.8
2000,Random Forest,SRS2822220,0.0014391589506734,0.7051542884472607,0.0606881781334557,0.1111862971636011,0.9252474506416194,1.348396470284521,0.0345506437440353,1.0077497687812438,0.94236394057667,0.0285789774744251,0.0022125709514886,57.0,54.4,2.6,69.0,72.8,5.0
2000,Random Forest,SRS2822230,0.0014230104265417,0.7370285366720981,0.0667304479964315,0.1258025503189575,0.7031086987938181,0.98569307070191,0.0304964972501119,0.2489076795694297,1.1796667681768769,0.1125722946011996,0.0052261417171667,81.0,68.8,12.2,129.0,106.2,22.8
2000,Random Forest,SRS2822236,0.001563025915974,0.8254648993306379,0.0502419169685875,0.0855740595263999,0.6898181448309015,0.8867760492193921,0.0290993908294106,0.6015172835616641,0.8367129636239131,0.0321533835322461,0.0026878086705787,41.0,42.4,1.4,84.0,61.2,22.8
2000,Random Forest,SRS2822240,0.0011950985931929,0.8332887683149706,0.0387136596112007,0.0675933677890444,0.6065601540273712,0.8277331966685775,0.0326233593686334,0.7658235346669312,0.5223487598356684,0.0406804525540757,0.0021110582282622,41.0,40.2,1.6,67.0,55.2,11.8
2000,Random Forest,SRS2822243,0.0015202315110064,0.7860466867622136,0.0596516658503931,0.0963777597196854,0.9003388680454332,1.203751322163066,0.0361786079094792,0.5691440798055675,1.286089177030568,0.0964937567849838,0.0060191707536135,69.0,61.0,8.0,94.0,77.2,16.8
2000,Random Forest,SRS2822253,0.0014268225239748,0.9003686036525407,0.0616069180142369,0.099239468347192,0.6280542240557306,0.8142195754138577,0.0326063540868378,0.2291238470012769,1.0471005649518197,0.1164082374604658,0.0048966670398991,78.0,68.0,10.0,140.0,104.4,35.6
2000,Random Forest,SRS2822256,0.0013835757121963,0.8292401502302731,0.0558355217605462,0.1040030421029876,0.7612830953418008,0.9407252715153852,0.0311696210053565,0.4632279972129846,1.1035646414288782,0.102736631089651,0.0052835494045204,69.0,59.8,9.2,114.0,81.6,32.4
2000,Random Forest,SRS2822262,0.0013927569932965,0.8237985283092863,0.0506200836964639,0.0929282104259571,0.7450856207991832,0.9437094739031135,0.0343248509351103,0.630223965882159,0.9209448229155112,0.0854786386389637,0.0044759118588642,44.0,42.4,2.0,89.0,65.4,23.6
2000,Random Forest,SRS2822268,0.0013200431683053,0.8353750393575188,0.051857983657012,0.0981305617513816,0.6989930302818507,0.8600055593635643,0.0343944000425856,0.5054302855188239,0.9407720467865396,0.0952063604449882,0.0058586470440132,62.0,54.8,7.2,100.0,75.6,24.4
2000,Random Forest,SRS2822269,0.0013493873620223,0.8120238088457288,0.0503365504204689,0.095251093443835,0.7170828682324422,0.8834080445243515,0.0296845758669463,0.4692178118147371,1.009939515731417,0.0918610198141647,0.006235126210124,60.0,55.2,4.8,102.0,77.4,24.6
2000,Random Forest,SRS2822275,0.0014568130074914,0.7784465932866201,0.0524007300852907,0.0926652561591638,0.7943720595045479,1.0485626573899671,0.027340444783038,0.5311922510507573,1.1091272497022782,0.1040000199803916,0.0069148055621208,59.0,48.8,10.2,87.0,69.8,17.2
2000,Random Forest,SRS2822279,0.0014907041289407,0.8915543308404285,0.0606764204006865,0.1022039551469575,0.5355840381316294,0.7297561392029588,0.0293520245901516,0.1508976185028394,0.9327121327278596,0.1224981116720934,0.005084126506371,83.0,73.6,9.4,162.0,121.4,40.6
2000,Random Forest,SRS2822280,0.0012232903603262,0.8893417509263616,0.0587166287772933,0.1015973446279076,0.6362044894751491,0.8961405527568097,0.0317428564561733,0.1741742131864656,1.1128143534606338,0.1128557256644653,0.0041228126126932,82.0,74.0,8.0,149.0,115.6,33.4
2000,Random Forest,SRS2822298,0.0012994080919831,0.8143331582744123,0.0512356177906462,0.099049658060467,0.8127749664484762,1.0073680498287314,0.0297874026747962,0.6809360316953856,1.011266910471391,0.114187224966666,0.0050283792083701,61.0,53.2,7.8,101.0,70.6,30.4
2000,Raw shallow RA,SRS2821816,0.0013031936023061,0.8040078868168784,0.0601497756459444,0.1156862332499036,1.5130736059737535,2.340817210079122,0.028680425994325,1.5175572775425292,1.660994651492589,0.0423432780866022,0.0030194585517585,66.0,87.2,21.2,117.0,87.2,29.8
2000,Raw shallow RA,SRS2821824,0.001173661620688,0.795630694591153,0.0681919991702104,0.1395916848956557,1.7899983230015066,2.634887716800924,0.0187959030059566,0.7553172590279829,2.9000713368040567,0.0805573700664519,0.0021822138342302,84.0,109.2,25.2,162.0,109.2,52.8
2000,Raw shallow RA,SRS2821835,0.0014203760083267,0.7679709026599244,0.0534622586066996,0.0964847971236538,0.9920395307940651,1.893951923032913,0.0305498898870217,2.2068499320452744,0.0,0.0346713464781055,0.0030383455695002,43.0,59.6,16.6,74.0,59.6,14.4
2000,Raw shallow RA,SRS2821843,0.0013944808098252,0.8095006132024564,0.071270367068587,0.1322855168911684,1.5532015032958395,2.4294456919631067,0.0324997463787188,0.980571755417931,2.2228779922565027,0.0487245815275691,0.0009642300380487,81.0,102.8,21.8,142.0,102.8,39.2
2000,Raw shallow RA,SRS2821844,0.0013398031685559,0.8924987114429603,0.0676422064623917,0.1130761682189776,0.6821086225010002,1.6132075884504693,0.0260908441042945,1.095222149938986,0.3784337326681405,0.0365883486687023,0.0015983235611801,90.0,98.2,8.2,118.0,98.2,19.8
2000,Raw shallow RA,SRS2821854,0.0014706862642722,0.9138588825761262,0.0705674010339041,0.1125532701212416,0.4600009508208829,1.375638404192586,0.0303699263611804,1.0214511619807798,0.0,0.0396387882986857,0.0020995873848807,89.0,91.4,3.6,111.0,91.4,19.6
2000,Raw shallow RA,SRS2821860,0.0014183784006276,0.7822141034023204,0.0622628398451229,0.1227542920189408,1.5168525471952927,2.399500264728951,0.0341644730547789,1.584258858278065,1.6081173149149042,0.0465662898725539,0.0030497560582319,66.0,85.8,19.8,127.0,85.8,41.2
2000,Raw shallow RA,SRS2821870,0.0012011938958942,0.7975999996650465,0.0623216248456594,0.12109038768048,1.7194770993875743,2.5412803780736883,0.0271348256712373,1.3586180915264898,2.216629669895259,0.0516242124583925,0.0018947439045624,73.0,91.8,18.8,131.0,91.8,39.2
2000,Raw shallow RA,SRS2821871,0.0014517821777996,0.8081881272256055,0.0751691171047309,0.1312483796417478,1.5380594576463298,2.4062656399907496,0.0264688231984912,1.1373850351904422,2.052449712825803,0.0452203289213822,0.0035499292895535,75.0,98.2,23.2,136.0,98.2,37.8
2000,Raw shallow RA,SRS2821875,0.0013425246680925,0.8239987129011013,0.0673477632681782,0.1256397690979711,1.2870707452921977,2.221930204346554,0.0258284874935759,1.1907271852473509,1.502655904319714,0.0391957302469019,0.002107813555111,74.0,97.2,23.2,139.0,97.2,41.8
2000,Raw shallow RA,SRS2821881,0.0010874935031772,0.7520499335844201,0.038793322110419,0.0885943721900832,0.889718381939154,1.80744031294051,0.0277557128983052,1.9791898661830447,0.0,0.034607338773771,0.001599419885124,43.0,50.2,7.2,70.0,50.2,19.8
2000,Raw shallow RA,SRS2821890,0.0012422064981169,0.8396728332701479,0.0645797497751343,0.1258587714468528,1.2995266759172648,2.255058204124486,0.0245054274337796,0.9109961456940432,1.7788003505293315,0.0425960783195829,0.00177477299129,86.0,105.0,19.0,146.0,105.0,41.0
2000,Raw shallow RA,SRS2821892,0.0012060130904191,0.8531827734400785,0.0662640678081714,0.1272833788993009,1.344828168193614,2.290091556086837,0.026777630982793,0.6799720009861111,2.076546751228229,0.0457911174818263,0.0009560082854749,98.0,111.2,13.2,154.0,111.2,42.8
2000,Raw shallow RA,SRS2821893,0.0011822324889233,0.8767644307294734,0.0580590776746788,0.1035188447315512,0.59025802819122,1.4863964893320696,0.0255855040943889,1.3122186632223052,0.0,0.0349617284206042,0.0010864468933444,78.0,78.0,2.8,92.0,78.0,14.0
2000,Raw shallow RA,SRS2821894,0.0012565835813409,0.7653778197716263,0.052747481777044,0.1007018826446398,1.118264525555837,1.9982094558454728,0.0247861061872833,2.1121913110923076,0.3380091389466526,0.0323331724101833,0.0028123359007741,52.0,63.8,11.8,79.0,63.8,15.2
2000,Raw shallow RA,SRS2821901,0.0013794797928552,0.7951391914260769,0.0618591414770174,0.1178814138775304,1.5793084595989615,2.4046062602341887,0.0259986004172923,1.494492738353944,1.814442478428046,0.0301800492796413,0.0020932384206709,66.0,87.8,21.8,117.0,87.8,29.2
2000,Raw shallow RA,SRS2821905,0.0010721279107503,0.7758919856379103,0.0499449895073332,0.1138893588175885,1.5235254517656924,2.360581648118125,0.0290364158389294,1.7248096280987073,1.4958243601521823,0.0186903358470023,0.0045269684542532,62.0,80.2,18.2,110.0,80.2,29.8
2000,Raw shallow RA,SRS2821908,0.0010601061342551,0.7871949779363947,0.0491433772581491,0.1135280946153348,1.5346112634379652,2.3595223216990866,0.0346966578590011,1.6780733416836164,1.5593688457412902,0.0345384495567973,0.0031195804160101,61.0,81.8,20.8,111.0,81.8,29.2
2000,Raw shallow RA,SRS2821916,0.0010982578356399,0.7268970861761518,0.0439681677185849,0.0985805828228941,1.6579878679287183,2.423502558352153,0.0288689905432995,2.204632166815476,1.3340594847233649,0.0392047582452239,0.0029822491547836,47.0,63.8,16.8,85.0,63.8,21.2
2000,Raw shallow RA,SRS2821919,0.0012830975003713,0.8214059908640465,0.059753461603311,0.1159418160722828,1.3488590092340076,2.272135115282474,0.0263208845841717,1.5400953206749584,1.312575986526759,0.062121938870161,0.0024058687060909,70.0,86.6,16.6,124.0,86.6,37.4
2000,Raw shallow RA,SRS2821925,0.0011541067360198,0.7196436374104689,0.0406467140887188,0.0887819427023622,0.9884112802033076,1.9112634426925257,0.0337613019756685,2.1983997214557576,0.0,0.0392986860988425,0.0057222566029691,37.0,45.4,8.4,66.0,45.4,20.6
2000,Raw shallow RA,SRS2821928,0.0014432881129514,0.8464041139417884,0.0694935272033743,0.1261080616809046,1.159571406201585,2.1230081654555004,0.0270861893809607,1.0120269465287437,1.4079365732990026,0.0374124488687536,0.0017626077206327,83.0,102.0,19.0,137.0,102.0,35.0
2000,Raw shallow RA,SRS2821931,0.0013588928728739,0.7850538119687365,0.0622242559510269,0.1267627203722637,1.5282412706183566,2.4433922116439803,0.0311642640761798,1.398376467858379,1.798056928883599,0.0333620495469261,0.0016447981460393,69.0,91.4,22.4,140.0,91.4,48.6
2000,Raw shallow RA,SRS2821932,0.0012741070758767,0.8274009458536238,0.0668442407056932,0.1269822374932525,1.3649483336355028,2.2824747281329896,0.0335379336855454,0.905580167574242,1.9135806653704095,0.0284321527297477,0.0012031787277553,83.0,104.8,21.8,144.0,104.8,39.2
2000,Raw shallow RA,SRS2821946,0.0013776491131384,0.7821027749232002,0.0466814653513328,0.0917403438708202,0.670080537380963,1.5646496824357063,0.0293105995664856,1.4896440236877218,0.0,0.0277409477198049,0.0024259131444092,43.0,51.8,8.8,64.0,51.8,12.2
2000,Raw shallow RA,SRS2821968,0.0012045417476788,0.9098450607913804,0.0527849873658839,0.0861598011761571,0.310951235983203,1.0628942154838712,0.0332094424113884,0.6890341332314521,0.0,0.0117827040095836,0.0021216093092912,59.0,65.2,6.2,70.0,65.2,4.8
2000,Raw shallow RA,SRS2821969,0.0010872456721065,0.7820380917752464,0.0495251661773348,0.1152327591833907,1.3023257628569047,2.229217542025077,0.0351136082814736,1.6925998702019172,1.0817156035824884,0.0369383125162598,0.002289930067689,64.0,82.4,18.4,120.0,82.4,37.6
2000,Raw shallow RA,SRS2821970,0.0012152089528023,0.8314362559488753,0.069010095458228,0.1313362303315856,1.4738318392921936,2.3709360269128874,0.0277676063400219,0.6087657564965436,2.398370173678668,0.0318596766926925,0.0007253401661991,91.0,113.0,22.0,158.0,113.0,45.0
2000,Raw shallow RA,SRS2821972,0.0013439999923412,0.8257447772833343,0.0703919084187734,0.1276487859943458,1.5370886563172552,2.389869899207695,0.0320895953030898,0.9238012487554238,2.2416536347049156,0.0600165512707183,0.0023828910452494,86.0,104.0,18.0,141.0,104.0,37.0
2000,Raw shallow RA,SRS2821987,0.0012332819280389,0.7629301181983842,0.0568288149223417,0.1153462928960916,1.6760204528179028,2.471809886125547,0.029526602273234,1.7789022665776244,1.7522085889476071,0.0472413201281752,0.003399619759027,60.0,79.4,19.4,115.0,79.4,35.6
2000,Raw shallow RA,SRS2821991,0.0015717053303652,0.8004845373477514,0.0671097279766949,0.1232016842259398,1.4066096043338383,2.317548212365697,0.0352232354842197,1.4914369565717125,1.4708434991364154,0.0311122884963233,0.0010667936010802,70.0,88.6,18.6,125.0,88.6,36.4
2000,Raw shallow RA,SRS2822000,0.001317164396787,0.8213659566270033,0.0696149847057429,0.1278222464718688,1.4343199194768168,2.351737805090199,0.03138970455351,1.0434315357594288,1.9288031363097713,0.0638086627329803,0.0023019750125425,85.0,101.0,16.0,139.0,101.0,38.0
2000,Raw shallow RA,SRS2822019,0.0012934440765972,0.8050376652387563,0.0615315575948349,0.1179495460088663,1.3815119865377348,2.286452801313411,0.0289303583007434,1.416379923725844,1.4886664458104626,0.037625054334505,0.0021026027388372,70.0,90.2,20.2,128.0,90.2,37.8
2000,Raw shallow RA,SRS2822023,0.0014675155576859,0.7548282571060574,0.0587697015276142,0.1093828692325625,1.5173210313789964,2.337439591892754,0.0252535823981887,2.025437497553059,1.2139478006144877,0.0359557993359862,0.0013811075140734,58.0,70.0,12.0,93.0,70.0,23.0
2000,Raw shallow RA,SRS2822025,0.0013490525103867,0.7772910049922725,0.0563983600476241,0.1036008978953592,1.3642286529669734,2.22470412058831,0.0243379814283428,1.9691377266838472,0.9583935689219228,0.0377467403777643,0.0020140631308885,58.0,71.4,13.4,89.0,71.4,17.6
2000,Raw shallow RA,SRS2822026,0.0015123429911931,0.7564971374537521,0.0537647923260858,0.0952289002901741,1.2787014744107943,2.116110049075579,0.0366231103701501,2.185574107289499,0.5918002034214714,0.0303596843935177,0.0036089651435301,51.0,61.2,10.2,78.0,61.2,16.8
2000,Raw shallow RA,SRS2822053,0.0011571366619923,0.7722076037232937,0.047085169419962,0.1008094423136482,1.0773663322187896,1.9908370132673496,0.0251808159920233,2.096904536821891,0.269894335259691,0.0202176332159852,0.0029154429962452,54.0,66.6,12.6,87.0,66.6,20.4
2000,Raw shallow RA,SRS2822060,0.001137220340908,0.7969967688018653,0.0506090411596803,0.1084146809874708,1.292651911919799,2.2040925664620308,0.034020077186671,1.7770631770647314,0.9866623814080536,0.032775440665256,0.0051502275589843,63.0,78.4,15.4,110.0,78.4,31.6
2000,Raw shallow RA,SRS2822063,0.0012639416617424,0.7908147177782564,0.0549380238493443,0.1102132609516893,1.3094622952093644,2.1900293736921155,0.0371869662002573,1.7662122255499078,1.0296992024400446,0.0577100100210018,0.0088809379017955,60.0,78.6,18.6,107.0,78.6,28.4
2000,Raw shallow RA,SRS2822068,0.0011965374948335,0.8004086119409972,0.0587725399295177,0.1216648833189882,1.628881247212771,2.471946497850027,0.0260577506305061,1.294431434735854,2.0931645864091326,0.0293472544573712,0.0018864763893885,74.0,94.2,20.2,132.0,94.2,37.8
2000,Raw shallow RA,SRS2822077,0.001277475324185,0.7288584806626859,0.0478946083223714,0.0983408309666674,1.4745585573309046,2.2825131601693807,0.023782328561299,2.259343931107936,0.918610197987781,0.0230215449644603,0.0036543032025554,48.0,60.8,12.8,79.0,60.8,18.2
2000,Raw shallow RA,SRS2822080,0.0013040834689314,0.8021525587346063,0.060486156756437,0.122111843596296,1.2943342797975503,2.2116202692906093,0.0324259269703923,1.3633535110028698,1.3615517304223268,0.0362984995228206,0.0055355308728268,68.0,91.6,23.6,129.0,91.6,37.4
2000,Raw shallow RA,SRS2822089,0.0014267867531418,0.8351554862003272,0.0758008671659832,0.1343031162138475,1.4910629058834304,2.382537950577997,0.0308223883627534,0.6606760199305656,2.3859229982172523,0.0439297413945301,0.0009720186498344,92.0,111.6,19.6,153.0,111.6,41.4
2000,Raw shallow RA,SRS2822111,0.0014874813170809,0.7752681718807455,0.0552996131180917,0.1029420662415242,1.1826261232390587,2.1038697767632817,0.0307768230673091,2.078069041324234,0.4967485503297892,0.0418531351480233,0.0036497146986413,50.0,68.6,18.6,91.0,68.6,22.4
2000,Raw shallow RA,SRS2822116,0.0012457490100238,0.7658272563422603,0.0519533107540293,0.1026549495822501,1.3239759378601914,2.1845575304977043,0.0316591073072419,2.0734169252516423,0.7835337822268282,0.037041358576393,0.001686597891703,55.0,67.2,12.2,88.0,67.2,20.8
2000,Raw shallow RA,SRS2822120,0.0012334548479917,0.8267905546933475,0.0656893223638925,0.1281243181842176,1.5109025367427154,2.4086426416319697,0.0241654583921466,0.8836071504010983,2.226172269510445,0.0667563047352151,0.0027271574166752,88.0,105.6,17.6,151.0,105.6,45.4
2000,Raw shallow RA,SRS2822122,0.0011970785316728,0.821825756554143,0.0576732563940892,0.1169477517851511,1.1029001468561144,2.068568949442683,0.0284129203142761,1.3649494752220697,0.977661646945288,0.023557917702686,0.001038958623857,72.0,92.6,20.6,128.0,92.6,35.4
2000,Raw shallow RA,SRS2822125,0.0013941519511269,0.746711882311098,0.0556075759098614,0.1132763905043285,1.5016222190487445,2.3640633238562336,0.0326171491995992,2.0626416346429637,1.1484005854290429,0.0340644935864133,0.0059962310286103,55.0,69.8,14.8,96.0,69.8,26.2
2000,Raw shallow RA,SRS2822129,0.0013320264321069,0.8483016957346283,0.0722483423640988,0.1287320141471691,1.3387963762139226,2.2676442034773427,0.0268401531799565,0.7016746958541111,2.0449956081860488,0.0399394123331318,0.002389199566161,89.0,110.4,21.4,156.0,110.4,45.6
2000,Raw shallow RA,SRS2822133,0.0013372291234356,0.8305663052407339,0.072372108428743,0.1314857665260792,1.4400260502813158,2.379250557054018,0.0233641758020331,1.003007255955222,1.9773232701349008,0.0542275203961733,0.0021616204391582,88.0,102.4,14.4,149.0,102.4,46.6
2000,Raw shallow RA,SRS2822136,0.0011887440578515,0.700684869932821,0.043588141711928,0.0900432633921064,1.398479241728964,2.2169498596850996,0.0259663214886032,2.4800712528534175,0.5680948220040578,0.0155921094285949,0.0024372162172663,40.0,51.8,11.8,68.0,51.8,16.2
2000,Raw shallow RA,SRS2822149,0.0012201258018995,0.7897397689785043,0.0620113018998147,0.1244606737249387,1.6197457191388185,2.4687878998589516,0.0273360494416187,1.3296910245326032,2.04311234032915,0.0290052381749202,0.0041233754562328,65.0,93.4,28.4,130.0,93.4,36.6
2000,Raw shallow RA,SRS2822153,0.0013022220002194,0.8298566852628275,0.0699077778401274,0.1312737733271667,1.554160629488926,2.4239517957610106,0.0278170530019008,0.658123477342534,2.514717336882785,0.0322293595834934,0.0014407857634363,89.0,111.6,22.6,158.0,111.6,46.4
2000,Raw shallow RA,SRS2822168,0.0012282101394614,0.7504179907845826,0.0490770885283908,0.1047955466812017,1.5274103022712933,2.349593765932738,0.033016212957707,2.019399318194318,1.2387518404276063,0.0526929562062187,0.0072992578094423,52.0,69.8,17.8,90.0,69.8,20.2
2000,Raw shallow RA,SRS2822180,0.0013229439446972,0.7330937035226527,0.0522671817107912,0.1082448978501882,1.6627675511001931,2.4558189647080675,0.0365179604731836,2.2172983477294403,1.331466242930248,0.0506816640806922,0.00694578917058,49.0,64.6,15.6,93.0,64.6,28.4
2000,Raw shallow RA,SRS2822183,0.001260443848641,0.8220814945007421,0.0718810258364206,0.1387936141147494,1.675341181310014,2.5494428747807527,0.0186600870749307,0.556697187485632,2.8490598389559643,0.0572798169363171,0.0020149780357805,88.0,114.4,26.4,167.0,114.4,52.6
2000,Raw shallow RA,SRS2822185,0.0013287788815501,0.8222574714607245,0.0729478318528268,0.1357296560710053,1.6008602767308755,2.4613583946966786,0.0265712710058207,0.7019076605085937,2.568941814713284,0.0399154891008335,0.0006820775284707,86.0,110.4,24.4,156.0,110.4,45.6
2000,Raw shallow RA,SRS2822218,0.0011220443715737,0.7239962096455973,0.0461403478383055,0.1020171974827914,1.3519336230915038,2.210752103585731,0.0278078683314712,2.329900369285455,0.6096141407747322,0.0258986972925708,0.0018692011313465,42.0,58.8,16.8,84.0,58.8,25.2
2000,Raw shallow RA,SRS2822220,0.0013399738640711,0.8521978337861927,0.0556380992182726,0.0913574427970955,0.4953449502425266,1.358373276018364,0.0327183223912548,1.099932273425574,0.0,0.0288518549600395,0.0017973419721031,57.0,57.4,1.2,69.0,57.4,11.6
2000,Raw shallow RA,SRS2822230,0.0013307730329087,0.8073742034273035,0.0647876343431382,0.1277729862412625,1.3578002332946215,2.300199233392547,0.028278746562602,1.3384781018549794,1.5112372593704917,0.0428940847453488,0.0034372146153792,81.0,92.8,11.8,129.0,92.8,36.2
2000,Raw shallow RA,SRS2822236,0.001470220466297,0.7178689754120537,0.0544934362056352,0.1025190982337384,1.387685905893743,2.256167845823982,0.0278708125101223,2.3490607864805293,0.663913148626762,0.016758416286671,0.0030711055817002,41.0,59.0,18.0,84.0,59.0,25.0
2000,Raw shallow RA,SRS2822240,0.0012546567804023,0.7051714445397772,0.0444852874792832,0.0948272939817639,1.189539032821744,2.08424724997784,0.031691166741402,2.5369336609491886,0.0985865497706876,0.0412566044151589,0.0033916654039148,41.0,49.8,8.8,67.0,49.8,17.2
2000,Raw shallow RA,SRS2822243,0.0014577134017647,0.8701307877017734,0.0597927224840262,0.0991126957346339,0.6154064181318222,1.5368865692256453,0.0385752975067119,1.3667697485780312,0.0,0.033142284310064,0.0020456117008545,69.0,75.4,6.4,94.0,75.4,18.6
2000,Raw shallow RA,SRS2822253,0.0013400408646634,0.8119689444797038,0.0664686074264953,0.1273171872467957,1.570502009306577,2.443641721275003,0.0318128079432875,1.171947212602344,2.0857634773538627,0.0533528766711515,0.001742553223616,78.0,97.4,19.4,140.0,97.4,42.6
2000,Raw shallow RA,SRS2822256,0.001280051401792,0.7899105771089349,0.0580678468904523,0.1185304855362661,1.4167445921748456,2.3107761807071157,0.029444265853256,1.7485478582959373,1.2609125599258393,0.049284105470266,0.0037044659002548,69.0,80.2,11.2,114.0,80.2,33.8
2000,Raw shallow RA,SRS2822262,0.0012970925490935,0.7248620162568995,0.0519958672848857,0.1079825316896147,1.4207790750711655,2.2960214395320975,0.0327528092541972,2.25944321615889,0.8100438732728976,0.0426293258802195,0.0019734178602237,44.0,63.6,19.6,89.0,63.6,25.4
2000,Raw shallow RA,SRS2822268,0.0011600503815375,0.7793260835990042,0.0505240879682872,0.108839771776722,1.3394324096358383,2.2161666060617593,0.0346640646946284,1.969538060521586,0.907384726826866,0.0388195494865929,0.0024468738591667,62.0,72.4,10.4,100.0,72.4,27.6
2000,Raw shallow RA,SRS2822269,0.0012333387679191,0.7800298156978265,0.0513142268933616,0.1068749552047946,1.3566374232124336,2.2274345099958888,0.0284771884362191,1.8828268835936908,1.0202632859575314,0.0342339389744623,0.003533826736721,60.0,74.6,14.6,102.0,74.6,27.4
2000,Raw shallow RA,SRS2822275,0.001323143919064,0.828464311550589,0.0520662391947319,0.0983247084501846,0.7446680626984039,1.6677838595922083,0.0255855556360817,1.656255050018645,0.0,0.0357572053251916,0.0023341117123015,59.0,68.6,9.6,87.0,68.6,18.4
2000,Raw shallow RA,SRS2822279,0.00129225753786,0.7964780386133807,0.0677388586122356,0.1343638956360885,1.6816479402577156,2.5413270145807596,0.0246626229795329,0.7724891579334584,2.667355895451272,0.0753987648174592,0.0027214493271023,83.0,108.6,25.6,162.0,108.6,53.4
2000,Raw shallow RA,SRS2822280,0.0012214504316288,0.8351332030751596,0.064836766498116,0.1260554026505795,1.260065298769905,2.224509394474053,0.0310363166551572,0.9614444178640752,1.653924804208931,0.060196930821938,0.0023052436276586,82.0,103.6,21.6,149.0,103.6,45.4
2000,Raw shallow RA,SRS2822298,0.0012004666265801,0.793559032359682,0.0519155576032799,0.1069053813251504,1.1329223156269237,2.099712045620013,0.0292721175876745,2.0838701873389818,0.3922876321571254,0.061119850110003,0.0027517299591706,61.0,69.6,8.6,101.0,69.6,31.4
2000,Training-mean RA,SRS2821816,0.0076719767363893,0.5587203599347832,0.2811320673861576,0.3583149622748524,1.4028120163640945,2.090436313098446,0.0835659043579276,0.3203589739981199,2.509503719401899,0.4634416241611649,0.025846872731581,66.0,97.0,31.0,117.0,231.0,114.0
2000,Training-mean RA,SRS2821824,0.009241302701958,0.6472881118498912,0.3286616999633859,0.3846464534630615,0.6874211239501995,1.4055746299333625,0.0968854719295418,0.1052738685858055,1.2704270340904316,0.1845734799734626,0.0074725099396631,84.0,97.0,13.0,162.0,231.0,69.0
2000,Training-mean RA,SRS2821835,0.0131221839886081,0.5335679062145439,0.39820318817185,0.4626876958689595,2.4833759942718436,3.0260263834586816,0.0821618811354659,0.8776851314621676,4.170498370894489,0.9129784303579636,0.0699612408330754,43.0,97.0,54.0,74.0,231.0,157.0
2000,Training-mean RA,SRS2821843,0.0101620028003938,0.6319869653382633,0.3408818429426761,0.4073237135781412,1.0462525828600884,1.821419214759586,0.0791106218911832,0.152385349779411,1.947620378637986,0.2583474540021466,0.0121332046239011,81.0,97.0,16.0,142.0,231.0,89.0
2000,Training-mean RA,SRS2821844,0.0075609556895094,0.6075134054817194,0.2908091149097236,0.3445427556906837,1.9699711537209168,2.7773170919930568,0.0950463915188169,0.153902288601947,3.792064638226349,0.1577867320935428,0.0058497103303627,90.0,97.0,7.0,118.0,231.0,113.0
2000,Training-mean RA,SRS2821854,0.0086956836554159,0.5808877245054378,0.3235381932445682,0.379837496871358,2.325952255387856,3.0852232376133117,0.0898080813444445,0.5260620588371727,4.170498370894489,0.2155407458043869,0.0127958583504228,89.0,97.0,8.0,111.0,231.0,120.0
2000,Training-mean RA,SRS2821860,0.0136824512905564,0.5959760382782883,0.3980815300338654,0.450843718076712,1.4380812353451722,2.160359836349226,0.1983256122976542,0.32694742726664,2.5623810559795843,0.6784266267971284,0.044404811426728,66.0,97.0,31.0,127.0,231.0,104.0
2000,Training-mean RA,SRS2821870,0.014503354433505,0.6869331382058265,0.3561196177011185,0.430586514589276,1.095806914814787,1.813666892150178,0.0852926730140917,0.2551300577795671,1.9538687009992295,0.3185224306543888,0.0230553107731062,73.0,97.0,24.0,131.0,231.0,100.0
2000,Training-mean RA,SRS2821871,0.0119520533088031,0.6843910027615574,0.3323534894640558,0.4088232774016979,1.1510795926552304,1.9148193111937897,0.0683775927212894,0.1973081425818306,2.1180486580686853,0.2039522145742252,0.0094501175396252,75.0,97.0,22.0,136.0,231.0,95.0
2000,Training-mean RA,SRS2821875,0.0113435557462893,0.586030908983912,0.3686618191355133,0.4263412560889313,1.4284849719610944,2.235648494297932,0.101999555701428,0.199063117535114,2.667842466574774,0.4203874849755866,0.0316148227002198,74.0,97.0,23.0,139.0,231.0,92.0
2000,Training-mean RA,SRS2821881,0.0152597407688329,0.5371079616508436,0.4655340910844939,0.5118423331778001,2.7651023289600016,3.2362699159649195,0.1878311662250236,1.4933411692220622,4.170498370894489,1.1098351917653857,0.0854301739222425,43.0,97.0,54.0,70.0,231.0,161.0
2000,Training-mean RA,SRS2821890,0.0120047892390573,0.6947422413473096,0.3405589379586446,0.3854981548436776,1.2446539129238277,2.1009483332538053,0.0850041001036387,0.0990472982011407,2.391698020365157,0.3502223566734375,0.024830673800955,86.0,97.0,11.0,146.0,231.0,85.0
2000,Training-mean RA,SRS2821892,0.0072770145032823,0.6470022264313623,0.2658090019491238,0.3024789430944672,1.078400196728112,1.9473412064295033,0.0889370430872275,0.0598737957122059,2.09395161966626,0.1880481656623294,0.0076539491136435,98.0,97.0,1.0,154.0,231.0,77.0
2000,Training-mean RA,SRS2821893,0.0102320471574631,0.6038520371669925,0.3716474745114959,0.4453004840641009,2.4421397137712866,3.119194436490558,0.0658257177249579,0.7876707005603718,4.170498370894489,0.3599030126433198,0.0103340408736495,78.0,97.0,19.0,92.0,231.0,139.0
2000,Training-mean RA,SRS2821894,0.0118807737921147,0.5309495058956066,0.4657943557576879,0.5261876984355567,2.2472440805258587,2.8342093699424167,0.0868137239388832,0.7275902244297151,3.832489231947836,0.6895428160730619,0.0409487193987408,52.0,97.0,45.0,79.0,231.0,152.0
2000,Training-mean RA,SRS2821901,0.0104215214996444,0.6491257333544823,0.3113366101955033,0.3461894237682834,1.3389161149577309,2.027472531377013,0.1157420775542416,0.345271472349301,2.3560558924664425,0.5481117962672468,0.033226485093237,66.0,97.0,31.0,117.0,231.0,114.0
2000,Training-mean RA,SRS2821905,0.0253683608930784,0.5839260279041009,0.5583057636552556,0.5955409686660645,1.5624518087332326,2.2051872020930223,0.3409547571865992,0.4626907737766876,2.674674010742306,1.2743127344717164,0.160416471750017,62.0,97.0,35.0,110.0,231.0,121.0
2000,Training-mean RA,SRS2821908,0.0244293958620035,0.5750063595957167,0.5295642740563139,0.5773380694738461,1.5199980221636629,2.1614540201413255,0.2983296475937425,0.4437523027753995,2.6111295251531987,1.1848488178571968,0.1450548279265493,61.0,97.0,36.0,111.0,231.0,120.0
2000,Training-mean RA,SRS2821916,0.0168693822603556,0.5964363966532386,0.4442004531985136,0.4767736879363829,1.7427436836865575,2.298689917779525,0.1282029322827364,0.7084431490612052,2.836438886171123,1.0593573948397808,0.1083945817133507,47.0,97.0,50.0,85.0,231.0,146.0
2000,Training-mean RA,SRS2821919,0.0117444813732841,0.6095668235679645,0.398439258273735,0.441097560767314,1.5593361801129833,2.3220311067265325,0.1288802132031283,0.2757877558101351,2.85792238436773,0.5224099485286322,0.0299549220945128,70.0,97.0,27.0,124.0,231.0,107.0
2000,Training-mean RA,SRS2821925,0.0199875601514097,0.5428794921937897,0.4749842635981853,0.5207274300792978,2.758953316057781,3.2189657559636613,0.1530962796979972,1.4836017327982658,4.170498370894489,1.2998725317556672,0.1473527590459052,37.0,97.0,60.0,66.0,231.0,165.0
2000,Training-mean RA,SRS2821928,0.0085924705713402,0.6635455967067982,0.2677877467246977,0.3308218934007386,1.4374938916681677,2.2903061421259383,0.0565044366613752,0.1188030044955262,2.7625617975954864,0.2218552124164801,0.0083858064452245,83.0,97.0,14.0,137.0,231.0,94.0
2000,Training-mean RA,SRS2821931,0.0119936461127916,0.6343609443316152,0.3960940499150882,0.4460719459978756,1.3264507810932065,2.092185780469244,0.1872141162562194,0.2910934364119355,2.3724414420108895,0.5856025551954831,0.0305614426649161,69.0,97.0,28.0,140.0,231.0,91.0
2000,Training-mean RA,SRS2821932,0.0097523924279218,0.6441723901496431,0.3463629897947348,0.4014446615265241,1.206693014290037,2.021832738199487,0.0870571421083528,0.1643836331640595,2.2569177055240788,0.2473092697331971,0.011367112620498,83.0,97.0,14.0,144.0,231.0,87.0
2000,Training-mean RA,SRS2821946,0.012995691272486,0.5364406183966435,0.4495740816784007,0.4875375702862318,2.951670452185851,3.4030532715297945,0.1283940096651992,1.9158059616312155,4.170498370894489,0.9937918124179168,0.0679126857313054,43.0,97.0,54.0,64.0,231.0,167.0
2000,Training-mean RA,SRS2821968,0.0153274373123062,0.4972034509725849,0.504139172557106,0.5497488678676297,2.979871903508166,3.515481801904514,0.1247237991029322,1.9790593070099656,4.170498370894489,0.605687868321295,0.0471250065883965,59.0,97.0,38.0,70.0,231.0,161.0
2000,Training-mean RA,SRS2821969,0.021625520517713,0.5805307516883821,0.521562122499404,0.5543934022697176,1.7483003768542449,2.439810982779802,0.3359753357874567,0.4160105693606774,3.0887827673120003,1.206257855872379,0.1438494205925493,64.0,97.0,33.0,120.0,231.0,111.0
2000,Training-mean RA,SRS2821970,0.0094699102942234,0.6190819290416955,0.3214533919467384,0.3899701547589633,0.921292244039536,1.7384419084646516,0.0917990294093452,0.0680224698009788,1.7721281972158196,0.1725317529636716,0.0114121718501147,91.0,97.0,6.0,158.0,231.0,73.0
2000,Training-mean RA,SRS2821972,0.0098475351550761,0.6292099785835337,0.3310088693791942,0.4019056990872161,1.031158373731528,1.7800521812777332,0.0872651457223686,0.138741215239839,1.9288447361895724,0.224619068014896,0.0130290913281593,86.0,97.0,11.0,141.0,231.0,90.0
2000,Training-mean RA,SRS2821987,0.0145814628190698,0.5619047475608618,0.4218301157627609,0.4666882497680444,1.4114444263301615,2.0491575834763944,0.1762021540622467,0.4306443331385784,2.4182897819468816,0.7570384182447194,0.0613716822129815,60.0,97.0,37.0,115.0,231.0,116.0
2000,Training-mean RA,SRS2821991,0.0121300167282618,0.6261363296725282,0.4007109256426308,0.436383038569578,1.4927693571702287,2.2345381853348893,0.1778248518992097,0.2982063590637991,2.699654871758073,0.6577354428137814,0.0419806340226205,70.0,97.0,27.0,125.0,231.0,106.0
2000,Training-mean RA,SRS2822000,0.01025747408098,0.5596308751447272,0.3532301356596025,0.4287407133752941,1.187545748075282,2.005275938069864,0.0971068704015791,0.1375345254705439,2.2416952345847174,0.295397502228067,0.0118226918288535,85.0,97.0,12.0,139.0,231.0,92.0
2000,Training-mean RA,SRS2822019,0.0117794459613013,0.6227651267543456,0.3933220549831238,0.443550236202216,1.48036435435641,2.2336002447281396,0.1493215975156302,0.2936729013434536,2.6818319250840266,0.5243233114322274,0.0291319870184015,70.0,97.0,27.0,128.0,231.0,103.0
2000,Training-mean RA,SRS2822023,0.0068438031377042,0.5609806731050512,0.2824669538933254,0.3674762193751425,1.7280479930874144,2.358420795486793,0.0874684261187658,0.5465366515710445,2.956550570280001,0.5040817851178234,0.0139195659090519,58.0,97.0,39.0,93.0,231.0,138.0
2000,Training-mean RA,SRS2822025,0.0074200662474253,0.5564779006330361,0.2831969776577975,0.3685697014693425,1.8615004299281648,2.5063778688148903,0.0834971398948649,0.5596345309877614,3.2121048019725658,0.5212016316418158,0.0156674691070364,58.0,97.0,39.0,89.0,231.0,142.0
2000,Training-mean RA,SRS2822026,0.010846124501762,0.5712184505265844,0.4281347710718936,0.4686477065202988,2.1600167985776104,2.7093178251727736,0.184001877074588,0.8048910102427211,3.578698167473017,0.8089499433463034,0.0396300221394222,51.0,97.0,46.0,78.0,231.0,153.0
2000,Training-mean RA,SRS2822053,0.0147386171343158,0.5703555074351945,0.3669364053877205,0.4213729694878873,2.2700479826117523,2.859858958799462,0.1278938287716069,0.6978320638924115,3.9006040356347977,0.9736784100071422,0.090098096379783,54.0,97.0,43.0,87.0,231.0,144.0
2000,Training-mean RA,SRS2822060,0.0242875307951867,0.5319692902614328,0.4562671605086238,0.4955685515669961,1.7973507634539143,2.486745923821967,0.2484758047515186,0.4293836648311157,3.183835989486435,1.1904454917657694,0.2065279584272095,63.0,97.0,34.0,110.0,231.0,121.0
2000,Training-mean RA,SRS2822063,0.0225519460485288,0.5481784299237794,0.4367417968235153,0.4799270110440465,1.7801848226564094,2.445791511170247,0.2095526885929223,0.4435198737658377,3.140799168454444,1.1243811108527182,0.1804886703692941,60.0,97.0,37.0,107.0,231.0,124.0
2000,Training-mean RA,SRS2822068,0.0114980803971068,0.5830241875101901,0.3847269445180424,0.4376158432465211,1.1652551961167952,1.8759185569812,0.1206304579673606,0.2682915195653519,2.077333784485356,0.5283338143708614,0.0268884410090511,74.0,97.0,23.0,132.0,231.0,99.0
2000,Training-mean RA,SRS2822077,0.0133774097782268,0.6085124324971289,0.4163499716243082,0.4493149662646794,1.9776344205138177,2.533059239271675,0.1003091040453634,0.7721519868312985,3.2518881729067077,0.936221217216044,0.0753328304999501,48.0,97.0,49.0,79.0,231.0,152.0
2000,Training-mean RA,SRS2822080,0.018978773215906,0.3678602216747335,0.6531550270397681,0.6554854315699209,1.5571865021685052,2.3058034927216458,0.2021151335102805,0.3172074690807209,2.8089466404721617,0.8700516642943725,0.1022982020970012,68.0,97.0,29.0,129.0,231.0,102.0
2000,Training-mean RA,SRS2822089,0.0097988070488473,0.5862928277994416,0.327173757265178,0.3788163201568412,0.9325468300552912,1.7392827492087792,0.1008273538874788,0.0782023412587521,1.7845753726772364,0.2550314763195818,0.012532214216374,92.0,97.0,5.0,153.0,231.0,78.0
2000,Training-mean RA,SRS2822111,0.010981237351303,0.5997006052225144,0.3894084051331554,0.4306057305340197,2.110796451713503,2.7439878421969524,0.0930783695568624,0.5997022168357352,3.6737498205646992,0.7771433518995079,0.0509419176907052,50.0,97.0,47.0,91.0,231.0,140.0
2000,Training-mean RA,SRS2822116,0.0138733525516406,0.5496909090777864,0.4745869004778701,0.5032685776566885,1.9770560348645148,2.590330188092477,0.1263859280560234,0.617409763421628,3.3869645886676603,0.8109110865672783,0.0650816567923351,55.0,97.0,42.0,88.0,231.0,143.0
2000,Training-mean RA,SRS2822120,0.0101589364079677,0.611263656563942,0.3625194631837008,0.4235856183173728,1.0344862168632618,1.845124069213288,0.0872155771263702,0.1289147517969494,1.9443261013840432,0.254685449745597,0.0117732371928047,88.0,97.0,9.0,151.0,231.0,80.0
2000,Training-mean RA,SRS2822122,0.0121618889772366,0.6349136936662052,0.3546471089780583,0.4229861655979555,1.721716765925299,2.4937515249480353,0.1140790849980006,0.266164618407925,3.1928367239492004,0.5673054595220157,0.0316517590098714,72.0,97.0,25.0,128.0,231.0,103.0
2000,Training-mean RA,SRS2822125,0.0142526653361263,0.4615699753714388,0.4312531613576967,0.4833350833446876,1.780778460301534,2.4146704250222,0.1460037935327168,0.5843268495311632,3.022097785465446,0.9684472478140264,0.0826518378022884,55.0,97.0,42.0,96.0,231.0,135.0
2000,Training-mean RA,SRS2822129,0.0103113063693996,0.5477630111215736,0.39573511498814,0.4548006137608464,1.1012103784996243,1.950517701369153,0.1319450698482296,0.0706429769026821,2.12550276270844,0.1831169461256641,0.0137356824667121,89.0,97.0,8.0,156.0,231.0,75.0
2000,Training-mean RA,SRS2822133,0.010317400082869,0.5731792609583051,0.4079740080329113,0.4562150189044937,1.145066735294858,1.9978444357916367,0.1006644381254704,0.096535748006976,2.193175100759587,0.2182146348293425,0.0179092987566715,88.0,97.0,9.0,149.0,231.0,82.0
2000,Training-mean RA,SRS2822136,0.0133195104455173,0.5609149762767419,0.4807781035033046,0.5336784165437224,2.235973508672026,2.7400645466295583,0.2168312447383456,0.9439755641404496,3.6024035488904302,0.9932082555585628,0.0580490390012382,40.0,97.0,57.0,68.0,231.0,163.0
2000,Training-mean RA,SRS2822149,0.0214289847119093,0.5901846988646862,0.4227816384956698,0.5401789254706635,1.192430949184091,1.9091238975195712,0.1625391110034189,0.2683019891922515,2.1273860305653387,0.7180994250324191,0.08124493502991,65.0,97.0,32.0,130.0,231.0,101.0
2000,Training-mean RA,SRS2822153,0.0098998562035783,0.6677914081256624,0.359133384353047,0.4036119618203574,0.8769616691381783,1.6486669466337678,0.0671317406769906,0.1016785966035963,1.655781034011704,0.2327813885643261,0.0103245811622021,89.0,97.0,8.0,158.0,231.0,73.0
2000,Training-mean RA,SRS2822168,0.0267082255594309,0.6347879316593946,0.4742238716779755,0.5262075107209614,1.753576366365277,2.358751534648,0.1881825376555509,0.6195632868242467,2.931746530466882,1.1963154355074097,0.17083410296218,52.0,97.0,45.0,90.0,231.0,141.0
2000,Training-mean RA,SRS2822180,0.0260925734438871,0.6473292150165775,0.467341565950681,0.5242894295411058,1.7074360819994223,2.2954616548979754,0.1849597130406859,0.6204141079549632,2.8390321279642405,1.1915398199511698,0.1645040446558203,49.0,97.0,48.0,93.0,231.0,138.0
2000,Training-mean RA,SRS2822183,0.0090894445879939,0.6348022600584416,0.3319595407144033,0.38825481719302,0.7021212053938336,1.464151943913685,0.0669491070238025,0.0846118791450151,1.3214385319385242,0.081120600807341,0.0034023932379336,88.0,97.0,9.0,167.0,231.0,64.0
2000,Training-mean RA,SRS2822185,0.0094183506488266,0.652043797540502,0.3334684303954826,0.3962956920735996,0.8560118774350766,1.6093055862182273,0.0745792385223876,0.1145596853746092,1.6015565561812046,0.1458047958923325,0.0053814213392063,86.0,97.0,11.0,156.0,231.0,75.0
2000,Training-mean RA,SRS2822218,0.015612505114759,0.5922900248491182,0.4157730502608704,0.4573166326884958,2.1399184855715174,2.6997525128795195,0.0824610004545328,0.7915351324916439,3.5608842301197563,1.0240484851314742,0.0984666191124685,42.0,97.0,55.0,84.0,231.0,147.0
2000,Training-mean RA,SRS2822220,0.0122776250089447,0.5613877623144002,0.4522355131906507,0.5644018252351387,2.9494698577044898,3.464981134963229,0.1116265723148165,1.9128149588881385,4.170498370894489,0.4862621156266717,0.0151400727517557,57.0,97.0,40.0,69.0,231.0,162.0
2000,Training-mean RA,SRS2822230,0.0149004264213,0.3556333421562387,0.6048170614667426,0.6252920861210877,1.418289164327295,2.2320104058258163,0.0973763404905016,0.1864332820106035,2.659261111523997,0.5087634907436698,0.045675856584413,81.0,97.0,16.0,129.0,231.0,102.0
2000,Training-mean RA,SRS2822236,0.0118280541314415,0.573832647058249,0.3931835419638158,0.4420873298768077,2.102033690740573,2.6760497799792087,0.1199638021611476,0.7633395157193785,3.5065852222677263,0.8796116948660903,0.0538828048970189,41.0,97.0,56.0,84.0,231.0,147.0
2000,Training-mean RA,SRS2822240,0.0162099048906861,0.5079644032355222,0.4694688428459759,0.5079851622908645,2.4746069215448943,2.9788433702866906,0.1664933858796647,0.9583591471337264,4.0719118211238,1.119544503922516,0.0963195788585909,41.0,97.0,56.0,67.0,231.0,164.0
2000,Training-mean RA,SRS2822243,0.0107688842698223,0.554646966720204,0.394020612867008,0.4330486335325503,2.494397666554661,3.1414410961137316,0.1279477459085194,0.8970209956532715,4.170498370894489,0.6417157851400561,0.0415892370026501,69.0,97.0,28.0,94.0,231.0,137.0
2000,Training-mean RA,SRS2822253,0.0107912592413695,0.5976593223269266,0.381724128809596,0.4511557099943387,1.1324339387380722,1.896635040297187,0.0882398272991226,0.1906120281133531,2.0847348935406256,0.3143574594124274,0.0122904153447124,78.0,97.0,19.0,140.0,231.0,91.0
2000,Training-mean RA,SRS2822256,0.0203896822446879,0.609841622655412,0.394819013237608,0.4438700669162191,1.6242010096774098,2.3471607545029127,0.1707061998305956,0.357986647958297,2.909585810968649,0.8055259250719576,0.0965941864097211,69.0,97.0,28.0,114.0,231.0,117.0
2000,Training-mean RA,SRS2822262,0.0096627432298864,0.6269416254243124,0.3334920136768991,0.4036895824728994,1.987954015776712,2.5941346558427827,0.1362348650120458,0.6701012768788257,3.3604544976215904,0.8061609838022005,0.0410823679729861,44.0,97.0,53.0,89.0,231.0,142.0
2000,Training-mean RA,SRS2822268,0.0137420456605752,0.5395712304407392,0.4447851137377716,0.502172492692885,1.8713305955713468,2.510910491788892,0.1618225327872511,0.5157793469499983,3.263113644067622,0.8344576963026338,0.0644042524333187,62.0,97.0,35.0,100.0,231.0,131.0
2000,Training-mean RA,SRS2822269,0.0130011996241528,0.5615874328741186,0.4411919361093589,0.4888883606246966,1.817795348818776,2.4625329839489947,0.1714379361736948,0.5211532424799789,3.150235084936958,0.8078914679232604,0.0592604271538386,60.0,97.0,37.0,102.0,231.0,129.0
2000,Training-mean RA,SRS2822275,0.0104855068950688,0.5210863733936675,0.3974453432918968,0.4483160312900362,2.524066621800142,3.1107704876578435,0.0974969535464759,0.9665979687502798,4.170498370894489,0.7306998767373609,0.042239255320655,59.0,97.0,38.0,87.0,231.0,144.0
2000,Training-mean RA,SRS2822279,0.0129781382675813,0.6566553907370195,0.3643335293980139,0.4212412476721251,0.8207801352021151,1.5630864826984665,0.1254993762523116,0.1398909479716552,1.5031424754432168,0.4203402447514115,0.0330403319996536,83.0,97.0,14.0,162.0,231.0,69.0
2000,Training-mean RA,SRS2822280,0.0123912636671199,0.6083328945443428,0.3683369761881504,0.4235896068796052,1.3234611348876335,2.1784925740471737,0.1157480265750669,0.1320136925168182,2.5165735666855578,0.3263555304262855,0.0246612248165181,82.0,97.0,15.0,149.0,231.0,82.0
2000,Training-mean RA,SRS2822298,0.0095883178913338,0.578836437622175,0.3687925128702624,0.4069020917104384,2.1066707946394634,2.783712093464555,0.0982338960446897,0.4735489242999785,3.778210738737363,0.6604284207572455,0.0377563340512723,61.0,97.0,36.0,101.0,231.0,130.0
2000,XGBoost,SRS2821816,0.0028478447086804,0.7996352135276761,0.07188476320332,0.1111097199857802,0.6991178852511981,0.8591395999897331,0.035832694609505,0.4158926162444913,1.0212469257638486,0.1728190066423214,0.0164326282090062,66.0,61.2,4.8,117.0,88.2,28.8
2000,XGBoost,SRS2821824,0.0020455700246284,0.900733169292604,0.0682335803664474,0.1120208864378833,0.5944733570570078,0.8006001924076829,0.0225146873397421,0.160273994729797,1.0427740658099722,0.1637972837492369,0.0082665731776979,84.0,71.8,12.2,162.0,119.2,42.8
2000,XGBoost,SRS2821835,0.0016919663287951,0.830685097715655,0.0550220790042281,0.080833137760716,0.6912179778065926,0.8818219766897031,0.0328724837862269,0.5238268799281467,0.9088642500932668,0.0235674903018595,0.004893178565976,43.0,45.6,2.6,74.0,61.0,13.0
2000,XGBoost,SRS2821843,0.0015271968649704,0.8903445725954914,0.0655948166614784,0.1075280145439307,0.5883336100482705,0.7803317781386793,0.0345902842842679,0.1796673494822027,1.0118502788629458,0.1092591318006291,0.0030722913499774,81.0,71.6,9.4,142.0,111.6,30.4
2000,XGBoost,SRS2821844,0.0015684509606952,0.8819004745579317,0.0688936558380405,0.1103382833963014,0.9059651472939512,1.3432925594273055,0.0285585927824979,0.1934843950116006,1.6353280683084148,0.0930837721073707,0.0035397083801657,90.0,80.4,9.6,118.0,105.0,13.0
2000,XGBoost,SRS2821854,0.0015756996273935,0.8567357631620277,0.0722644875373348,0.1131045350172283,1.081366051222165,1.4601160941058118,0.0332206884449142,0.5483521135239848,1.6671099773142657,0.1199458186515902,0.005469537669143,89.0,72.4,16.6,111.0,94.6,16.4
2000,XGBoost,SRS2821860,0.0019457010906913,0.8494184844956086,0.0663657598379447,0.1095534963775935,0.8137662651782167,1.0077342372931462,0.0403865681110773,0.504757892964982,1.1703087100142917,0.0841626698072552,0.0029977581184459,66.0,59.6,7.2,127.0,86.6,40.4
2000,XGBoost,SRS2821870,0.0011645914827656,0.864933855361422,0.0591431281451644,0.1081427629131547,0.7436977894517676,0.946512451491604,0.0261176317218084,0.3346121718569574,1.1843615883202545,0.0920672900159096,0.0026780732320192,73.0,66.2,6.8,131.0,93.6,37.4
2000,XGBoost,SRS2821871,0.0025956127358856,0.8722724215457885,0.0816088243670301,0.117334899441572,0.6258873254108732,0.809169052447856,0.0332766057810764,0.2356904643437784,1.036803715307221,0.1463250750245061,0.0121235402003093,75.0,68.0,7.0,136.0,101.6,34.4
2000,XGBoost,SRS2821875,0.0026578534379999,0.8912432216314012,0.0822633353255871,0.114277808505067,0.6884536486143368,0.937899757623571,0.039020527749446,0.2685264143553323,1.13187361142355,0.0376108195743053,0.0089398769937144,74.0,71.6,6.4,139.0,102.6,36.4
2000,XGBoost,SRS2821881,0.0020867474997578,0.8314085720994282,0.053510510692564,0.0755704197499611,0.6145016455786545,0.7918383006406048,0.0379039939812543,0.7011713025352266,0.5957254926472921,0.0144542562642015,0.009744094986088,43.0,42.4,1.8,70.0,51.6,18.4
2000,XGBoost,SRS2821890,0.0016763518133822,0.8946125791221379,0.0673344251120786,0.1077152190709539,0.6242222386015661,0.872711685034331,0.028899318380203,0.201555789758477,1.0645621845148725,0.0565052831275668,0.0030453022781744,86.0,76.8,9.2,146.0,112.0,34.0
2000,XGBoost,SRS2821892,0.0016231086283404,0.8727979152090979,0.0633312908397566,0.1096345254773081,0.564901949959088,0.8298303340750539,0.0300711431801789,0.1606743321171765,0.9824983981646292,0.1221781475536817,0.004693911494183,98.0,82.2,15.8,154.0,121.2,32.8
2000,XGBoost,SRS2821893,0.0013120699194639,0.8116071344958785,0.0590660476707044,0.102580352452318,0.9476253314045892,1.238554471140736,0.0271749511570686,0.5525248174651137,1.39650181591103,0.101272594036312,0.00419438090199,78.0,65.0,13.0,92.0,80.0,12.0
2000,XGBoost,SRS2821894,0.0026439078775342,0.8283891754675482,0.0674355478043377,0.0946713450081321,0.6860715150601033,0.848185828264433,0.0319312379017637,0.5022065093549034,0.918074934378617,0.1290045742964881,0.0148531715442838,52.0,46.4,5.6,79.0,64.4,14.6
2000,XGBoost,SRS2821901,0.003414600919459,0.8680374759180273,0.0874554086846571,0.1158599278904669,0.7529185896503977,0.9373875209897602,0.048405831024323,0.4259267500067915,1.1185543028906344,0.1924644892573721,0.0201507591307063,66.0,59.4,6.6,117.0,88.8,28.2
2000,XGBoost,SRS2821905,0.0058973760306208,0.7954442022298771,0.1043444399003755,0.1260438537686428,0.7641321344053353,0.9258532934801535,0.0403301475538997,0.4878050501724836,1.0862637362290657,0.1038221967337973,0.0218006440605006,62.0,55.4,6.6,110.0,81.8,28.2
2000,XGBoost,SRS2821908,0.0045163657539037,0.7904129334380319,0.0903679278278405,0.1183732419458677,0.7699337186139822,0.9239439075710472,0.0438368351068625,0.5014993457585912,1.0852154350793928,0.1521304920218548,0.0239073982282982,61.0,53.8,7.2,111.0,82.8,28.2
2000,XGBoost,SRS2821916,0.0045665662206204,0.8450061628712506,0.0895286171487252,0.1045074241356145,0.7898465896457918,0.9814193039304602,0.0547534120812714,0.6143821094503733,1.0225958971309606,0.0689440293778002,0.0326155749274252,47.0,45.6,1.4,85.0,63.4,21.6
2000,XGBoost,SRS2821919,0.0019209816037202,0.8773364036161097,0.0654975466539198,0.1079743852509986,0.8007579799276611,1.0017502835141872,0.0318233638251681,0.4877165947545327,1.1604656013376533,0.1308434313489657,0.0073687888432852,70.0,65.8,5.4,124.0,87.8,36.2
2000,XGBoost,SRS2821925,0.0108287573596642,0.7376899759523676,0.1884414064286726,0.1792632413857155,0.6006723590248657,0.7673255115983267,0.1252481469469269,0.7113405947384842,0.549997838439517,0.2994411827404281,0.0813835730242537,37.0,39.0,2.0,66.0,50.2,15.8
2000,XGBoost,SRS2821928,0.0018354097878881,0.876563292194468,0.0683323290019405,0.1100051391116036,0.6831998742881406,0.9913513290824956,0.0303289092608149,0.2189502083278248,1.1667572322789377,0.1062214401872104,0.0048453123135042,83.0,74.2,8.8,137.0,106.8,30.2
2000,XGBoost,SRS2821931,0.0025825768683887,0.877787179402425,0.0743355495436662,0.112913836816568,0.7848872605531174,0.99810566023689,0.0407095689620603,0.4017474184995867,1.204983732874269,0.1313929100630287,0.007975823354083,69.0,60.4,8.6,140.0,93.6,46.4
2000,XGBoost,SRS2821932,0.0017208332905184,0.926876172727764,0.0659149048714641,0.1006740165248607,0.5772663951955515,0.8039330969717022,0.0361074673910987,0.1491748468656446,1.0169317697708844,0.1134934969498034,0.0065731820043818,83.0,74.2,8.8,144.0,112.0,32.0
2000,XGBoost,SRS2821946,0.0013962440468891,0.80406846702903,0.0421819037538915,0.0746138929576984,0.6742624801086545,0.9062436776904416,0.0290905012854967,0.7824209219303009,0.6432166010301772,0.0281344607157437,0.0012498361556134,43.0,41.4,2.0,64.0,55.0,9.0
2000,XGBoost,SRS2821968,0.002302240316711,0.7151829012562771,0.0756464569526198,0.1032447605654548,1.0144316229026598,1.369788221983724,0.0426458466107647,1.1046555809784957,1.0329173226754889,0.1457292995500942,0.016699832262931,59.0,55.4,3.6,70.0,65.2,4.8
2000,XGBoost,SRS2821969,0.010195483655823,0.7905684773631777,0.1754877802598303,0.1788842129865128,0.8135247048126206,0.9995792105960382,0.1282286417750784,0.5030911997211288,1.1623299678041017,0.2236949349198408,0.0680317110109703,64.0,59.2,4.8,120.0,84.0,36.0
2000,XGBoost,SRS2821970,0.0011895601331806,0.9042948851297286,0.0606743472624273,0.1013266738720037,0.5004865018886985,0.6956634748115071,0.0306848473734191,0.115111985710102,0.8945031660860104,0.1026461271710785,0.0032493724838925,91.0,80.4,10.6,158.0,122.0,36.0
2000,XGBoost,SRS2821972,0.0013252636985332,0.9230052973047178,0.0642506105001678,0.1007327286070496,0.5410483787224878,0.7114780392353456,0.0351406876591251,0.166818713403556,0.928756897070377,0.0936177883230588,0.0017411180274979,86.0,74.4,11.6,141.0,110.4,30.6
2000,XGBoost,SRS2821987,0.0013387300801826,0.8351987933143062,0.0538373784726071,0.1025419674948231,0.849991660210654,1.0461739175182876,0.029420896419852,0.5802080197640237,1.176155084936609,0.1142214693889392,0.0066250977173503,60.0,51.6,8.4,115.0,80.6,34.4
2000,XGBoost,SRS2821991,0.0017308994240224,0.8925304933690393,0.0647832957164783,0.1057920885878257,0.7601686700033483,0.9540934951106472,0.0382429007462769,0.4225945741129912,1.1370858505690382,0.0691206406101407,0.001222131995586,70.0,61.6,8.4,125.0,90.0,35.0
2000,XGBoost,SRS2822000,0.0013133484821763,0.8987462511656407,0.0627464911680168,0.1052867520367792,0.6277413617123854,0.8173398501223084,0.0305683023517557,0.2348596507796595,1.0415347854763142,0.1274505163644557,0.0045128099506919,85.0,72.2,12.8,139.0,105.8,33.2
2000,XGBoost,SRS2822019,0.0019731529396645,0.8751485704582791,0.0685956873586124,0.1046921037720539,0.7389864664977007,0.9389046033859004,0.0326484838035638,0.3666084419103788,1.1455493686865077,0.129935453767264,0.0078971438183877,70.0,63.6,6.4,128.0,91.6,36.4
2000,XGBoost,SRS2822023,0.001929516379769,0.8832612092885924,0.0644008413545551,0.102213051060752,0.7891050415054991,0.9476271187660842,0.0299889911190087,0.5919872222284132,1.0437502387701618,0.1065345612154512,0.0054570914062301,58.0,52.2,5.8,93.0,71.2,21.8
2000,XGBoost,SRS2822025,0.0018015171272694,0.8771432373005957,0.0594283723457955,0.0965380578076617,0.7805070460197729,0.9435121195541946,0.0271271068033837,0.5480750273174693,1.066264442412495,0.0965782004920923,0.004897148558924,58.0,53.8,4.2,89.0,72.6,16.4
2000,XGBoost,SRS2822026,0.0044036300419022,0.8777787187446009,0.0851830295732425,0.1036869771083217,0.6874971928932506,0.8447405243635568,0.0537211194992391,0.6178800163793277,0.8148629179067104,0.1338100953561391,0.0184658440252076,51.0,44.6,6.4,78.0,61.2,16.8
2000,XGBoost,SRS2822053,0.0034481441942501,0.8605523358076409,0.0756374984430123,0.1014860197163303,0.7853393707450692,0.9680186540054676,0.0430183770264325,0.6717270666970332,0.9633076823971825,0.0567131650213907,0.0239509622783837,54.0,46.6,7.4,87.0,67.8,19.2
2000,XGBoost,SRS2822060,0.0095396682189654,0.838016366723769,0.166698082378552,0.1648936633567962,0.8147328680162289,0.9928764681613635,0.1243580521563942,0.4977183006528028,1.1699654135722006,0.3769201776088379,0.1136882110411807,63.0,58.4,4.6,110.0,80.4,29.6
2000,XGBoost,SRS2822063,0.0085000390889232,0.8500070184527109,0.1533485428674129,0.1536444545838198,0.7332503571155348,0.9162294893770684,0.1047533731566061,0.3968393637339801,1.0995599164617025,0.2942559705363442,0.0920437690985312,60.0,56.6,3.4,107.0,81.6,25.4
2000,XGBoost,SRS2822068,0.0018691681149632,0.9039438776426086,0.0595070268765216,0.1008252897749057,0.6836668461695595,0.8676895246290487,0.0292826612293289,0.3209921574427355,1.0762015620678345,0.0913959937167764,0.0049094284578522,74.0,66.2,7.8,132.0,96.4,35.6
2000,XGBoost,SRS2822077,0.0018547782184705,0.8682789430395607,0.0542737553911327,0.0850635777562379,0.7447179917835466,0.9325511125841413,0.0273901369437747,0.6631800834601316,0.8913367607739902,0.0128619455891086,0.0089018121458799,48.0,42.4,5.6,79.0,62.4,16.6
2000,XGBoost,SRS2822080,0.0044146164919084,0.7768830682689669,0.1064047446168651,0.135354779150684,0.6845355458052611,1.0005473166648835,0.0623610313082781,0.1761364304472963,1.2045809618624952,0.073917673978505,0.029207589400869,68.0,68.2,1.8,129.0,103.6,25.4
2000,XGBoost,SRS2822089,0.0013610712975878,0.917103742731417,0.0647332118371054,0.1067092209183333,0.4983956797512389,0.6904542654589714,0.0300064147522935,0.1288980089831789,0.8780161121334839,0.1071446442911235,0.0030512743986857,92.0,78.0,14.0,153.0,122.0,31.0
2000,XGBoost,SRS2822111,0.002317119473183,0.817476954467644,0.0641549977821309,0.0954890950893021,0.7965440180914021,0.9769162654785905,0.0370592352221309,0.6227519429625581,1.0302888900755651,0.1332951689502887,0.0131935135229988,50.0,46.2,4.2,91.0,69.6,21.4
2000,XGBoost,SRS2822116,0.0014759072986541,0.8342099709177543,0.0555807748454731,0.0942736850568401,0.7464673882614941,0.9050416277141476,0.0333441936077584,0.5754252537987528,0.9729981351847308,0.0526640188315208,0.0013812029892723,55.0,51.6,3.4,88.0,68.0,20.0
2000,XGBoost,SRS2822120,0.0018241027915027,0.9222330440627704,0.0662049317308696,0.1045538852161269,0.5910635697224602,0.7880193603039226,0.0279678837024717,0.171859012984038,1.0249971396944286,0.1378497810456395,0.0067155963301084,88.0,72.6,15.4,151.0,111.2,39.8
2000,XGBoost,SRS2822122,0.0011219107211088,0.8850817689517791,0.0502051652000843,0.0983747056982294,0.7605262287036123,1.0224559913239624,0.0265214819069544,0.3370091567522633,1.2158255035918826,0.0570517297292059,0.0016271185368881,72.0,63.2,8.8,128.0,94.4,33.6
2000,XGBoost,SRS2822125,0.0022373769776149,0.8107726042951124,0.0655139096208036,0.102807595005087,0.7856729043637871,0.947758123027466,0.0353398168152006,0.5371915227954334,1.0855249330009835,0.0309405511270765,0.0093454589064961,55.0,49.2,5.8,96.0,71.4,24.6
2000,XGBoost,SRS2822129,0.0012985200509466,0.8690991089693941,0.0657172595431817,0.1121685335340428,0.5103121433301536,0.7576174740231554,0.024741125862293,0.1189142648449696,0.9113497919474228,0.099869770362269,0.0045474548582877,89.0,80.8,8.2,156.0,123.0,33.0
2000,XGBoost,SRS2822133,0.0014306596655962,0.862394886909656,0.0722924912531525,0.1212507319624928,0.6009646836534874,0.8239580451076769,0.0248837732268058,0.1767171663933534,1.0407542017889373,0.0929693852765779,0.0024316971241789,88.0,78.2,9.8,149.0,112.0,37.0
2000,XGBoost,SRS2822136,0.0025743960346864,0.7977005965504949,0.0584650543220842,0.0842172909044386,0.6570820648708772,0.8783324820329309,0.0334961391352382,0.6668677951294817,0.7121296537297936,0.0839395002333853,0.0109817251545544,40.0,38.2,1.8,68.0,53.4,14.6
2000,XGBoost,SRS2822149,0.0031526480303636,0.8609135581733487,0.0732893419667204,0.110218832124248,0.7287500279741888,0.9177770472330454,0.0351175138914497,0.3672245992976138,1.1242706701175362,0.2134325039873341,0.0304808687209003,65.0,60.8,5.0,130.0,96.0,34.0
2000,XGBoost,SRS2822153,0.0014032519876634,0.9160491652231352,0.0609782387720053,0.1029545810479245,0.5132006227684681,0.6965335969474955,0.0260116047202157,0.1113852752153688,0.9237550074588664,0.0986500724553178,0.0034496738715629,89.0,78.0,11.0,158.0,119.0,39.0
2000,XGBoost,SRS2822168,0.0087616851456967,0.8187313040651436,0.1531279053109802,0.1540127597169028,0.7762346464303415,0.94262983454939,0.1045481190624629,0.5270773826157403,1.068642937222837,0.269197375533743,0.0870802005805141,52.0,50.4,2.8,90.0,71.0,19.0
2000,XGBoost,SRS2822180,0.0087710899382812,0.79481913898458,0.1552522953220401,0.1570871338556493,0.8064619433390149,0.9808911381512304,0.112172903399398,0.6269730066444767,1.0386469535940728,0.2233463194621751,0.0814079250502559,49.0,46.8,2.6,93.0,65.2,27.8
2000,XGBoost,SRS2822183,0.00204348894701,0.9006545730621441,0.072437153391894,0.1107485081828034,0.5396370966621575,0.7354227501513038,0.0242187999072459,0.1131021833260572,0.9752703090883724,0.1569369555563127,0.0092149895447638,88.0,80.4,7.6,167.0,120.4,46.6
2000,XGBoost,SRS2822185,0.0018317419513729,0.9005925293281848,0.0727104061438096,0.1108680458128752,0.5109241068450692,0.691503141624602,0.030693849152545,0.1230320590902518,0.9082680973494156,0.1176039156252958,0.0053513950553043,86.0,76.6,9.4,156.0,117.0,39.0
2000,XGBoost,SRS2822218,0.0038374987306661,0.8159400267570419,0.0803954122847138,0.102487796969965,0.6943825400788783,0.8540900878836919,0.0460850929006599,0.6109994507749257,0.8355915085353149,0.0722626452999625,0.0280041152060857,42.0,43.4,2.2,84.0,60.6,23.4
2000,XGBoost,SRS2822220,0.0026734361389898,0.7127924776049207,0.0835222108372986,0.1256459992758089,0.9525795095314862,1.3356982048148294,0.0535983717638399,1.0164457804809637,0.987272422151478,0.1528527275732351,0.01218001370937,57.0,48.6,8.4,69.0,64.2,4.8
2000,XGBoost,SRS2822230,0.001784641413987,0.738115382120159,0.0729913386587356,0.1272547330833179,0.7370218293671913,1.0090234885591016,0.0304600999938053,0.2918588825983822,1.2089421318356812,0.1567706262840264,0.0109397940555605,81.0,68.2,12.8,129.0,100.8,28.2
2000,XGBoost,SRS2822236,0.0025068939020701,0.8386876092057511,0.0654745929512694,0.0913193466055685,0.7387928398872837,0.9229377049923388,0.0348969025605755,0.679613578487027,0.8639667216579647,0.10680002381529,0.0117187120040302,41.0,41.6,2.2,84.0,58.6,25.4
2000,XGBoost,SRS2822240,0.0034121996586666,0.8407942683045885,0.0703377936573287,0.0877189391456559,0.6563653619859439,0.8521345242681402,0.0438255388670827,0.7974722913198953,0.5924033758164535,0.0535046062711247,0.0213981793457809,41.0,40.6,0.8,67.0,50.6,16.4
2000,XGBoost,SRS2822243,0.0027927135015938,0.7882067620594438,0.0734431461621342,0.1033201490483713,0.9392334565787464,1.2166383112746564,0.0412403276054263,0.6272151272235661,1.311233458335784,0.1524771169785105,0.0157707805810979,69.0,61.2,7.8,94.0,76.2,17.8
2000,XGBoost,SRS2822253,0.0016825816262937,0.8978919594496748,0.0638314157228869,0.1055733643906409,0.6476749276299032,0.8248136906726737,0.0339902431865673,0.2591788371232927,1.0592218190906666,0.1200876666537826,0.0052202175937538,78.0,67.2,10.8,140.0,101.8,38.2
2000,XGBoost,SRS2822256,0.0049432182597829,0.8435447656243538,0.1080079847547475,0.1281721078835711,0.8043140024546458,0.9761182960463116,0.0643155202763004,0.4961653227133956,1.156667780083158,0.0650762057461538,0.0353351737566766,69.0,60.6,8.4,114.0,81.4,32.6
2000,XGBoost,SRS2822262,0.0034924355374441,0.8333353781284373,0.0760809451778451,0.1100439695252005,0.7805658183524709,0.9661973485838304,0.048227039475462,0.6807942650113731,0.9450883475358272,0.1502318806129321,0.0146643192169227,44.0,41.0,3.0,89.0,63.6,25.4
2000,XGBoost,SRS2822268,0.0012039715632248,0.8277399959077381,0.0495117852395565,0.0995845099921922,0.7346123005245144,0.8903454785603493,0.0356177905493581,0.5281375027004257,0.9915025019546182,0.0795457744032846,0.0021411029887277,62.0,55.2,6.8,100.0,74.4,25.6
2000,XGBoost,SRS2822269,0.0011422638511535,0.8172139703588283,0.0483727490856527,0.0960587382879395,0.752440518842169,0.9149810059334256,0.0292918872930186,0.4931464480313959,1.059215765161595,0.0829540297965703,0.0040792319582463,60.0,55.4,4.6,102.0,76.0,26.0
2000,XGBoost,SRS2822275,0.0027581014913424,0.7846760342698749,0.0685001166856819,0.1010895200533984,0.8225340031852222,1.0540027963083405,0.0328226896173951,0.5752281540476301,1.1253616715164605,0.1560482648312657,0.0166784098605661,59.0,47.2,11.8,87.0,69.4,17.6
2000,XGBoost,SRS2822279,0.0022971712634389,0.8893287501840013,0.0740549823282627,0.1086352213470787,0.5468626728428503,0.7347661186016575,0.0348323245953167,0.1512269274621905,0.9544128263909852,0.0672534800473326,0.003880623465025,83.0,73.8,9.2,162.0,118.6,43.4
2000,XGBoost,SRS2822280,0.0016839788737826,0.8971518308697124,0.0674473294052651,0.1050996382827625,0.6527255362196557,0.9098782463926518,0.0374996324276091,0.1934189132403026,1.1279924005420403,0.0829194842466376,0.0011654954444877,82.0,73.4,8.6,149.0,111.4,37.6
2000,XGBoost,SRS2822298,0.0041286335698499,0.8286484501056505,0.0810008101632802,0.1167422249735166,0.8433658495753054,1.0270511141820768,0.0471050415596399,0.7266773685178481,1.029616852289902,0.2135945201875953,0.0224637770228388,61.0,51.2,9.8,101.0,70.4,30.6
5000,Random Forest,SRS2821816,0.0009560743910301,0.8626011895184252,0.0399866780127707,0.0772619592204798,0.6217544375481566,0.8472658664343573,0.0231465065317331,0.2070439487940227,1.055289073935438,0.0549822048770941,0.0017581951481808,96.0,84.2,11.8,117.0,106.8,10.2
5000,Random Forest,SRS2821824,0.0008776698361852,0.9372665044980116,0.042474870098909,0.0711547964211402,0.317926451703977,0.5684571743742051,0.0188152472123963,0.0457475925359408,0.5928621651177303,0.0503958610559713,0.0017878574229058,132.0,125.6,6.4,162.0,154.2,7.8
5000,Random Forest,SRS2821835,0.0008117312221181,0.841211609076862,0.02818797865762,0.0576211575577029,0.5847189117768706,0.8133997175485852,0.018340009579247,0.6404103513236358,0.592703963904728,0.0366180511748821,0.0028620672017713,61.0,55.8,5.2,74.0,65.0,9.0
5000,Random Forest,SRS2821843,0.0009602117555656,0.9207688928154274,0.0416693600743255,0.0731369245026412,0.4721234109535945,0.7089312308906085,0.0235509593534687,0.0585975173102005,0.8892367475374415,0.0478319472741376,0.0015473413874352,116.0,108.4,8.0,142.0,131.6,10.8
5000,Random Forest,SRS2821844,0.0009001330661742,0.9070252764337526,0.0446316652293273,0.0726143092839252,0.620137185369899,0.9170931969891682,0.0216348569656848,0.1376738803122386,1.1144785006913795,0.0469640091993722,0.0019056269217383,105.0,103.8,1.2,118.0,112.8,5.2
5000,Random Forest,SRS2821854,0.0009416409704745,0.8839422514185022,0.0453919957240428,0.0727341280979692,0.8403779899714978,1.2003884422063524,0.0292141820144497,0.3979063103703399,1.3205898086956993,0.0533533047896813,0.0019379722118782,105.0,95.8,9.2,111.0,103.4,7.6
5000,Random Forest,SRS2821860,0.0007582300272259,0.8902769214253778,0.0340218182349632,0.073153909693227,0.6296340641309102,0.8816107370466939,0.0216384552758524,0.1828667837981671,1.092905031635229,0.0424751808955015,0.0009573327123369,102.0,88.8,13.2,127.0,110.2,16.8
5000,Random Forest,SRS2821870,0.0009154201281259,0.8877342415038381,0.0434564151254701,0.078400628926652,0.5238139704054282,0.7595856989738812,0.0175286458579797,0.0647249909631216,0.987734071787631,0.0154416536588995,0.002248840293482,93.0,97.8,6.4,131.0,119.4,11.6
5000,Random Forest,SRS2821871,0.000847117928816,0.9017760000944808,0.0430991589657744,0.0790179629270847,0.5136615775917543,0.7487242443250972,0.0184428569763889,0.0795022316627182,0.9540710957327768,0.0412074462533216,0.0016226691359807,106.0,101.6,4.4,136.0,123.4,12.6
5000,Random Forest,SRS2821875,0.0008753676587661,0.9301357649941078,0.0398275300922399,0.0716530256308276,0.5004594682582217,0.7533815044035147,0.0220835054402998,0.0649325779486698,0.9403724841001264,0.0503491170893835,0.0023617038510131,111.0,102.8,8.2,139.0,127.6,11.4
5000,Random Forest,SRS2821881,0.0008092079885564,0.8268733844385675,0.0263264610194248,0.0542052039784478,0.5071139509324941,0.7196397741014028,0.0219040677058865,0.6729884436618174,0.407885890387636,0.0374053119030375,0.0034172717983042,53.0,51.4,2.4,70.0,60.0,10.0
5000,Random Forest,SRS2821890,0.0008871338854861,0.929180997948411,0.041370538892368,0.0758598519372842,0.4757520262111273,0.7648182723098402,0.0182127933654124,0.0666706913342599,0.8897936183603964,0.0567854913703866,0.0026025818749882,127.0,117.8,9.2,146.0,134.6,11.4
5000,Random Forest,SRS2821892,0.0007593929097491,0.9190349616546414,0.0412058145808944,0.0782520227521659,0.4404461967895073,0.7804676068813128,0.0183595226922293,0.0701930266281456,0.8160051586923409,0.0435382006223012,0.0011245243744434,135.0,124.0,11.0,154.0,146.4,8.0
5000,Random Forest,SRS2821893,0.0009622073986001,0.8427210136760463,0.0395962352364566,0.065005174206212,0.6808201179924496,0.9595135369020856,0.0211608078892366,0.415553473990441,0.9864576648237152,0.0359753978630084,0.0014767811747771,89.0,81.2,7.8,92.0,89.0,3.0
5000,Random Forest,SRS2821894,0.0008935658331916,0.8589366084536041,0.0309536048913957,0.0577185647641588,0.5911751550232474,0.7861903124658497,0.0163314907593028,0.5035481542197164,0.7286747276770568,0.0425997296475913,0.0026071817470807,63.0,59.4,3.6,79.0,68.8,10.2
5000,Random Forest,SRS2821901,0.0009027911577964,0.8882629064618104,0.0386193986787694,0.0769132295346208,0.6671549104828274,0.93522659529096,0.0198773709420045,0.2029888935484466,1.150064626581647,0.0548485160653299,0.0019351017033579,92.0,86.6,5.4,117.0,108.0,9.0
5000,Random Forest,SRS2821905,0.0008906568030542,0.8602293863422018,0.0340281044742377,0.0739636530345543,0.6465288925613513,0.8794734398112662,0.0202895964588606,0.2583598041685663,1.0590673722944994,0.073141197626887,0.0072704858446,86.0,79.2,6.8,110.0,98.6,11.4
5000,Random Forest,SRS2821908,0.0008802467101839,0.8420260428923998,0.0340756122952259,0.074354500774296,0.610632801212315,0.8092459795332927,0.0235935411663937,0.2170225166162839,1.0240429021929804,0.0683293870048366,0.0058267014515775,88.0,78.4,9.6,111.0,101.8,9.2
5000,Random Forest,SRS2821916,0.0008243415939456,0.8736568016068207,0.0292110024192298,0.0625064441093626,0.6753656567253379,0.9093774815408208,0.0217988916050478,0.415216552253237,0.9757858603189072,0.0498823818299953,0.0038062335905422,68.0,58.2,9.8,85.0,75.6,9.4
5000,Random Forest,SRS2821919,0.0009236027146528,0.9054715014768584,0.0403172912232007,0.0747319702896518,0.5980078656356838,0.8491552109829007,0.0216265082295721,0.1421489741254599,1.0662037024738331,0.0571908019198629,0.0024262479705087,102.0,95.4,6.6,124.0,113.4,10.6
5000,Random Forest,SRS2821925,0.0007115412404361,0.7730160815299495,0.0235474737958049,0.0523814967725972,0.4782842953516802,0.6897079926344003,0.0200211683712644,0.6667674028636916,0.3560035582995235,0.0283263419818141,0.0043335012674829,51.0,47.0,4.0,66.0,55.4,10.6
5000,Random Forest,SRS2821928,0.0008347194042887,0.916957002815162,0.0415678919060464,0.0741973057391152,0.5490501123576481,0.8801442542723447,0.0190697848079377,0.0927615669322155,1.0128819110713922,0.0489129094625276,0.0013832981599163,119.0,106.0,13.0,137.0,127.4,9.6
5000,Random Forest,SRS2821931,0.0009727893670328,0.9062787623946164,0.03989716280182,0.0771802181835208,0.5994961357331171,0.8785629774319338,0.0246375642035104,0.1129376972909141,1.0950931704756055,0.0537737117054038,0.0014636161128025,110.0,97.8,12.2,140.0,119.6,20.4
5000,Random Forest,SRS2821932,0.0008606312686104,0.9398148512205592,0.0418053197834497,0.0740092920890473,0.4963031070033832,0.7372236882153793,0.0195182162305214,0.0662350521398109,0.9311532001883788,0.0605968246626456,0.0012967370053849,114.0,107.2,6.8,144.0,129.8,14.2
5000,Random Forest,SRS2821946,0.0007386661302761,0.8008950257877745,0.0254580901722865,0.0507194591476562,0.5017920923402961,0.739552564128981,0.019393131522154,0.6689758769816198,0.401101029675138,0.0244839920625926,0.0011204541781295,51.0,51.0,1.6,64.0,58.6,5.4
5000,Random Forest,SRS2821968,0.0008210427914643,0.7374963849899674,0.0333584198408818,0.05840458977217,0.6751963305847186,1.0061035827672016,0.0204438090700478,0.8801078223992688,0.5582819424967815,0.0230819705112332,0.0029219093153242,68.0,63.2,4.8,70.0,65.6,4.4
5000,Random Forest,SRS2821969,0.000889870702586,0.8762508413512607,0.0336626578435166,0.0714962113218194,0.592674602515198,0.8179085095226017,0.0233790425026477,0.1840928628869985,1.0177073631276223,0.0393522760978179,0.0050516316073611,97.0,87.6,9.4,120.0,109.4,10.6
5000,Random Forest,SRS2821970,0.0008682450495489,0.9411805098111126,0.043516895445292,0.0729544464446124,0.3736070569525456,0.6085496489039158,0.0215041649878755,0.0570623614107768,0.6937915678761861,0.0439771957947721,0.0007341514709101,125.0,123.8,2.4,158.0,147.2,10.8
5000,Random Forest,SRS2821972,0.0008244896585304,0.9461902987764736,0.0415914906066652,0.0716039498712702,0.417848950478942,0.637223258954094,0.0257225110917542,0.0360078026912662,0.8007429233909772,0.0268725464528039,0.0002667421756237,115.0,112.4,2.6,141.0,135.2,5.8
5000,Random Forest,SRS2821987,0.0008706165528117,0.8631287460514473,0.0385727647445021,0.0768223805710138,0.6943967198381638,0.9602141056249394,0.0187714837003986,0.2766119325108734,1.1385746239728256,0.0631808192020967,0.0024755429864839,87.0,77.6,9.4,115.0,101.0,14.0
5000,Random Forest,SRS2821991,0.0008305713074868,0.921785737014113,0.0351549946935684,0.0710824951599866,0.5687921332698074,0.793530593699344,0.0191527862309518,0.123805945352042,1.024490849286582,0.0561319629997464,0.001788029233794,108.0,95.2,12.8,125.0,116.4,8.6
5000,Random Forest,SRS2822000,0.000851227765943,0.9284873888435738,0.0409063151798938,0.0764344470273608,0.4703626873592618,0.7000432526040178,0.0172443674157108,0.0703663068774368,0.875796746683626,0.0613862770460825,0.0023304633501159,116.0,108.6,7.4,139.0,131.4,7.6
5000,Random Forest,SRS2822019,0.0008827815298975,0.9036648354498108,0.0392583341395063,0.0730736823660825,0.5717725250625273,0.8182390118053633,0.019439963220193,0.1175836479194407,1.0360076061512062,0.0575254272656625,0.0029009416368456,97.0,91.8,5.2,128.0,113.6,14.4
5000,Random Forest,SRS2822023,0.0007861447644751,0.8958742262395546,0.0324334251280643,0.0649749853359438,0.6876845009461248,0.9459463583823224,0.0157355671331904,0.4062690213085755,1.0090758459717055,0.0413630379857515,0.0012177445721606,73.0,68.0,5.0,93.0,84.0,9.0
5000,Random Forest,SRS2822025,0.0008443411657381,0.8897602115609502,0.0341657659258692,0.0661344043275858,0.6457472872808793,0.8810303888170921,0.0168962602510712,0.4164736154154075,0.9159225781789208,0.0564462267891145,0.0020184107409788,74.0,64.6,9.4,89.0,80.8,8.2
5000,Random Forest,SRS2822026,0.0008382722459705,0.8770708154321498,0.0309711411470804,0.0614844995793045,0.5994600847598013,0.810294534714789,0.0199861611083464,0.4892199705570125,0.7577320062289892,0.0271220196739734,0.0008773835748027,64.0,59.2,4.8,78.0,70.4,8.0
5000,Random Forest,SRS2822053,0.0007146925219677,0.8742393566123896,0.0287816956369683,0.0624232442868581,0.6321226519831491,0.8481805842858426,0.0203914067213742,0.5158986439886875,0.799067873241194,0.0455150943940963,0.0030808919102184,67.0,62.8,4.2,87.0,78.4,9.0
5000,Random Forest,SRS2822060,0.0007481258281563,0.8808484262171168,0.0334950016568937,0.071891241145467,0.6424604751478135,0.874101702380638,0.0234631123489719,0.2801934976736938,1.0310069408835187,0.0551345690870278,0.0053559372205864,86.0,80.8,5.2,110.0,98.8,11.2
5000,Random Forest,SRS2822063,0.0009580544286525,0.8961790779143135,0.0350876410861727,0.0693303580230159,0.6023503568197789,0.8024418180308366,0.0250710559689917,0.2723725712488214,0.9576424707264668,0.0751373747104575,0.0091643574276923,86.0,78.0,8.0,107.0,98.4,8.6
5000,Random Forest,SRS2822068,0.0008828583336991,0.9234039927357746,0.0397671283730644,0.0766251006794186,0.5456088656312403,0.793398835704996,0.0231123305294809,0.0667379743097552,1.0289453740325962,0.0413396617942419,0.0023575739618594,110.0,101.4,8.6,132.0,123.8,8.6
5000,Random Forest,SRS2822077,0.000808717844803,0.8661034500780159,0.028216781486024,0.0629897927218935,0.6636459289970496,0.9078994572872008,0.0144825120439698,0.5277434475160416,0.8520869314318915,0.0540178047710913,0.0046635669341315,65.0,57.0,8.0,79.0,71.0,8.0
5000,Random Forest,SRS2822080,0.0007822658900703,0.8525368647188383,0.0375466158881296,0.0801935841722403,0.546548970641745,0.8201466882003713,0.0219274306348486,0.0650998485001344,1.03241731665933,0.0347826201519348,0.0035472502262595,98.0,94.8,4.0,129.0,117.8,11.2
5000,Random Forest,SRS2822089,0.0009107978388044,0.9413409131796168,0.0422402002950356,0.0750586659861959,0.4105652956413396,0.6366897916429056,0.0210141652781814,0.0587688259640083,0.7662264156250942,0.0579660643528422,0.0017908333096924,128.0,119.4,8.6,153.0,141.8,11.2
5000,Random Forest,SRS2822111,0.0007011509632827,0.8320354951851708,0.0290392431387681,0.0670985825022388,0.6638381374956491,0.8843790874764187,0.0165100085594382,0.4726226382245787,0.9017423311418916,0.0418167522838488,0.001705796150326,74.0,64.2,9.8,91.0,81.2,9.8
5000,Random Forest,SRS2822116,0.0009054188260139,0.8570527182536207,0.0355861943182992,0.0687079437379504,0.6490276617714403,0.8672193850345037,0.0249814966999576,0.5080522413103885,0.8394512686886779,0.0597863552172177,0.0045229733400823,74.0,64.6,9.4,88.0,75.6,12.4
5000,Random Forest,SRS2822120,0.0009115392587794,0.9396753101963808,0.0405204128697772,0.07194766244548,0.4805881854661541,0.7264111411441113,0.0197721770525203,0.0574141189827905,0.907615364115608,0.0545533975893175,0.0020025024184843,121.0,110.4,10.6,151.0,134.8,16.2
5000,Random Forest,SRS2822122,0.0008931178099746,0.9188508541743688,0.0383376351898617,0.0731121791424316,0.5851318461027966,0.8388890245816191,0.0199456555625152,0.1399916405746289,1.0425602233251177,0.0632975237070717,0.0030603746300907,114.0,96.8,17.2,128.0,118.4,9.6
5000,Random Forest,SRS2822125,0.0007244706118797,0.8369760737613149,0.030151549767175,0.0703111376945966,0.6632531548386422,0.9148086279069556,0.0211264656020784,0.3156285087173677,1.0410236793890406,0.0431602095894038,0.0024097355695516,76.0,70.2,5.8,96.0,94.0,5.2
5000,Random Forest,SRS2822129,0.000899053599454,0.9182954034074712,0.0432756189181361,0.0784090837160332,0.4392344157383546,0.721926408487613,0.0172576919368367,0.0439504701907461,0.8372506929182529,0.0529426179237761,0.0027762792315431,125.0,120.8,5.4,156.0,139.2,16.8
5000,Random Forest,SRS2822133,0.000826381668626,0.9178766897991948,0.0421848694012544,0.0783933404634667,0.4540934763834723,0.7479077235113645,0.0173262724425597,0.0513540419214352,0.8603160683512211,0.0431346073036343,0.0017602634696553,126.0,116.2,9.8,149.0,136.2,12.8
5000,Random Forest,SRS2822136,0.0008834749285834,0.8089227770911644,0.0302899238791313,0.0614884778600142,0.630144105238866,0.9262516634310998,0.0178802796942635,0.6951216913096213,0.6344904431917301,0.0357611679533296,0.0013280625359098,48.0,46.6,1.4,68.0,56.0,12.0
5000,Random Forest,SRS2822149,0.0008578934593848,0.9042186590752852,0.0372277517959617,0.07379722758121,0.5347798218757839,0.7765554146105621,0.0260787731577804,0.1013364752607917,0.975926712800533,0.0546119008423518,0.0028312464662141,108.0,97.2,10.8,130.0,120.6,9.4
5000,Random Forest,SRS2822153,0.0008737231645002,0.9415442563479516,0.0424928461475432,0.0749282662659568,0.4511006582825404,0.6807267899159115,0.0208491225261956,0.0601234138088761,0.8460981058008883,0.0577069907778514,0.0010024355371092,121.0,115.4,6.4,158.0,137.6,20.4
5000,Random Forest,SRS2822168,0.0008957446646271,0.8419149668253434,0.0310017877593084,0.0692489045906856,0.7171508778563493,0.9825165741895694,0.0220670985075092,0.4484129236068674,1.0295305307380491,0.0711630336201725,0.0092439411229393,73.0,66.6,6.4,90.0,80.4,9.6
5000,Random Forest,SRS2822180,0.0009176034982967,0.8442170030329713,0.0325021303608124,0.0679269979813856,0.6837902480774039,0.9361364196009532,0.0196480352826583,0.3742288195466142,1.029647347438362,0.0377575134316289,0.0056034552571861,70.0,65.6,4.4,93.0,86.6,6.4
5000,Random Forest,SRS2822183,0.0008448379913149,0.9372291832922638,0.0422885539682953,0.0718344682522048,0.3053482900732507,0.5413089593420393,0.0196096790549339,0.0490431505370932,0.5646663046430153,0.0361058597012096,0.0007712515068939,135.0,124.2,10.8,167.0,154.6,12.4
5000,Random Forest,SRS2822185,0.0009412337608513,0.9297628728450686,0.0470193033187643,0.0760445988105391,0.4061006328211863,0.6313543955046433,0.0222988988470532,0.0565515253546905,0.7591559146546055,0.0546353195555793,0.0014127818326276,122.0,113.8,8.2,156.0,143.0,13.0
5000,Random Forest,SRS2822218,0.0009126274798243,0.8255253556918593,0.0299556961727496,0.0621696354606092,0.6088855298029776,0.8224888673039074,0.0210612729506855,0.4770480845025101,0.7873987904591437,0.0507101999031642,0.0057883104420535,66.0,59.0,7.0,84.0,69.8,14.2
5000,Random Forest,SRS2822220,0.0009058519787436,0.7509429587267563,0.0355647354249771,0.0608366366000432,0.7070430845435998,1.0734890902357734,0.0188702075672816,0.8455341804387461,0.653171135477816,0.0196470164729336,0.0010301039311551,65.0,61.0,4.0,69.0,67.6,3.4
5000,Random Forest,SRS2822230,0.0010241760215767,0.8495163438976109,0.0445449076781716,0.0827535117287436,0.5673591694184432,0.8572936124033552,0.0200832954745773,0.0825849214133626,1.0585312216534786,0.0874240537245495,0.0068245584743191,110.0,103.2,6.8,129.0,121.4,7.6
5000,Random Forest,SRS2822236,0.0009155548017625,0.8645370353455615,0.0318470918501389,0.0626310583228264,0.6476603195054411,0.8726656585985986,0.0190887492272975,0.5064232876856858,0.8387819891201497,0.0365032227867101,0.0021707117710834,65.0,57.2,7.8,84.0,72.6,11.4
5000,Random Forest,SRS2822240,0.0009231070919303,0.8461761754552354,0.0284362719209753,0.0549811879231141,0.5616000221354307,0.8207477450501596,0.0204281454773471,0.723328194580031,0.471822248417877,0.0231623111743295,0.0022580598961847,52.0,51.2,1.2,67.0,58.8,8.2
5000,Random Forest,SRS2822243,0.0007531488763888,0.8449156906237437,0.0321125902075915,0.0620638003709136,0.6812700456342838,0.95713690957874,0.0202053729120059,0.4798574820545463,0.9297336125120764,0.0313586318696764,0.0022702554001307,84.0,76.0,8.0,94.0,83.6,10.4
5000,Random Forest,SRS2822253,0.0008667148017802,0.9254416228963894,0.0394571831086632,0.0709257424966152,0.4592874399639292,0.685153001175895,0.0207315616518195,0.0507206203119676,0.8709240057779531,0.0484888282412083,0.0018039398761195,112.0,107.0,5.4,140.0,128.8,11.2
5000,Random Forest,SRS2822256,0.0009796642639337,0.8788366399629881,0.0371554841970379,0.0726420138554694,0.6605115778387957,0.8974535763844678,0.0210483766169881,0.2592686191808804,1.0861392857355343,0.0471342763634955,0.0068223991981748,85.0,81.2,3.8,114.0,101.4,12.6
5000,Random Forest,SRS2822262,0.0007310562822643,0.8672681074822762,0.0293298044764099,0.0657493765055921,0.6430876551969863,0.8717551527106998,0.0183093691834309,0.4240746291117857,0.9036357078890264,0.045349753542463,0.0015922983209663,65.0,60.4,4.6,89.0,79.4,9.6
5000,Random Forest,SRS2822268,0.0008401809032848,0.8699507066503271,0.0334961534475837,0.0703302293500075,0.6109056765300316,0.8190814716434247,0.0220302745351545,0.3517291615773614,0.903830896455526,0.0343599312086931,0.0018998105069187,88.0,75.4,12.6,100.0,93.0,7.0
5000,Random Forest,SRS2822269,0.0009811728619891,0.8820106593990564,0.0372187215247589,0.0703033152899086,0.6555486816685703,0.8764223734410544,0.0255034055350415,0.3796096655364255,0.967734795281172,0.0642149128689028,0.0031936039593084,84.0,74.6,9.4,102.0,91.8,10.2
5000,Random Forest,SRS2822275,0.0008560083146701,0.8292381348247222,0.0341407886491622,0.0625775302395503,0.6232780519673341,0.869480634418287,0.0220467441433694,0.4439130462407573,0.8458262224755331,0.0380183702778584,0.00271576902638,79.0,71.0,8.0,87.0,77.4,9.6
5000,Random Forest,SRS2822279,0.0008785366984973,0.9148876134546964,0.0406042421738092,0.0776522621721342,0.4249923938777936,0.6428384567942358,0.020090756421099,0.057085239449997,0.7966863851510679,0.0501771717401586,0.0006878453690172,123.0,114.0,9.0,162.0,139.4,22.6
5000,Random Forest,SRS2822280,0.0009362815900799,0.9267484973614464,0.0434262728329252,0.0765729409651803,0.5128549712120535,0.7994744432995287,0.0229453064379856,0.0578654533556543,0.9714189922962454,0.0469442845726526,0.0010447815110538,124.0,112.8,11.2,149.0,133.6,15.4
5000,Random Forest,SRS2822298,0.0009422478052461,0.8683036047092105,0.0360682206240383,0.0687527019445336,0.6521287583603977,0.8798629336508013,0.0211985885954312,0.3769289043087059,0.9637419518158103,0.0564866464604038,0.0033059479540225,83.0,73.8,9.2,101.0,92.6,8.4
5000,Raw shallow RA,SRS2821816,0.0008931331961714,0.8655963097341013,0.0402553238636828,0.0825489073505524,1.1454395842817586,1.9805954194774031,0.0221552983649852,0.6991869718356409,1.660994651492589,0.0247304738927387,0.0014775923401889,96.0,108.6,12.6,117.0,108.6,8.4
5000,Raw shallow RA,SRS2821824,0.0008318242854402,0.8963500276116603,0.0459234432215356,0.0902079952267903,1.0890459346057813,1.9736795923813957,0.0181807696895041,0.0531212373918806,2.128547215127799,0.0321029402765967,0.0012572380178595,132.0,150.6,18.6,162.0,150.6,11.4
5000,Raw shallow RA,SRS2821835,0.000768392022351,0.8179380275443837,0.0285835622404502,0.0661805289605944,0.7841780647760513,1.657131842598567,0.0163875041825134,1.7453350078837224,0.0,0.012961696663911,0.0018571718029216,61.0,72.0,11.0,74.0,72.0,3.2
5000,Raw shallow RA,SRS2821843,0.0009365694427896,0.8935706758278469,0.0442579210529438,0.0851948007216477,1.0482649871273546,1.9306281776638523,0.0226100780142637,0.0543207054173289,2.0454552385715523,0.0103172145683958,0.0014819246178348,116.0,132.6,16.6,142.0,132.6,9.4
5000,Raw shallow RA,SRS2821844,0.0008105504760358,0.9396188799195342,0.0410447018971123,0.0725502982793181,0.4365438935972683,1.242353639361046,0.01769818330126,0.5490437591397891,0.3784337326681405,0.0166909065353684,0.0007390864963009,105.0,112.4,7.4,118.0,112.4,5.6
5000,Raw shallow RA,SRS2821854,0.0008874727268696,0.963346476564514,0.0445825664406085,0.071306354661804,0.218192680338191,0.8842858460426202,0.02860122696387,0.4828870601348264,0.0,0.0244602951974171,0.0008998682442743,105.0,105.2,0.6,111.0,105.2,5.8
5000,Raw shallow RA,SRS2821860,0.000763356012626,0.8670871559673549,0.0352896699738237,0.0811136898167093,1.0499387658713266,1.9369692459259655,0.0188767065516579,0.5456855294030929,1.6081173149149042,0.0134444782347678,0.0016384156828991,102.0,113.2,11.2,127.0,113.2,13.8
5000,Raw shallow RA,SRS2821870,0.0008444566009217,0.8588951365465238,0.0430741577517171,0.086129190749279,1.1945444337834163,2.0593499183078743,0.0166514890960312,0.1902267433863285,2.216629669895259,0.0188015439784642,0.0023850140893934,93.0,123.8,30.8,131.0,123.8,7.2
5000,Raw shallow RA,SRS2821871,0.0007974345023991,0.8774084101014493,0.0433198150092779,0.0863405012523881,1.0768290253626265,1.9587319329890465,0.017915497215888,0.1522340238943786,2.015173167357019,0.0293605324063286,0.0009743828643578,106.0,125.6,19.6,136.0,125.6,10.4
5000,Raw shallow RA,SRS2821875,0.0008068648381078,0.8994549173301257,0.0406277938037021,0.0819497637439839,0.7905936022458425,1.6800366279766037,0.0218724838142402,0.098985819068489,1.4900948764334734,0.0262317922136344,0.0019652230023099,111.0,126.4,15.4,139.0,126.4,12.6
5000,Raw shallow RA,SRS2821881,0.000750937801408,0.8277168743252904,0.0264891806802032,0.0619154227214507,0.648153202170151,1.495629675964123,0.021185332756424,1.441714947591095,0.0,0.0223181566185669,0.0020186752782506,53.0,65.2,12.2,70.0,65.2,4.8
5000,Raw shallow RA,SRS2821890,0.0009414363831181,0.9106284823102097,0.0439631642705825,0.086168041188282,0.793347747510899,1.6857951267785467,0.0182491036382149,0.0626601288924277,1.528581376588463,0.0332216926551425,0.0022920878718414,127.0,134.6,7.6,146.0,134.6,11.4
5000,Raw shallow RA,SRS2821892,0.0007448213694422,0.9241543667330856,0.0414967172313063,0.0830422988034143,0.8054579534240329,1.7033114689654183,0.0168173551254047,0.0471030141794144,1.5669129995009514,0.0217664364200599,0.0012544900365021,135.0,142.4,7.4,154.0,142.4,11.6
5000,Raw shallow RA,SRS2821893,0.0009322342168334,0.9307579105512652,0.0399603142260695,0.0633102737155768,0.3599833492338498,1.0916226375024731,0.0213215340351921,0.7996367610784241,0.0,0.0117669069399893,0.00028564983487,89.0,91.2,2.2,92.0,91.2,1.2
5000,Raw shallow RA,SRS2821894,0.0008434734906754,0.8276907939507634,0.0317339294953802,0.0653015445092974,0.8853460628076484,1.7427246701414183,0.0169649856485472,1.5941245131007604,0.3380091389466526,0.0146472573751681,0.0009737427386556,63.0,78.0,15.0,79.0,78.0,1.8
5000,Raw shallow RA,SRS2821901,0.0008238049234409,0.8576253469496964,0.0381427526053876,0.0821165276979967,1.1977469543130304,2.0492204566074217,0.018881332554753,0.6451585465959299,1.814442478428046,0.0206212997843664,0.0004493024886935,92.0,110.2,18.2,117.0,110.2,6.8
5000,Raw shallow RA,SRS2821905,0.000703917430919,0.8518032986172119,0.0318453336643177,0.0772698309486678,1.145314293211075,1.9907395978335145,0.0197971722614701,0.8831822236569014,1.4958243601521823,0.0334607386063423,0.0031900353507924,86.0,103.0,17.0,110.0,103.0,7.0
5000,Raw shallow RA,SRS2821908,0.0006552421665181,0.8585566798282489,0.0308058092473489,0.0782850090268032,1.1142758827667203,1.9474556332456965,0.0208583975404155,0.7431146635576997,1.5593688457412902,0.0259756374030444,0.0028396694368811,88.0,107.2,19.2,111.0,107.2,4.6
5000,Raw shallow RA,SRS2821916,0.0007689382703452,0.8074865155116129,0.0300200992817781,0.070454354928924,1.3033305567624909,2.094872321913248,0.0208889523180189,1.4153407936637812,1.3340594847233649,0.0203566181093683,0.0030920010123639,68.0,85.2,17.2,85.0,85.2,3.0
5000,Raw shallow RA,SRS2821919,0.0008697917796159,0.8862686103365995,0.0401609123025016,0.0801558487037878,0.8913805702049459,1.7856175602175413,0.0211658219036577,0.5213891127930725,1.312575986526759,0.0177633131388551,0.0007862655971783,102.0,113.6,11.6,124.0,113.6,10.4
5000,Raw shallow RA,SRS2821925,0.000765543133554,0.8008374602450715,0.0268673580591349,0.0633830669437413,0.7155106952066939,1.5753661385600886,0.0198690256538208,1.59194227411404,0.0,0.0249929164261192,0.0049543378560874,51.0,62.0,11.0,66.0,62.0,4.4
5000,Raw shallow RA,SRS2821928,0.0008394589496016,0.9202364869535864,0.0420200327859678,0.0794262605664094,0.6685443365277505,1.5391083447648994,0.0173852279667477,0.0659860895628379,1.2760774748371446,0.0221892839707113,0.0013704562103107,119.0,131.0,12.0,137.0,131.0,6.0
5000,Raw shallow RA,SRS2821931,0.0009489779806713,0.8698388210663671,0.042554727693999,0.086971130663154,1.0025417076277452,1.9222744979983084,0.0250364310569423,0.2626973527669832,1.7667135584115825,0.0241067636321264,0.0014247655003047,110.0,122.4,12.4,140.0,122.4,17.6
5000,Raw shallow RA,SRS2821932,0.0008398600697208,0.8991874766771186,0.0436773150070966,0.0860820285460546,0.9307379152098384,1.8375557735040124,0.0167090534357266,0.0780247957393759,1.7897274492468167,0.0277137585592013,0.0004288525498288,114.0,130.4,16.4,144.0,130.4,13.6
5000,Raw shallow RA,SRS2821946,0.0006443642110501,0.850621609767817,0.024286892369558,0.057185528801767,0.4998186770133281,1.3215882076321526,0.018597078845974,1.1115103678630498,0.0,0.0169383941339496,0.0007086497449038,51.0,62.2,11.2,64.0,62.2,1.8
5000,Raw shallow RA,SRS2821968,0.0007459653441352,0.9335942205072966,0.0308700133277617,0.054601974176065,0.2341353904093523,0.8941170838785231,0.0180380608572191,0.5196131085336109,0.0,0.0210796341782819,0.0031199071136657,68.0,69.6,1.6,70.0,69.6,0.8
5000,Raw shallow RA,SRS2821969,0.0008482456203085,0.884512785988357,0.0336866097468747,0.0766489377281086,0.8119873917508809,1.6894820162464286,0.0228197647086957,0.6014934991976724,1.0817156035824884,0.0125672927407263,0.0035515085390608,97.0,111.6,14.6,120.0,111.6,8.4
5000,Raw shallow RA,SRS2821970,0.000821932536159,0.9125758076551612,0.0453963236274832,0.0855816159510849,0.9518596984550924,1.8399275423106345,0.019481343722671,0.0533246652825565,1.8538590086376951,0.0208915856511725,0.0006385511120036,125.0,144.0,19.0,158.0,144.0,14.0
5000,Raw shallow RA,SRS2821972,0.0008099700475695,0.9061207528743416,0.0439440744208979,0.0840024257879018,1.037638939236711,1.8868940178272928,0.0239422277448758,0.0587340717696764,2.0201051765645515,0.0090683665080464,0.0009934282101186,115.0,134.2,19.2,141.0,134.2,6.8
5000,Raw shallow RA,SRS2821987,0.0008408444647465,0.8384459170065076,0.0388296650602689,0.0833524880236746,1.231333070112847,2.058757589568146,0.0185333035106295,0.7893611935673588,1.7522085889476071,0.0204970148862543,0.0015929310391231,87.0,106.0,19.0,115.0,106.0,9.0
5000,Raw shallow RA,SRS2821991,0.00087790591171,0.8844391698702246,0.0397170706690794,0.0812309606173762,0.9205622904860764,1.807831686300478,0.0191642272446453,0.4103207231487562,1.4708434991364154,0.0268524406998158,0.0013100376413526,108.0,117.0,9.0,125.0,117.0,8.0
5000,Raw shallow RA,SRS2822000,0.0007918296785298,0.8952822502347842,0.0432785457400006,0.0877257589144827,0.9017877994784124,1.7974982821922332,0.0158569306443481,0.0639199397036177,1.744575494826203,0.014990295784517,0.0004160054474144,116.0,132.4,16.4,139.0,132.4,6.6
5000,Raw shallow RA,SRS2822019,0.0008326543038596,0.8803745008366516,0.0399993632456855,0.0802475964085436,0.9286322917658424,1.8221773899410667,0.0183304766123073,0.4085409411810105,1.4886664458104626,0.0262368267622033,0.0017706620050769,97.0,117.2,20.2,128.0,117.2,10.8
5000,Raw shallow RA,SRS2822023,0.0007538568405627,0.8268114379073639,0.0334035259184197,0.0730004060154525,1.1656833369453214,1.9971308748671288,0.0160059214071655,1.243018595857707,1.2139478006144877,0.0070495117338061,0.0007045446275422,73.0,91.4,18.4,93.0,91.4,3.2
5000,Raw shallow RA,SRS2822025,0.000763094849461,0.8278991294570014,0.0341336480773316,0.0726014407684282,1.0789721888036838,1.943469796248209,0.0162254671647582,1.3344914178062257,0.9583935689219228,0.0249392398209555,0.0008034715672394,74.0,88.2,14.2,89.0,88.2,2.0
5000,Raw shallow RA,SRS2822026,0.0008735334496379,0.8147733573186903,0.0335332511130828,0.0694050045694866,0.9967116039881418,1.8143443024587016,0.0218414702288678,1.558966512855139,0.5918002034214714,0.0094327847942738,0.0006429675345426,64.0,78.6,14.6,78.0,78.6,4.2
5000,Raw shallow RA,SRS2822053,0.0006921867009799,0.8515463488236146,0.0302541493256377,0.0700277959991434,0.7638043708390632,1.6315112547892867,0.0200899469693053,1.398847020215266,0.269894335259691,0.0165805044230692,0.0017841077108246,67.0,85.6,18.6,87.0,85.6,3.8
5000,Raw shallow RA,SRS2822060,0.0007053790834093,0.872276279818451,0.0336440192350693,0.0757618348503855,0.9034810747120868,1.7821346543883336,0.0230032132458077,0.9112195505776466,0.9866623814080536,0.0219200234674022,0.004743110944294,86.0,102.0,16.0,110.0,102.0,8.0
5000,Raw shallow RA,SRS2822063,0.0008955867778509,0.8671284247629337,0.0361703974612457,0.0753296487165282,0.9329052194544756,1.7855350294798615,0.024573691670308,0.9286549915775184,1.0296992024400446,0.0303260213043709,0.0071308123727932,86.0,101.0,15.0,107.0,101.0,6.0
5000,Raw shallow RA,SRS2822068,0.0008827623788327,0.8695309163929098,0.0433648628414295,0.0893091881419947,1.1225173627067335,1.983418857253444,0.0229298044666739,0.1930794461678453,2.069372171703222,0.0265380576572722,0.0020994816494583,110.0,124.2,14.2,132.0,124.2,7.8
5000,Raw shallow RA,SRS2822077,0.000753054292694,0.7999330451701823,0.029053303472727,0.07068659805803,1.140374144626263,1.9506903608916664,0.0157499204714755,1.5156735844253806,0.918610197987781,0.0264200991961245,0.0035435732817903,65.0,81.0,16.0,79.0,81.0,4.4
5000,Raw shallow RA,SRS2822080,0.000688296955073,0.8776572312067679,0.0370424297142016,0.0846882894577276,0.8790061051230108,1.7695639282807416,0.0211508291104352,0.4392589487646804,1.3615517304223268,0.0175703487628736,0.0015670367542594,98.0,116.6,18.6,129.0,116.6,12.4
5000,Raw shallow RA,SRS2822089,0.0008806532820401,0.9069196421208604,0.0435940004280749,0.0875055970287796,0.9821597503176992,1.8702577325728196,0.0177258224096561,0.0522506265788459,1.9156029091289888,0.0303238904735544,0.00101047559208,128.0,141.4,13.4,153.0,141.4,11.6
5000,Raw shallow RA,SRS2822111,0.0007291915450989,0.8428386231630853,0.0312981259302949,0.0729455557787387,0.8256776832109324,1.7095682382881563,0.0178152514735087,1.284240941881912,0.4967485503297892,0.0196585880574208,0.0014838990678627,74.0,90.0,16.0,91.0,90.0,4.2
5000,Raw shallow RA,SRS2822116,0.0008286977044664,0.8222168654430944,0.0352832435146216,0.0741792248251999,1.0732772606958616,1.925937807383864,0.0256393783108681,1.515529139964038,0.7835337822268282,0.0314227670622365,0.0021490042366618,74.0,82.2,8.2,88.0,82.2,5.8
5000,Raw shallow RA,SRS2822120,0.0008592437077958,0.8985562004034673,0.0430448464315732,0.0863360905474825,1.001325066866143,1.9085920334895936,0.0182599084251022,0.0489737330650708,1.9568203354728817,0.0201304688520334,0.0009983040016246,121.0,135.4,14.4,151.0,135.4,15.6
5000,Raw shallow RA,SRS2822122,0.0008004291308346,0.9054805056881472,0.0385325292516119,0.0789010703207481,0.6475411942839878,1.5103306567393082,0.0190287958928434,0.3514478933287225,0.977661646945288,0.0232085411918313,0.0011909620329239,114.0,119.0,5.0,128.0,119.0,9.0
5000,Raw shallow RA,SRS2822125,0.0007083062099142,0.8351536301074823,0.0315450765059213,0.0773439434557393,1.03392282959018,1.8963228236549692,0.0197121176103268,1.0220462003287991,1.1484005854290429,0.0136969287338501,0.0016485272916132,76.0,98.6,22.6,96.0,98.6,3.8
5000,Raw shallow RA,SRS2822129,0.0008583124375444,0.9155804859095238,0.0445182067872676,0.0850495121136201,0.8832795087574171,1.7793346114428714,0.0182595333620324,0.0543373168258436,1.7159147021459162,0.0239490218254577,0.0013658570649066,125.0,137.2,12.2,156.0,137.2,18.8
5000,Raw shallow RA,SRS2822133,0.0007617434011954,0.9069863024855292,0.0423624599298735,0.0850963408621405,0.8624361524787435,1.769245092170752,0.0151009930480316,0.0556334759203602,1.6733878233468928,0.0241927996731488,0.0014407844611547,126.0,136.4,10.4,149.0,136.4,12.6
5000,Raw shallow RA,SRS2822136,0.000827217691825,0.7617411524771318,0.0301816361281697,0.0677556772708546,1.1673638570246403,1.9885226135992449,0.0172238004170385,1.966126911265981,0.5680948220040578,0.0144117601008528,0.0008136061668736,48.0,66.2,18.2,68.0,66.2,3.4
5000,Raw shallow RA,SRS2822149,0.0007596309788701,0.8732439814171965,0.0377572017797588,0.084978907548962,1.1027592208695556,1.96617957709499,0.0242864572781508,0.2376804182650564,1.9896814997955492,0.0166399523086187,0.0013720826594672,108.0,124.0,16.0,130.0,124.0,7.2
5000,Raw shallow RA,SRS2822153,0.0008536500392447,0.9040667087625298,0.0456282018762482,0.0880058942429568,1.0663113500793395,1.9512379655736103,0.021045616683772,0.047396375254363,2.0879236466477624,0.025000978081792,0.0009560879055039,121.0,140.2,19.2,158.0,140.2,17.8
5000,Raw shallow RA,SRS2822168,0.0006991472402474,0.8191426606786415,0.0296801629247112,0.074263591544418,1.186865065262451,2.0218304080912484,0.0194252758562902,1.2621904759317963,1.2387518404276063,0.0275602915423045,0.0039840833124022,73.0,90.6,17.6,90.0,90.6,3.4
5000,Raw shallow RA,SRS2822180,0.0007975503030383,0.8244908373287284,0.0322863368789338,0.0745146873421416,1.1761769089198757,1.9881227560383936,0.0186202987219586,1.1351812116677318,1.331466242930248,0.0161748419913564,0.0042323061756005,70.0,94.6,24.6,93.0,94.6,3.2
5000,Raw shallow RA,SRS2822183,0.0008512577704801,0.9014022554887036,0.0475116753396648,0.0905764572438171,1.0255100951943223,1.920216008436887,0.0206165006792632,0.0546517048058151,1.9998524041154684,0.0179301215312718,0.000811271315179,135.0,153.0,18.0,167.0,153.0,14.0
5000,Raw shallow RA,SRS2822185,0.0008692680330286,0.8940467630629563,0.047229866837829,0.0896316661158185,1.0745729828569717,1.9502350317277517,0.0206197315194079,0.0561749742155972,2.096610504530239,0.0243665634946871,0.00071537781006,122.0,142.0,20.0,156.0,142.0,14.0
5000,Raw shallow RA,SRS2822218,0.0008166682631847,0.8068646226655171,0.0298146874758347,0.0698446233724432,0.9832218342271496,1.8225908295010549,0.0203898691129909,1.509230541375755,0.6096141407747322,0.0215188418480863,0.0032305135780657,66.0,81.0,15.0,84.0,81.0,4.6
5000,Raw shallow RA,SRS2822220,0.0009177765576651,0.9084507274269632,0.036079926667498,0.0566156630740309,0.3127464271090131,1.0093354750345822,0.0197729006618625,0.6945661822551327,0.0,0.0168809572554346,0.0010286027006562,65.0,68.2,4.4,69.0,68.2,3.6
5000,Raw shallow RA,SRS2822230,0.0007631253973572,0.8953944513352464,0.0386345291708202,0.0831429811600098,0.8874565010062068,1.7988517028904425,0.0162848587221812,0.291886983790664,1.5112372593704917,0.0401620758465585,0.0030734824514797,110.0,120.4,10.4,129.0,120.4,8.6
5000,Raw shallow RA,SRS2822236,0.0008172600394223,0.8118102448966933,0.0321365314019309,0.0713566613099285,1.005604627292257,1.8639707413989832,0.0167548792344307,1.499024491461289,0.663913148626762,0.0140595058583824,0.0013302993882557,65.0,82.2,17.2,84.0,82.2,3.0
5000,Raw shallow RA,SRS2822240,0.0008476870310835,0.788797510973312,0.0281287216824867,0.0657158907284454,0.9030027571936372,1.766786176164307,0.0181959332591802,1.9000496611748872,0.0985865497706876,0.0128650203267409,0.0029126612440749,52.0,67.6,15.6,67.0,67.6,3.4
5000,Raw shallow RA,SRS2822243,0.0007522718451747,0.9270960019157268,0.0329894044747645,0.0634278136322731,0.3662276852086828,1.136033150040775,0.0207816966352749,0.8136111402346217,0.0,0.0084082169203971,0.0010188752865073,84.0,90.0,6.0,94.0,90.0,4.0
5000,Raw shallow RA,SRS2822253,0.0008504782379389,0.8862826155189693,0.043545479338725,0.0871955865857447,1.003456545436788,1.8768417844082337,0.0200040776671133,0.076228220089785,1.9364400979609149,0.0224402477151397,0.0012419473969199,112.0,131.4,19.4,140.0,131.4,8.6
5000,Raw shallow RA,SRS2822256,0.0008713819383084,0.8670297144134114,0.0362456329271418,0.0784372517323914,0.9907945576804092,1.883554644384979,0.0201682340540174,0.8005590833117552,1.2609125599258393,0.0224630733728827,0.0043980399523449,85.0,105.6,20.6,114.0,105.6,8.4
5000,Raw shallow RA,SRS2822262,0.0006752268465744,0.8218006891928159,0.0285565938293849,0.0732677468922028,1.0380238576824692,1.9143400107805113,0.0170476284006711,1.4084286734778986,0.8100438732728976,0.0151705063565418,0.0008388095089647,65.0,87.0,22.0,89.0,87.0,3.2
5000,Raw shallow RA,SRS2822268,0.0007540513435532,0.8556510628045529,0.0326682066773323,0.0748629210461132,0.9358112919693286,1.7771896830903888,0.0215596534512173,1.0717362487572952,0.907384726826866,0.0098049665586954,0.0013261836365854,88.0,96.4,8.4,100.0,96.4,4.0
5000,Raw shallow RA,SRS2822269,0.0009363842648213,0.8544391471940292,0.0364890006814939,0.0741612984125978,1.0115423765572382,1.868831993788278,0.0242346519521412,1.114414700469773,1.0202632859575314,0.0284551326538432,0.0020054136909471,84.0,95.0,11.0,102.0,95.0,7.0
5000,Raw shallow RA,SRS2822275,0.0007708540262304,0.8899291292313005,0.0317008555879698,0.0628252787784246,0.5351440413687428,1.3561657397340865,0.0194870679714655,1.1901162686318565,0.0,0.0212202280251442,0.0020459797033146,79.0,80.8,3.4,87.0,80.8,6.2
5000,Raw shallow RA,SRS2822279,0.0008818921457835,0.8789713387044802,0.0451700996981821,0.0932449394130376,1.1352644058027024,2.0266488749225076,0.0217259547548239,0.0567838272216773,2.2173335855023817,0.0294909636040234,0.000777626403383,123.0,140.8,17.8,162.0,140.8,21.2
5000,Raw shallow RA,SRS2822280,0.000916151009065,0.9115445677708952,0.043883231128011,0.0845538038979354,0.7622436970738595,1.674986469915342,0.0208983646968381,0.0504438637619749,1.4770678728097346,0.0144459047286186,0.0015351884579678,124.0,132.4,8.4,149.0,132.4,16.6
5000,Raw shallow RA,SRS2822298,0.0008783041693578,0.8840207838725362,0.0357056521272744,0.0718142815951806,0.6717781360925732,1.5436116447164605,0.0217780077379561,1.0572631858154846,0.3922876321571254,0.0258616592979689,0.0019058459613376,83.0,97.0,14.0,101.0,97.0,4.4
5000,Training-mean RA,SRS2821816,0.0076719767363893,0.5587203599347832,0.2811320673861576,0.3583149622748524,1.4028120163640945,2.090436313098446,0.0835659043579276,0.3203589739981199,2.509503719401899,0.4634416241611649,0.025846872731581,96.0,158.0,62.0,117.0,231.0,114.0
5000,Training-mean RA,SRS2821824,0.009241302701958,0.6472881118498912,0.3286616999633859,0.3846464534630615,0.6874211239501995,1.4055746299333625,0.0968854719295418,0.1052738685858055,1.2704270340904316,0.1845734799734626,0.0074725099396631,132.0,158.0,26.0,162.0,231.0,69.0
5000,Training-mean RA,SRS2821835,0.0131221839886081,0.5335679062145439,0.39820318817185,0.4626876958689595,2.4833759942718436,3.0260263834586816,0.0821618811354659,0.8776851314621676,4.170498370894489,0.9129784303579636,0.0699612408330754,61.0,158.0,97.0,74.0,231.0,157.0
5000,Training-mean RA,SRS2821843,0.0101620028003938,0.6319869653382633,0.3408818429426761,0.4073237135781412,1.0462525828600884,1.821419214759586,0.0791106218911832,0.152385349779411,1.947620378637986,0.2583474540021466,0.0121332046239011,116.0,158.0,42.0,142.0,231.0,89.0
5000,Training-mean RA,SRS2821844,0.0075609556895094,0.6075134054817194,0.2908091149097236,0.3445427556906837,1.9699711537209168,2.7773170919930568,0.0950463915188169,0.153902288601947,3.792064638226349,0.1577867320935428,0.0058497103303627,105.0,158.0,53.0,118.0,231.0,113.0
5000,Training-mean RA,SRS2821854,0.0086956836554159,0.5808877245054378,0.3235381932445682,0.379837496871358,2.325952255387856,3.0852232376133117,0.0898080813444445,0.5260620588371727,4.170498370894489,0.2155407458043869,0.0127958583504228,105.0,158.0,53.0,111.0,231.0,120.0
5000,Training-mean RA,SRS2821860,0.0136824512905564,0.5959760382782883,0.3980815300338654,0.450843718076712,1.4380812353451722,2.160359836349226,0.1983256122976542,0.32694742726664,2.5623810559795843,0.6784266267971284,0.044404811426728,102.0,158.0,56.0,127.0,231.0,104.0
5000,Training-mean RA,SRS2821870,0.014503354433505,0.6869331382058265,0.3561196177011185,0.430586514589276,1.095806914814787,1.813666892150178,0.0852926730140917,0.2551300577795671,1.9538687009992295,0.3185224306543888,0.0230553107731062,93.0,158.0,65.0,131.0,231.0,100.0
5000,Training-mean RA,SRS2821871,0.0119520533088031,0.6843910027615574,0.3323534894640558,0.4088232774016979,1.1510795926552304,1.9148193111937897,0.0683775927212894,0.1973081425818306,2.1180486580686853,0.2039522145742252,0.0094501175396252,106.0,158.0,52.0,136.0,231.0,95.0
5000,Training-mean RA,SRS2821875,0.0113435557462893,0.586030908983912,0.3686618191355133,0.4263412560889313,1.4284849719610944,2.235648494297932,0.101999555701428,0.199063117535114,2.667842466574774,0.4203874849755866,0.0316148227002198,111.0,158.0,47.0,139.0,231.0,92.0
5000,Training-mean RA,SRS2821881,0.0152597407688329,0.5371079616508436,0.4655340910844939,0.5118423331778001,2.7651023289600016,3.2362699159649195,0.1878311662250236,1.4933411692220622,4.170498370894489,1.1098351917653857,0.0854301739222425,53.0,158.0,105.0,70.0,231.0,161.0
5000,Training-mean RA,SRS2821890,0.0120047892390573,0.6947422413473096,0.3405589379586446,0.3854981548436776,1.2446539129238277,2.1009483332538053,0.0850041001036387,0.0990472982011407,2.391698020365157,0.3502223566734375,0.024830673800955,127.0,158.0,31.0,146.0,231.0,85.0
5000,Training-mean RA,SRS2821892,0.0072770145032823,0.6470022264313623,0.2658090019491238,0.3024789430944672,1.078400196728112,1.9473412064295033,0.0889370430872275,0.0598737957122059,2.09395161966626,0.1880481656623294,0.0076539491136435,135.0,158.0,23.0,154.0,231.0,77.0
5000,Training-mean RA,SRS2821893,0.0102320471574631,0.6038520371669925,0.3716474745114959,0.4453004840641009,2.4421397137712866,3.119194436490558,0.0658257177249579,0.7876707005603718,4.170498370894489,0.3599030126433198,0.0103340408736495,89.0,158.0,69.0,92.0,231.0,139.0
5000,Training-mean RA,SRS2821894,0.0118807737921147,0.5309495058956066,0.4657943557576879,0.5261876984355567,2.2472440805258587,2.8342093699424167,0.0868137239388832,0.7275902244297151,3.832489231947836,0.6895428160730619,0.0409487193987408,63.0,158.0,95.0,79.0,231.0,152.0
5000,Training-mean RA,SRS2821901,0.0104215214996444,0.6491257333544823,0.3113366101955033,0.3461894237682834,1.3389161149577309,2.027472531377013,0.1157420775542416,0.345271472349301,2.3560558924664425,0.5481117962672468,0.033226485093237,92.0,158.0,66.0,117.0,231.0,114.0
5000,Training-mean RA,SRS2821905,0.0253683608930784,0.5839260279041009,0.5583057636552556,0.5955409686660645,1.5624518087332326,2.2051872020930223,0.3409547571865992,0.4626907737766876,2.674674010742306,1.2743127344717164,0.160416471750017,86.0,158.0,72.0,110.0,231.0,121.0
5000,Training-mean RA,SRS2821908,0.0244293958620035,0.5750063595957167,0.5295642740563139,0.5773380694738461,1.5199980221636629,2.1614540201413255,0.2983296475937425,0.4437523027753995,2.6111295251531987,1.1848488178571968,0.1450548279265493,88.0,158.0,70.0,111.0,231.0,120.0
5000,Training-mean RA,SRS2821916,0.0168693822603556,0.5964363966532386,0.4442004531985136,0.4767736879363829,1.7427436836865575,2.298689917779525,0.1282029322827364,0.7084431490612052,2.836438886171123,1.0593573948397808,0.1083945817133507,68.0,158.0,90.0,85.0,231.0,146.0
5000,Training-mean RA,SRS2821919,0.0117444813732841,0.6095668235679645,0.398439258273735,0.441097560767314,1.5593361801129833,2.3220311067265325,0.1288802132031283,0.2757877558101351,2.85792238436773,0.5224099485286322,0.0299549220945128,102.0,158.0,56.0,124.0,231.0,107.0
5000,Training-mean RA,SRS2821925,0.0199875601514097,0.5428794921937897,0.4749842635981853,0.5207274300792978,2.758953316057781,3.2189657559636613,0.1530962796979972,1.4836017327982658,4.170498370894489,1.2998725317556672,0.1473527590459052,51.0,158.0,107.0,66.0,231.0,165.0
5000,Training-mean RA,SRS2821928,0.0085924705713402,0.6635455967067982,0.2677877467246977,0.3308218934007386,1.4374938916681677,2.2903061421259383,0.0565044366613752,0.1188030044955262,2.7625617975954864,0.2218552124164801,0.0083858064452245,119.0,158.0,39.0,137.0,231.0,94.0
5000,Training-mean RA,SRS2821931,0.0119936461127916,0.6343609443316152,0.3960940499150882,0.4460719459978756,1.3264507810932065,2.092185780469244,0.1872141162562194,0.2910934364119355,2.3724414420108895,0.5856025551954831,0.0305614426649161,110.0,158.0,48.0,140.0,231.0,91.0
5000,Training-mean RA,SRS2821932,0.0097523924279218,0.6441723901496431,0.3463629897947348,0.4014446615265241,1.206693014290037,2.021832738199487,0.0870571421083528,0.1643836331640595,2.2569177055240788,0.2473092697331971,0.011367112620498,114.0,158.0,44.0,144.0,231.0,87.0
5000,Training-mean RA,SRS2821946,0.012995691272486,0.5364406183966435,0.4495740816784007,0.4875375702862318,2.951670452185851,3.4030532715297945,0.1283940096651992,1.9158059616312155,4.170498370894489,0.9937918124179168,0.0679126857313054,51.0,158.0,107.0,64.0,231.0,167.0
5000,Training-mean RA,SRS2821968,0.0153274373123062,0.4972034509725849,0.504139172557106,0.5497488678676297,2.979871903508166,3.515481801904514,0.1247237991029322,1.9790593070099656,4.170498370894489,0.605687868321295,0.0471250065883965,68.0,158.0,90.0,70.0,231.0,161.0
5000,Training-mean RA,SRS2821969,0.021625520517713,0.5805307516883821,0.521562122499404,0.5543934022697176,1.7483003768542449,2.439810982779802,0.3359753357874567,0.4160105693606774,3.0887827673120003,1.206257855872379,0.1438494205925493,97.0,158.0,61.0,120.0,231.0,111.0
5000,Training-mean RA,SRS2821970,0.0094699102942234,0.6190819290416955,0.3214533919467384,0.3899701547589633,0.921292244039536,1.7384419084646516,0.0917990294093452,0.0680224698009788,1.7721281972158196,0.1725317529636716,0.0114121718501147,125.0,158.0,33.0,158.0,231.0,73.0
5000,Training-mean RA,SRS2821972,0.0098475351550761,0.6292099785835337,0.3310088693791942,0.4019056990872161,1.031158373731528,1.7800521812777332,0.0872651457223686,0.138741215239839,1.9288447361895724,0.224619068014896,0.0130290913281593,115.0,158.0,43.0,141.0,231.0,90.0
5000,Training-mean RA,SRS2821987,0.0145814628190698,0.5619047475608618,0.4218301157627609,0.4666882497680444,1.4114444263301615,2.0491575834763944,0.1762021540622467,0.4306443331385784,2.4182897819468816,0.7570384182447194,0.0613716822129815,87.0,158.0,71.0,115.0,231.0,116.0
5000,Training-mean RA,SRS2821991,0.0121300167282618,0.6261363296725282,0.4007109256426308,0.436383038569578,1.4927693571702287,2.2345381853348893,0.1778248518992097,0.2982063590637991,2.699654871758073,0.6577354428137814,0.0419806340226205,108.0,158.0,50.0,125.0,231.0,106.0
5000,Training-mean RA,SRS2822000,0.01025747408098,0.5596308751447272,0.3532301356596025,0.4287407133752941,1.187545748075282,2.005275938069864,0.0971068704015791,0.1375345254705439,2.2416952345847174,0.295397502228067,0.0118226918288535,116.0,158.0,42.0,139.0,231.0,92.0
5000,Training-mean RA,SRS2822019,0.0117794459613013,0.6227651267543456,0.3933220549831238,0.443550236202216,1.48036435435641,2.2336002447281396,0.1493215975156302,0.2936729013434536,2.6818319250840266,0.5243233114322274,0.0291319870184015,97.0,158.0,61.0,128.0,231.0,103.0
5000,Training-mean RA,SRS2822023,0.0068438031377042,0.5609806731050512,0.2824669538933254,0.3674762193751425,1.7280479930874144,2.358420795486793,0.0874684261187658,0.5465366515710445,2.956550570280001,0.5040817851178234,0.0139195659090519,73.0,158.0,85.0,93.0,231.0,138.0
5000,Training-mean RA,SRS2822025,0.0074200662474253,0.5564779006330361,0.2831969776577975,0.3685697014693425,1.8615004299281648,2.5063778688148903,0.0834971398948649,0.5596345309877614,3.2121048019725658,0.5212016316418158,0.0156674691070364,74.0,158.0,84.0,89.0,231.0,142.0
5000,Training-mean RA,SRS2822026,0.010846124501762,0.5712184505265844,0.4281347710718936,0.4686477065202988,2.1600167985776104,2.7093178251727736,0.184001877074588,0.8048910102427211,3.578698167473017,0.8089499433463034,0.0396300221394222,64.0,158.0,94.0,78.0,231.0,153.0
5000,Training-mean RA,SRS2822053,0.0147386171343158,0.5703555074351945,0.3669364053877205,0.4213729694878873,2.2700479826117523,2.859858958799462,0.1278938287716069,0.6978320638924115,3.9006040356347977,0.9736784100071422,0.090098096379783,67.0,158.0,91.0,87.0,231.0,144.0
5000,Training-mean RA,SRS2822060,0.0242875307951867,0.5319692902614328,0.4562671605086238,0.4955685515669961,1.7973507634539143,2.486745923821967,0.2484758047515186,0.4293836648311157,3.183835989486435,1.1904454917657694,0.2065279584272095,86.0,158.0,72.0,110.0,231.0,121.0
5000,Training-mean RA,SRS2822063,0.0225519460485288,0.5481784299237794,0.4367417968235153,0.4799270110440465,1.7801848226564094,2.445791511170247,0.2095526885929223,0.4435198737658377,3.140799168454444,1.1243811108527182,0.1804886703692941,86.0,158.0,72.0,107.0,231.0,124.0
5000,Training-mean RA,SRS2822068,0.0114980803971068,0.5830241875101901,0.3847269445180424,0.4376158432465211,1.1652551961167952,1.8759185569812,0.1206304579673606,0.2682915195653519,2.077333784485356,0.5283338143708614,0.0268884410090511,110.0,158.0,48.0,132.0,231.0,99.0
5000,Training-mean RA,SRS2822077,0.0133774097782268,0.6085124324971289,0.4163499716243082,0.4493149662646794,1.9776344205138177,2.533059239271675,0.1003091040453634,0.7721519868312985,3.2518881729067077,0.936221217216044,0.0753328304999501,65.0,158.0,93.0,79.0,231.0,152.0
5000,Training-mean RA,SRS2822080,0.018978773215906,0.3678602216747335,0.6531550270397681,0.6554854315699209,1.5571865021685052,2.3058034927216458,0.2021151335102805,0.3172074690807209,2.8089466404721617,0.8700516642943725,0.1022982020970012,98.0,158.0,60.0,129.0,231.0,102.0
5000,Training-mean RA,SRS2822089,0.0097988070488473,0.5862928277994416,0.327173757265178,0.3788163201568412,0.9325468300552912,1.7392827492087792,0.1008273538874788,0.0782023412587521,1.7845753726772364,0.2550314763195818,0.012532214216374,128.0,158.0,30.0,153.0,231.0,78.0
5000,Training-mean RA,SRS2822111,0.010981237351303,0.5997006052225144,0.3894084051331554,0.4306057305340197,2.110796451713503,2.7439878421969524,0.0930783695568624,0.5997022168357352,3.6737498205646992,0.7771433518995079,0.0509419176907052,74.0,158.0,84.0,91.0,231.0,140.0
5000,Training-mean RA,SRS2822116,0.0138733525516406,0.5496909090777864,0.4745869004778701,0.5032685776566885,1.9770560348645148,2.590330188092477,0.1263859280560234,0.617409763421628,3.3869645886676603,0.8109110865672783,0.0650816567923351,74.0,158.0,84.0,88.0,231.0,143.0
5000,Training-mean RA,SRS2822120,0.0101589364079677,0.611263656563942,0.3625194631837008,0.4235856183173728,1.0344862168632618,1.845124069213288,0.0872155771263702,0.1289147517969494,1.9443261013840432,0.254685449745597,0.0117732371928047,121.0,158.0,37.0,151.0,231.0,80.0
5000,Training-mean RA,SRS2822122,0.0121618889772366,0.6349136936662052,0.3546471089780583,0.4229861655979555,1.721716765925299,2.4937515249480353,0.1140790849980006,0.266164618407925,3.1928367239492004,0.5673054595220157,0.0316517590098714,114.0,158.0,44.0,128.0,231.0,103.0
5000,Training-mean RA,SRS2822125,0.0142526653361263,0.4615699753714388,0.4312531613576967,0.4833350833446876,1.780778460301534,2.4146704250222,0.1460037935327168,0.5843268495311632,3.022097785465446,0.9684472478140264,0.0826518378022884,76.0,158.0,82.0,96.0,231.0,135.0
5000,Training-mean RA,SRS2822129,0.0103113063693996,0.5477630111215736,0.39573511498814,0.4548006137608464,1.1012103784996243,1.950517701369153,0.1319450698482296,0.0706429769026821,2.12550276270844,0.1831169461256641,0.0137356824667121,125.0,158.0,33.0,156.0,231.0,75.0
5000,Training-mean RA,SRS2822133,0.010317400082869,0.5731792609583051,0.4079740080329113,0.4562150189044937,1.145066735294858,1.9978444357916367,0.1006644381254704,0.096535748006976,2.193175100759587,0.2182146348293425,0.0179092987566715,126.0,158.0,32.0,149.0,231.0,82.0
5000,Training-mean RA,SRS2822136,0.0133195104455173,0.5609149762767419,0.4807781035033046,0.5336784165437224,2.235973508672026,2.7400645466295583,0.2168312447383456,0.9439755641404496,3.6024035488904302,0.9932082555585628,0.0580490390012382,48.0,158.0,110.0,68.0,231.0,163.0
5000,Training-mean RA,SRS2822149,0.0214289847119093,0.5901846988646862,0.4227816384956698,0.5401789254706635,1.192430949184091,1.9091238975195712,0.1625391110034189,0.2683019891922515,2.1273860305653387,0.7180994250324191,0.08124493502991,108.0,158.0,50.0,130.0,231.0,101.0
5000,Training-mean RA,SRS2822153,0.0098998562035783,0.6677914081256624,0.359133384353047,0.4036119618203574,0.8769616691381783,1.6486669466337678,0.0671317406769906,0.1016785966035963,1.655781034011704,0.2327813885643261,0.0103245811622021,121.0,158.0,37.0,158.0,231.0,73.0
5000,Training-mean RA,SRS2822168,0.0267082255594309,0.6347879316593946,0.4742238716779755,0.5262075107209614,1.753576366365277,2.358751534648,0.1881825376555509,0.6195632868242467,2.931746530466882,1.1963154355074097,0.17083410296218,73.0,158.0,85.0,90.0,231.0,141.0
5000,Training-mean RA,SRS2822180,0.0260925734438871,0.6473292150165775,0.467341565950681,0.5242894295411058,1.7074360819994223,2.2954616548979754,0.1849597130406859,0.6204141079549632,2.8390321279642405,1.1915398199511698,0.1645040446558203,70.0,158.0,88.0,93.0,231.0,138.0
5000,Training-mean RA,SRS2822183,0.0090894445879939,0.6348022600584416,0.3319595407144033,0.38825481719302,0.7021212053938336,1.464151943913685,0.0669491070238025,0.0846118791450151,1.3214385319385242,0.081120600807341,0.0034023932379336,135.0,158.0,23.0,167.0,231.0,64.0
5000,Training-mean RA,SRS2822185,0.0094183506488266,0.652043797540502,0.3334684303954826,0.3962956920735996,0.8560118774350766,1.6093055862182273,0.0745792385223876,0.1145596853746092,1.6015565561812046,0.1458047958923325,0.0053814213392063,122.0,158.0,36.0,156.0,231.0,75.0
5000,Training-mean RA,SRS2822218,0.015612505114759,0.5922900248491182,0.4157730502608704,0.4573166326884958,2.1399184855715174,2.6997525128795195,0.0824610004545328,0.7915351324916439,3.5608842301197563,1.0240484851314742,0.0984666191124685,66.0,158.0,92.0,84.0,231.0,147.0
5000,Training-mean RA,SRS2822220,0.0122776250089447,0.5613877623144002,0.4522355131906507,0.5644018252351387,2.9494698577044898,3.464981134963229,0.1116265723148165,1.9128149588881385,4.170498370894489,0.4862621156266717,0.0151400727517557,65.0,158.0,93.0,69.0,231.0,162.0
5000,Training-mean RA,SRS2822230,0.0149004264213,0.3556333421562387,0.6048170614667426,0.6252920861210877,1.418289164327295,2.2320104058258163,0.0973763404905016,0.1864332820106035,2.659261111523997,0.5087634907436698,0.045675856584413,110.0,158.0,48.0,129.0,231.0,102.0
5000,Training-mean RA,SRS2822236,0.0118280541314415,0.573832647058249,0.3931835419638158,0.4420873298768077,2.102033690740573,2.6760497799792087,0.1199638021611476,0.7633395157193785,3.5065852222677263,0.8796116948660903,0.0538828048970189,65.0,158.0,93.0,84.0,231.0,147.0
5000,Training-mean RA,SRS2822240,0.0162099048906861,0.5079644032355222,0.4694688428459759,0.5079851622908645,2.4746069215448943,2.9788433702866906,0.1664933858796647,0.9583591471337264,4.0719118211238,1.119544503922516,0.0963195788585909,52.0,158.0,106.0,67.0,231.0,164.0
5000,Training-mean RA,SRS2822243,0.0107688842698223,0.554646966720204,0.394020612867008,0.4330486335325503,2.494397666554661,3.1414410961137316,0.1279477459085194,0.8970209956532715,4.170498370894489,0.6417157851400561,0.0415892370026501,84.0,158.0,74.0,94.0,231.0,137.0
5000,Training-mean RA,SRS2822253,0.0107912592413695,0.5976593223269266,0.381724128809596,0.4511557099943387,1.1324339387380722,1.896635040297187,0.0882398272991226,0.1906120281133531,2.0847348935406256,0.3143574594124274,0.0122904153447124,112.0,158.0,46.0,140.0,231.0,91.0
5000,Training-mean RA,SRS2822256,0.0203896822446879,0.609841622655412,0.394819013237608,0.4438700669162191,1.6242010096774098,2.3471607545029127,0.1707061998305956,0.357986647958297,2.909585810968649,0.8055259250719576,0.0965941864097211,85.0,158.0,73.0,114.0,231.0,117.0
5000,Training-mean RA,SRS2822262,0.0096627432298864,0.6269416254243124,0.3334920136768991,0.4036895824728994,1.987954015776712,2.5941346558427827,0.1362348650120458,0.6701012768788257,3.3604544976215904,0.8061609838022005,0.0410823679729861,65.0,158.0,93.0,89.0,231.0,142.0
5000,Training-mean RA,SRS2822268,0.0137420456605752,0.5395712304407392,0.4447851137377716,0.502172492692885,1.8713305955713468,2.510910491788892,0.1618225327872511,0.5157793469499983,3.263113644067622,0.8344576963026338,0.0644042524333187,88.0,158.0,70.0,100.0,231.0,131.0
5000,Training-mean RA,SRS2822269,0.0130011996241528,0.5615874328741186,0.4411919361093589,0.4888883606246966,1.817795348818776,2.4625329839489947,0.1714379361736948,0.5211532424799789,3.150235084936958,0.8078914679232604,0.0592604271538386,84.0,158.0,74.0,102.0,231.0,129.0
5000,Training-mean RA,SRS2822275,0.0104855068950688,0.5210863733936675,0.3974453432918968,0.4483160312900362,2.524066621800142,3.1107704876578435,0.0974969535464759,0.9665979687502798,4.170498370894489,0.7306998767373609,0.042239255320655,79.0,158.0,79.0,87.0,231.0,144.0
5000,Training-mean RA,SRS2822279,0.0129781382675813,0.6566553907370195,0.3643335293980139,0.4212412476721251,0.8207801352021151,1.5630864826984665,0.1254993762523116,0.1398909479716552,1.5031424754432168,0.4203402447514115,0.0330403319996536,123.0,158.0,35.0,162.0,231.0,69.0
5000,Training-mean RA,SRS2822280,0.0123912636671199,0.6083328945443428,0.3683369761881504,0.4235896068796052,1.3234611348876335,2.1784925740471737,0.1157480265750669,0.1320136925168182,2.5165735666855578,0.3263555304262855,0.0246612248165181,124.0,158.0,34.0,149.0,231.0,82.0
5000,Training-mean RA,SRS2822298,0.0095883178913338,0.578836437622175,0.3687925128702624,0.4069020917104384,2.1066707946394634,2.783712093464555,0.0982338960446897,0.4735489242999785,3.778210738737363,0.6604284207572455,0.0377563340512723,83.0,158.0,75.0,101.0,231.0,130.0
5000,XGBoost,SRS2821816,0.0029921886651645,0.873347220319071,0.0629011268895922,0.089377920464309,0.6797976369231965,0.904350637105502,0.0351000096753111,0.2605369497268417,1.1221345463295502,0.1473684827524107,0.0166046349579158,96.0,81.6,14.4,117.0,107.6,9.4
5000,XGBoost,SRS2821824,0.0013266340912716,0.9399886229778748,0.0518401449923608,0.0761411655339025,0.3615376411626697,0.5775627197548511,0.0243690817178115,0.0480494075414667,0.6774498451437744,0.0558363123262669,0.0021292597110536,132.0,124.2,7.8,162.0,147.8,14.2
5000,XGBoost,SRS2821835,0.0011823879932275,0.8477869562583805,0.0355218321927699,0.0611124878459073,0.6207678837653153,0.8387375186145867,0.0222675604100196,0.6622630579905157,0.6447840596861499,0.0115290109838452,0.0061013203308299,61.0,55.8,5.2,74.0,66.4,7.6
5000,XGBoost,SRS2821843,0.0011446493248416,0.9255956825525689,0.0457485150530921,0.0755056179565665,0.4978068582432261,0.7266964781825294,0.026880202949387,0.0547508580005973,0.9437157601840104,0.0254066611201729,0.0017660799192379,116.0,108.4,7.6,142.0,130.2,11.8
5000,XGBoost,SRS2821844,0.002174412510993,0.912158568433802,0.0609642041442273,0.0823347285438382,0.6674275907865163,0.9546257677508624,0.0285211729777314,0.165280504651353,1.1835736636284278,0.0914829681616654,0.0072588003188536,105.0,103.2,1.8,118.0,112.2,5.8
5000,XGBoost,SRS2821854,0.0011909763515118,0.8880915422498115,0.051874056067374,0.0752050732486627,0.844337874197285,1.164683234336713,0.0329782134202325,0.4213511141997907,1.3070793405737895,0.0866030409512093,0.005397298281629,105.0,93.8,11.2,111.0,104.0,7.0
5000,XGBoost,SRS2821860,0.0012129884717102,0.8921201421405198,0.043651941003087,0.0777837260611775,0.6693639748626791,0.922271915826406,0.0305270530716018,0.1998214519983728,1.1562358456486233,0.0145194451963811,0.00348489463946,102.0,90.2,11.8,127.0,111.6,15.4
5000,XGBoost,SRS2821870,0.0011571477397074,0.8961070051976148,0.0456646456185973,0.0789856185056258,0.551236231410636,0.7846025777254121,0.0184005561842066,0.0657564618325075,1.041563455897646,0.0707276478221242,0.0056236044636862,93.0,94.4,3.4,131.0,120.4,10.6
5000,XGBoost,SRS2821871,0.0029435866248967,0.9104297752547362,0.0656271369686517,0.0919651794202545,0.5648798751250795,0.7881848625871918,0.0314268780919805,0.1092238022657525,1.0284994126636116,0.1444752185737684,0.0149110749883102,106.0,98.4,7.6,136.0,122.0,14.0
5000,XGBoost,SRS2821875,0.002937387155997,0.9299505322655872,0.0680270109478353,0.0869093056525752,0.5300352683578702,0.7794691992896849,0.036202073408337,0.0548711247922289,1.00711041718328,0.0247273939784673,0.0109160615147853,111.0,103.6,7.4,139.0,126.4,12.6
5000,XGBoost,SRS2821881,0.0022190086606645,0.8330951621607501,0.0507323293225181,0.0659407718025582,0.5577367742882592,0.7512137813760529,0.0334670418013305,0.7105223309199494,0.4742560897710731,0.0287547548308573,0.0086843779702538,53.0,51.4,3.6,70.0,61.4,8.6
5000,XGBoost,SRS2821890,0.001826410956027,0.9276562214133176,0.0557374361249895,0.081951339990992,0.5059846854995789,0.7889108615744715,0.0271724608189574,0.0681114474710569,0.9480485284609927,0.0215872049667028,0.0047540244444428,127.0,116.4,10.6,146.0,132.6,13.4
5000,XGBoost,SRS2821892,0.0013377692401434,0.924876060660616,0.0524485266808989,0.0802733449750136,0.4674038043985248,0.7935532750212639,0.0267471847796087,0.0748678488608696,0.8648654972043406,0.0559676916689521,0.0025460969714236,135.0,121.8,13.2,154.0,141.0,13.0
5000,XGBoost,SRS2821893,0.0011628932669224,0.852927189707442,0.0452295883647231,0.067493060596385,0.7338137832749395,0.9970370110233862,0.0264411497308962,0.4579637858734619,1.0538353891004593,0.0497583676222137,0.002228145623795,89.0,81.6,7.4,92.0,88.8,3.2
5000,XGBoost,SRS2821894,0.0027249563258349,0.8600443858743091,0.0570482553488541,0.0730327589767451,0.6233464940544332,0.8055022592813501,0.0329419156168796,0.5502702279805279,0.7493776267482394,0.1028071265985385,0.0145866770230347,63.0,59.0,4.0,79.0,67.6,11.4
5000,XGBoost,SRS2821901,0.003686365018512,0.9015341601436816,0.0738094241885611,0.0988004652562642,0.7241436374927492,0.9903650231941136,0.0446402022357971,0.2626880667530772,1.207919068379859,0.1795583430529199,0.0201552699711694,92.0,84.0,8.0,117.0,107.8,9.2
5000,XGBoost,SRS2821905,0.0064050329086881,0.8641501334685172,0.0987036209008132,0.1079620114470207,0.6898531122009071,0.9190597343923051,0.034924045022304,0.285832994954193,1.1195568227477355,0.0804555479400688,0.0227439875697401,86.0,79.0,7.0,110.0,101.6,8.4
5000,XGBoost,SRS2821908,0.0049149845338386,0.853786559611955,0.082100203373418,0.0962397881215179,0.6554701640876517,0.8586684707636258,0.0323213757670236,0.2386247513428857,1.0934332451984508,0.1070813087223807,0.0231534403577206,88.0,77.4,10.6,111.0,103.4,7.6
5000,XGBoost,SRS2821916,0.004544371319059,0.8797549324421174,0.0816369557083921,0.0904789131368655,0.6886320011539169,0.8997866272938027,0.0536337750197323,0.4103493378977267,1.003428855885807,0.1136985592492362,0.0360768904021396,68.0,60.0,8.0,85.0,79.6,5.4
5000,XGBoost,SRS2821919,0.0019672019118882,0.910073053355155,0.0553619186237595,0.0802798957759251,0.6374026228614044,0.8864558840654183,0.0282245880294281,0.1724008485460332,1.117162597072176,0.0653580093298368,0.004719804761648,102.0,93.4,8.6,124.0,113.2,10.8
5000,XGBoost,SRS2821925,0.0063588142170539,0.7799301838500335,0.1036691904266815,0.1037390858062572,0.5591584779251896,0.7445713635916718,0.0682750160538808,0.7155517374247518,0.469021890691937,0.1868624700202389,0.057113843732033,51.0,48.4,3.4,66.0,56.6,9.4
5000,XGBoost,SRS2821928,0.0012122795798235,0.920895651263928,0.0489046296054404,0.0767410226792269,0.5823309734034408,0.907578346651062,0.0253651231678653,0.0951942536253883,1.0766155569291134,0.044117599380587,0.0030330554873521,119.0,105.6,13.4,137.0,126.4,10.6
5000,XGBoost,SRS2821931,0.0020863582292853,0.91126053400591,0.0599363849546838,0.0859124611232931,0.6363557178878728,0.9065241203203728,0.0386492352606242,0.1276833359453425,1.1541418266721457,0.0581171398406769,0.0046300427509368,110.0,96.8,13.2,140.0,119.6,20.4
5000,XGBoost,SRS2821932,0.0014520462119393,0.9425865191133788,0.051168918204201,0.0786271856347914,0.5234599196885542,0.7524382145777233,0.0236843541004208,0.0741242546184214,0.9779587241817892,0.0901139259751103,0.0050079832519433,114.0,105.2,8.8,144.0,129.0,15.0
5000,XGBoost,SRS2821946,0.0014631161529269,0.8108310204927894,0.0377974093782618,0.0568789392273272,0.5831348972413666,0.7904516747142164,0.0256305642769018,0.741013359525104,0.4984845951011457,0.0278316370868306,0.003889418897262,51.0,50.8,2.6,64.0,58.0,6.0
5000,XGBoost,SRS2821968,0.0018554844495327,0.740856018659895,0.0575750307036357,0.0747811327701588,0.740666790144523,1.0444829302441143,0.0315807429743531,0.9113002867611107,0.6600833255690993,0.0331154621774826,0.0017333379263388,68.0,62.8,5.2,70.0,66.2,3.8
5000,XGBoost,SRS2821969,0.0098879540719719,0.8794344442627444,0.1606704761414056,0.1590411653421626,0.645097585995235,0.8683298976148691,0.1196266325224236,0.1963029388882959,1.1017409888719094,0.3062981853967012,0.0716740356823934,97.0,97.8,2.8,120.0,111.6,8.4
5000,XGBoost,SRS2821970,0.0009957599602238,0.9441732972006112,0.0468907698752466,0.0745591898225931,0.4075072052790857,0.6433760843698001,0.0249534593926072,0.0590443552696293,0.7594596745515443,0.0529390882752482,0.001240947242687,125.0,121.4,3.6,158.0,142.2,15.8
5000,XGBoost,SRS2821972,0.0011249290988296,0.9481974570188588,0.0467106825096138,0.0736354065265515,0.4469584120462423,0.6616341350985719,0.0278759885932072,0.0383005176224165,0.8566833842447117,0.0149637876014716,0.0022585992987149,115.0,112.0,3.0,141.0,133.8,7.2
5000,XGBoost,SRS2821987,0.0012606200835111,0.8713117658261756,0.0457296784859668,0.080620869083828,0.7268627390827705,0.994385371388109,0.0254877061751778,0.2867407493397987,1.1937271663150342,0.059059692363589,0.0026974156300987,87.0,78.4,8.6,115.0,104.4,10.6
5000,XGBoost,SRS2821991,0.0013590204157045,0.925240462196976,0.0473647659789095,0.0760374163901422,0.6062497330973678,0.8347325256187583,0.025484459398286,0.1400166835148654,1.0842065536524337,0.030890788227604,0.0019250245836189,108.0,95.8,12.2,125.0,116.2,8.8
5000,XGBoost,SRS2822000,0.000958176236012,0.9286738174926026,0.0439829759654983,0.0776560496218498,0.4875393409048335,0.7129352436000762,0.0185785881263271,0.0682951723926296,0.9118726085939028,0.0491433406844667,0.0014399066851675,116.0,108.6,7.4,139.0,131.0,8.0
5000,XGBoost,SRS2822019,0.0018044934780424,0.907299690286026,0.0535028569045973,0.0785152160534845,0.6102693548512257,0.8561816456438363,0.0254040103267409,0.1364702503121498,1.095437444585658,0.071237325929311,0.0048764014245928,97.0,92.0,5.0,128.0,114.0,14.0
5000,XGBoost,SRS2822023,0.0019107998793949,0.9054627029557688,0.0526712984439702,0.0752989450649145,0.7182043561707542,0.9655073388785432,0.0312888810211103,0.4469761257147057,1.031983249469454,0.0662179736543153,0.0043434153753126,73.0,68.0,5.4,93.0,84.6,8.4
5000,XGBoost,SRS2822025,0.0012377338580386,0.8960417048932227,0.0429391159375432,0.0699896230702093,0.6909601553756041,0.9153617890256858,0.0225273330879887,0.4669412028784734,0.9604702913945952,0.0543566092749462,0.0020199900262838,74.0,64.0,10.0,89.0,81.4,7.6
5000,XGBoost,SRS2822026,0.00446727919664,0.8834378126601147,0.0788437313130005,0.0945104214574532,0.6430927473792633,0.8463269000896766,0.0463213518194079,0.5601970934026539,0.7785898552187247,0.1263793135656131,0.0196868283160653,64.0,58.8,5.2,78.0,68.4,9.6
5000,XGBoost,SRS2822053,0.0036167855098662,0.8802382253250027,0.072633708040583,0.084058295698885,0.6668208310480889,0.8770641969293017,0.0489223882160654,0.5306538461003807,0.8522989101099394,0.0660788578786431,0.0246786899863734,67.0,63.6,3.4,87.0,81.2,7.8
5000,XGBoost,SRS2822060,0.0102779428370604,0.882366689820721,0.16970971720401,0.1575918447005673,0.6856537181790983,0.9025165684234334,0.1313184345651472,0.2753775304547899,1.1106761125692757,0.4234855490656184,0.1195574012820343,86.0,84.6,3.8,110.0,102.6,7.4
5000,XGBoost,SRS2822063,0.0091948272383127,0.8928724904963847,0.1517533074566264,0.1440068597355805,0.6468020108379916,0.8460314821660122,0.1130427847555698,0.2598674301834356,1.0487658859064235,0.3558379916655407,0.0995255075228643,86.0,82.8,3.6,107.0,102.0,5.0
5000,XGBoost,SRS2822068,0.0019208466805691,0.926760358102305,0.0573023434953864,0.0843239310461113,0.5641056523168249,0.7964474620176099,0.032013387214131,0.0796231902765771,1.0534615587650396,0.0538043271631045,0.003698023524582,110.0,100.6,9.4,132.0,122.6,9.4
5000,XGBoost,SRS2822077,0.001454843387152,0.8757823732068533,0.0381421163455809,0.0671807330358017,0.6931999749699603,0.9189074476561708,0.0203235323679119,0.5432394124871924,0.8966873598271425,0.0270701451666601,0.0068721485040936,65.0,58.0,7.0,79.0,73.2,7.4
5000,XGBoost,SRS2822080,0.0042588803323644,0.8581812567133212,0.0841778241324698,0.102568986453677,0.6146743262500032,0.9014298154859152,0.0466030957697002,0.0825682758675401,1.1504618517605911,0.1078507122519205,0.0313186799701839,98.0,98.0,2.0,129.0,118.8,10.2
5000,XGBoost,SRS2822089,0.0011471980185266,0.9443886438460724,0.0464331433815861,0.0774249744228853,0.4325224827025318,0.6570805122431242,0.0230664520992167,0.0595310743892315,0.8092464901478807,0.0459306631560515,0.0012873956173502,128.0,119.8,9.0,153.0,139.8,13.2
5000,XGBoost,SRS2822111,0.0021254761925068,0.8383055181998506,0.0524544839426615,0.0754441324036733,0.6847419977762893,0.8988376221979404,0.0287057102908011,0.4931159029308084,0.9239061438368892,0.0869339591535063,0.0103926257101986,74.0,65.0,9.0,91.0,83.6,7.4
5000,XGBoost,SRS2822116,0.0014156029257672,0.8592134901777317,0.0474362020565588,0.0736293977807558,0.6726481159209781,0.8786921891917974,0.0342567476615721,0.5290264095549857,0.8669155357091307,0.0242567182618613,0.0034367683192125,74.0,64.2,9.8,88.0,77.0,11.0
5000,XGBoost,SRS2822120,0.0017338409689979,0.941297785722856,0.0561150536083088,0.0797352978541507,0.4975160390965035,0.730596376067631,0.0281707726271793,0.0635278128526869,0.9351234899303328,0.0799270509846568,0.0051588033680342,121.0,109.6,11.4,151.0,134.2,16.8
5000,XGBoost,SRS2822122,0.0008931435912845,0.9229672704624686,0.038662916765852,0.0742957631140671,0.6225278099771292,0.8764426480030044,0.0219040571355077,0.1613855085126982,1.0979477403226898,0.0503586515083326,0.0008180958633694,114.0,95.6,18.4,128.0,117.4,10.6
5000,XGBoost,SRS2822125,0.0024030091038656,0.8514383617711146,0.0555750644564228,0.0789725053271633,0.6887179866967562,0.9242752192693086,0.031776960940672,0.3279919897385356,1.0797652070752306,0.0199132906073255,0.0132372422282124,76.0,71.6,5.2,96.0,97.2,4.8
5000,XGBoost,SRS2822129,0.0009898241903146,0.921786500008134,0.0462948175263437,0.0791129441063813,0.4565335534529861,0.729293432366414,0.017919658606878,0.0485780415152167,0.867627325058538,0.0560592662967865,0.003011752930566,125.0,120.4,4.6,156.0,134.4,21.6
5000,XGBoost,SRS2822133,0.000935057891943,0.9200753145939784,0.0452633382278277,0.0793908082151969,0.4863265618403867,0.7769585423393564,0.0204981759680058,0.0533324235726131,0.922681686083435,0.0297889137423037,0.0013722806755829,126.0,117.0,9.0,149.0,132.8,16.2
5000,XGBoost,SRS2822136,0.00262433701765,0.815240777894932,0.0504200540579831,0.0728116857002133,0.6905654020872791,0.9631571105464688,0.0278619496337166,0.7893148350691056,0.6697599652523822,0.0866329199004004,0.0119352718796087,48.0,45.4,2.6,68.0,54.4,13.6
5000,XGBoost,SRS2822149,0.0032184445584082,0.9064539680904709,0.0638036325685044,0.0860491706990765,0.5736086337704395,0.8010034807979409,0.0384584046928911,0.1319625024729271,1.024826050667483,0.1839031889129766,0.0316577043992139,108.0,94.6,13.4,130.0,117.8,12.2
5000,XGBoost,SRS2822153,0.0014044127361298,0.9427621562329672,0.0534829411710088,0.0795713308003505,0.4715743544867067,0.6963982120554512,0.0294707266205491,0.0602505627219866,0.886048838135826,0.0587806633593123,0.0017433215133067,121.0,116.2,5.2,158.0,137.6,20.4
5000,XGBoost,SRS2822168,0.0090219125027609,0.855416884984576,0.1495985223650786,0.1428143313532573,0.7222062822723891,0.948626908276276,0.1099735265395154,0.4221651589433707,1.0542040293907786,0.326616878482148,0.0918277858447288,73.0,70.0,4.2,90.0,89.4,3.8
5000,XGBoost,SRS2822180,0.0089885313397716,0.860565307460034,0.1471384131867164,0.1420196501063471,0.71132975748305,0.9355573486865596,0.10173915546734,0.3780425849196838,1.0728999582580738,0.31496947506674,0.0864819408479449,70.0,70.8,2.4,93.0,94.0,3.8
5000,XGBoost,SRS2822183,0.0015204066843038,0.9380710542497608,0.0546388271393479,0.0778662744809334,0.3723190951755505,0.596003860613163,0.0280631959410047,0.0524455897693843,0.6946884361704486,0.0557923937866395,0.0041682547154276,135.0,122.2,12.8,167.0,148.6,18.4
5000,XGBoost,SRS2822185,0.001450691852318,0.9310767719903014,0.0531603730727186,0.0797871666817327,0.4301595130354269,0.6476939553806905,0.02671215472865,0.0609767557846329,0.8028496703943138,0.0656272285028825,0.0027164252009781,122.0,113.0,9.0,156.0,139.6,16.4
5000,XGBoost,SRS2822218,0.0041131848581792,0.832353197072449,0.0758823077811156,0.0869286777979022,0.6459492214647169,0.8456860194684847,0.0453325154561385,0.4889720687243079,0.8483382969806078,0.0984164076877411,0.0303115516323934,66.0,60.2,5.8,84.0,73.8,10.2
5000,XGBoost,SRS2822220,0.0022766452865612,0.7766870869888345,0.0581054688987107,0.0784499977434761,0.7334962492167241,1.037447771699784,0.0331860904664128,0.8400328784200072,0.7095502361031789,0.098797173127856,0.0082465733184632,65.0,60.2,4.8,69.0,67.0,3.6
5000,XGBoost,SRS2822230,0.0013968555446017,0.8558043692319559,0.051310827204289,0.0843249644343408,0.6141622353305344,0.8999142531617382,0.0253484440905468,0.0958482462939305,1.1396927395533114,0.1140193218120892,0.0108245286839647,110.0,101.6,8.4,129.0,120.8,8.2
5000,XGBoost,SRS2822236,0.0025991749458625,0.8694583506607978,0.0529834984536068,0.0749913268321596,0.6850520504702018,0.9013398379332288,0.0281878619027,0.5517731387682916,0.8719263054733142,0.0874711645441681,0.0116379066250921,65.0,55.4,9.6,84.0,72.8,11.2
5000,XGBoost,SRS2822240,0.0034321086285015,0.8467080326225178,0.0629743836594213,0.0763198771092076,0.6255171117775327,0.8662452339535541,0.037359118784287,0.7719150476059657,0.554309940316673,0.0678009369323933,0.0225531192310296,52.0,51.8,1.8,67.0,61.4,5.6
5000,XGBoost,SRS2822243,0.0023301801528113,0.8472356423908002,0.0520455970547427,0.0708867375706819,0.7148292130309912,0.9794537880452534,0.0308423108043927,0.5143082817724948,0.96483878698701,0.0814649846539927,0.0117225292373131,84.0,76.0,8.0,94.0,84.2,9.8
5000,XGBoost,SRS2822253,0.0010883753984564,0.9253519902297734,0.0431436052823477,0.0749791329763565,0.4794120681022656,0.6986925705608478,0.0210788902239418,0.0509251942219031,0.9109540754627344,0.050816931626523,0.0016692582255788,112.0,107.4,5.0,140.0,128.2,11.8
5000,XGBoost,SRS2822256,0.0053022487639894,0.8917346540953662,0.0963492824605228,0.1056853167420931,0.692650243034723,0.9269690098741774,0.0630708666448252,0.2668792274018488,1.1392835318159542,0.1336119454983167,0.0399076707224368,85.0,82.6,2.4,114.0,105.4,8.6
5000,XGBoost,SRS2822262,0.0022222417073444,0.8747163972356258,0.0497919952833652,0.0787613145274886,0.6811656359044469,0.9046145103866584,0.0325243733707531,0.4883620148922718,0.9206298028991396,0.0979157260186341,0.0094333535336508,65.0,61.6,3.4,89.0,78.0,11.0
5000,XGBoost,SRS2822268,0.0010223200671181,0.869522262478921,0.0361622211384438,0.0720910976689495,0.6448497367280733,0.8427455468059815,0.0244894402635658,0.3648082296099411,0.9597270254328424,0.0177145146832047,0.0019703153120232,88.0,75.8,12.2,100.0,95.8,4.6
5000,XGBoost,SRS2822269,0.0010867400638155,0.8774943664791017,0.036165940602103,0.0717881429700755,0.6821194655720868,0.8895969878275991,0.024499283846867,0.4034251897222899,0.999601432574486,0.0577870160722932,0.0018281787537245,84.0,73.2,10.8,102.0,91.8,10.2
5000,XGBoost,SRS2822275,0.0025853356782435,0.8292890453106718,0.0552510333228415,0.0724922140950074,0.6614412525047195,0.8858745882105756,0.0302429660139543,0.5060167923339762,0.8655669704877486,0.0941100297898799,0.0131497094160256,79.0,69.6,9.4,87.0,76.8,10.2
5000,XGBoost,SRS2822279,0.0025098768696086,0.9181680043945522,0.0658306360548847,0.0888548552382483,0.435598258859672,0.6494558810784135,0.0355844088840025,0.0536290107886982,0.8194145921649847,0.0065289377094089,0.0071306632996811,123.0,113.8,9.2,162.0,139.0,23.0
5000,XGBoost,SRS2822280,0.0016090574368561,0.9283854890634328,0.0524899865526798,0.0802395339884666,0.5383528927912404,0.8238166372187978,0.0264968844852459,0.0558801120318101,1.0238334055042562,0.0185477750709313,0.0048028604726902,124.0,114.4,9.6,149.0,132.8,16.2
5000,XGBoost,SRS2822298,0.0039631654193959,0.8762325445248956,0.069483893136468,0.092227187918124,0.6923890324531454,0.9013099932135424,0.041810387000898,0.4358324723578737,0.9892785619156668,0.1552584944033488,0.0199458537061084,83.0,74.0,9.0,101.0,92.2,8.8
