depth,rf_validation_log_rmse,xgb_validation_log_rmse,xgb_best_iteration,rf_first_fit_minutes,xgb_first_fit_minutes,total_depth_minutes
500,1.4760300121374899,1.4647874338132902,613,0.12218648195266724,0.07107498248418172,0.5276214321454366
1000,1.4274286936010017,1.4078778064411583,531,0.14701370000839234,0.0714731494585673,0.5626407027244568
2000,1.3477244565205306,1.3298447189892266,649,0.1323866844177246,0.07848984797795613,0.5807161649068197
5000,1.2201463608167922,1.1980632968668894,499,0.144767169157664,0.06042178471883138,0.5987466971079508
