split,method,number_of_rows,MAE_RA,RMSE_RA,MAE_log10_RA,RMSE_log10_RA,positive_prediction_rate
test,Raw shallow RA,31144,0.0001445963964806,0.0002501228619379,3.849946946810725,3.886226009705082,0.0
test,Training-mean RA,31144,0.0009251574311027,0.0036032952189795,0.7618737992883634,0.9592840932968612,1.0
test,Random Forest,31144,0.0001238909618581,0.0002204440654687,1.3913313414837687,1.6635663582594165,0.9997110197790908
test,XGBoost,31144,0.0001268444987811,0.0002263451181608,1.3783796050001225,1.6251779163591504,0.9999036732596968
