sample_id,subsample_repeat,otu_id,shallow_depth,shallow_count,shallow_ra,zero_in_shallow,target_reference_ra,target_log10_reference_ra,pred_raw_shallow_ra,pred_random_forest_ra,pred_xgboost_ra,is_other,abundance_group,shallow_detection_group,log1p_shallow_count,log10_shallow_ra,shallow_rank_norm,shallow_richness,otu_mean_ra_train,otu_prevalence_train,otu_std_ra_train,otu_max_ra_train,SHAP__log1p_shallow_count,SHAP__log10_shallow_ra,SHAP__zero_in_shallow,SHAP__shallow_rank_norm,SHAP__shallow_richness,SHAP__otu_mean_ra_train,SHAP__otu_prevalence_train,SHAP__otu_std_ra_train,SHAP__otu_max_ra_train,SHAP__is_other,SHAP_base_value,SHAP_sum,SHAP_reconstructed_log_prediction,model
SRS2821919,5,221529,2000,0,0.0,1.0,1.7313019390581722e-05,-4.7613764084859955,0.0,1.7807590451577353e-06,1.1742456215196942e-06,0.0,Very rare (<1e-4),Shallow zero,0.0,-8.0,1.0,91.0,0.00013032937,0.5407855,0.0005200552,0.00779088,-0.1700105232224535,-0.201436387616559,-0.14711446672436876,-0.5631719956221798,0.17576017551794398,0.07198284023796844,-0.04752483712422033,0.0647801279221301,0.02430128537955532,-9.397178646418198e-06,-4.971818744832586,-0.7924431784308299,-5.764261923263415,Random Forest
SRS2821875,3,71581,2000,0,0.0,1.0,0.0,-8.0,0.0,2.4610197078800837e-07,2.1385177370292093e-07,0.0,Reference zero,Shallow zero,0.0,-8.0,1.0,97.0,9.82684e-05,0.34743202,0.00092708867,0.015995827,-0.18488923003551114,-0.21856652469414387,-0.1638776533756357,-0.6321325099609928,0.18642104260642348,0.016668755026446363,-0.7563185749008333,0.03655993663228192,0.08625492355530168,-9.191717909571306e-06,-4.971818744832586,-1.629889026864573,-6.601707771697159,Random Forest
SRS2821987,4,9456,2000,0,0.0,1.0,7.739578657337892e-06,-5.110721909334661,0.0,3.5526403578940766e-06,1.8188680697371111e-06,0.0,Very rare (<1e-4),Shallow zero,0.0,-8.0,1.0,82.0,0.00011792643,0.6918429,0.0002351788,0.0014995105,-0.16261486510906406,-0.19072469839626874,-0.13734870292767118,-0.5372774248078745,-0.01190855179215286,0.02486591293033813,0.40886254140646994,0.05695724971356973,0.06540931478325233,-1.142949071127926e-05,-4.971818744832586,-0.48379065369011254,-5.455609398522698,Random Forest
SRS2821972,3,26524,2000,0,0.0,1.0,9.336457934588778e-06,-5.029352944305412,0.0,7.889203039445009e-07,9.63715410062733e-07,0.0,Very rare (<1e-4),Shallow zero,0.0,-8.0,1.0,108.0,0.00033352117,0.48640484,0.0013181985,0.017430235,-0.17087851251384828,-0.19990618637547422,-0.14836565417787145,-0.5753760675418138,0.5160492700333792,-0.02279458387793123,-0.360908249799539,-0.22360053014452083,0.050461988551467434,-9.380653340367816e-06,-4.971818744832586,-1.1353279064994923,-6.107146651332078,Random Forest
SRS2822218,4,221529,2000,0,0.0,1.0,0.0,-8.0,0.0,1.7274240368515094e-08,5.40358819965342e-08,0.0,Reference zero,Shallow zero,0.0,-8.0,1.0,60.0,0.00013032937,0.5407855,0.0005200552,0.00779088,-0.19197468174019944,-0.2262575627270266,-0.16945447383404905,-0.6626029472592729,-0.6731175203576351,-0.13417768195317528,-0.4356454159357291,-0.03867169375640235,-0.06566984254108052,-8.839536660114203e-06,-4.971818744832586,-2.5975806596412303,-7.569399404473816,Random Forest
SRS2822269,5,102973,2000,0,0.0,1.0,0.0,-8.0,0.0,6.154027960323638e-08,1.108945987332502e-07,0.0,Reference zero,Shallow zero,0.0,-8.0,1.0,70.0,0.0001642303,0.41691843,0.000834813,0.009057804,-0.19086360281346432,-0.2247321413472101,-0.16858149364050648,-0.6535137000754079,-0.2593328934200945,-0.060577990259607646,-0.6084013505432312,-0.013179261652690526,-0.006749135529652274,-1.0588039711436233e-05,-4.971818744832586,-2.1859421573215765,-7.157760902154163,Random Forest
SRS2821824,4,192431,2000,0,0.0,1.0,8.572800219463686e-06,-5.066370996364076,0.0,1.9203959047480464e-06,1.9217771156626263e-06,0.0,Very rare (<1e-4),Shallow zero,0.0,-8.0,1.0,105.0,0.00016615065,0.6978852,0.00025861867,0.0016578492,-0.15315929139948165,-0.18033624704590642,-0.1307174509788591,-0.5053234652139671,0.26565452392168915,-0.31290656056852256,0.25737199810542427,0.04065725491253698,-0.04419537357940191,-9.014608265082127e-06,-4.971818744832586,-0.7629636264547535,-5.73478237128734,Random Forest
SRS2822298,4,129390,2000,0,0.0,1.0,0.0,-8.0,0.0,2.166134901095063e-06,1.186435604561667e-06,0.0,Reference zero,Shallow zero,0.0,-8.0,1.0,77.0,0.00013956128,0.63746226,0.00022922806,0.0016121782,-0.1638100239046323,-0.19192111604991988,-0.1423120707951369,-0.5396449605038475,0.014180971144669926,0.00310457699183104,0.2463273118599389,0.021069072167825664,0.04827668388015779,-1.1625636843472659e-05,-4.971818744832586,-0.7047411808459567,-5.676559925678543,Random Forest
SRS2821969,2,211915,2000,0,0.0,1.0,0.0002969473809241003,-3.5273058757926803,0.0,6.439292552802859e-07,8.400163846498421e-07,0.0,Rare (1e-4 to 1e-3),Shallow zero,0.0,-8.0,1.0,79.0,0.00017470912,0.63141996,0.00026357675,0.0017431062,-0.16952042108877308,-0.20056782938303266,-0.14717805267188996,-0.5644512612776111,-0.19017106561438313,-0.037968078846264,0.09906556470843382,-0.00986395133020153,0.0023682027528181453,-1.1038700270900544e-05,-4.971818744832586,-1.2182979314511744,-6.19011667628376,Random Forest
SRS2822068,4,185862,2000,0,0.0,1.0,0.000177582616276254,-3.7505750947350087,0.0,1.1987617766893568e-05,5.848354390547695e-06,0.0,Rare (1e-4 to 1e-3),Shallow zero,0.0,-8.0,1.0,91.0,0.0005944871,0.8187311,0.0012293091,0.010404818,-0.1531933756622699,-0.18173345145232014,-0.13028822930212666,-0.48384168172429626,0.055211227491161405,0.08757480456203084,0.8334714581219131,-0.006047192541078545,0.017799609374357764,-1.3233329061522988e-05,-4.971818744832586,0.038939935538310134,-4.932878809294276,Random Forest
SRS2822280,5,175037,2000,0,0.0,1.0,0.0,-8.0,0.0,2.0624544570640213e-06,5.236753338791936e-06,0.0,Reference zero,Shallow zero,0.0,-8.0,1.0,103.0,0.00018305703,0.64350456,0.00051597116,0.005605971,-0.16156135406862066,-0.19029178347403627,-0.1339600398531272,-0.5277770994325801,0.3127513782140219,-0.025286239214707327,0.12222966043516474,-0.038008341243338385,-0.08016957797984159,-8.933311458725083e-06,-4.971818744832586,-0.7220823299285236,-5.69390107476111,Random Forest
SRS2822298,1,146247,2000,0,0.0,1.0,0.0,-8.0,0.0,3.845713547867667e-09,1.5846528393604032e-08,0.0,Reference zero,Shallow zero,0.0,-8.0,1.0,77.0,0.000114673334,0.2326284,0.0012743383,0.017979877,-0.2022361656326538,-0.2382107787207687,-0.18187851210396008,-0.7140193614193056,-0.16336647747199037,-0.09279062108729776,-1.1633675746871348,-0.06174088291964153,-0.07295938495107104,-1.202247082637631e-05,-4.971818744832586,-2.89058178146465,-7.862400526297236,Random Forest
SRS2821970,2,11043,2000,0,0.0,1.0,0.0003563277059237073,-3.448138220286694,0.0,4.454173140105902e-05,2.6018415129710698e-05,0.0,Rare (1e-4 to 1e-3),Shallow zero,0.0,-8.0,1.0,109.0,0.00011438911,0.72507554,0.00027012246,0.003013561,-0.1415672741064795,-0.1675734740070584,-0.10578426873074091,-0.4227659018984992,0.72222917104902,-0.03702760014354114,0.5942496061007144,0.12475856434005275,0.04401450454942721,-9.074636604082783e-06,-4.971818744832586,0.610524252516291,-4.361294492316294,Random Forest
SRS2822111,3,9456,2000,0,0.0,1.0,1.335541428495112e-05,-4.874017574963585,0.0,3.2601501089632604e-07,4.0688952364917905e-07,0.0,Very rare (<1e-4),Shallow zero,0.0,-8.0,1.0,66.0,0.00011792643,0.6918429,0.0002351788,0.0014995105,-0.17471859886398888,-0.20452279737398213,-0.1516856081090979,-0.5983637379718114,-0.5184455315906515,0.021452006276350157,0.15657538168408505,-0.025016260909114282,-0.0173650198912934,-9.581650878834152e-06,-4.971818744832586,-1.512099748400383,-6.483918493232968,Random Forest
SRS2822253,2,145222,2000,0,0.0,1.0,0.0,-8.0,0.0,8.717493752709657e-06,1.480710599791264e-05,0.0,Reference zero,Shallow zero,0.0,-8.0,1.0,108.0,0.0007604187,0.6918429,0.0026780718,0.031470962,-0.15310099364500654,-0.18008550763192588,-0.12755017302833105,-0.48279934305439215,0.6323294635714013,0.027641388574771893,0.3532150751102975,-0.12199377161088447,-0.04544733612542566,-1.3369361624172251e-05,-4.971818744832586,-0.0978045672011193,-5.069623312033705,Random Forest
SRS2822025,5,182860,2000,0,0.0,1.0,0.00016960240350834686,-3.770542391594264,0.0,3.3939570225263975e-05,3.256851331448384e-05,0.0,Rare (1e-4 to 1e-3),Shallow zero,0.0,-8.0,1.0,68.0,0.0008390357,0.9667674,0.0023867982,0.034942154,-0.14542699961038674,-0.1710347842206437,-0.1122928645286188,-0.4221806354223701,-0.2871024415322098,0.13430748485413121,1.5159657142587866,-0.018904535887707935,-0.005486495907323114,-1.6447364021852755e-05,-4.971818744832586,0.4878279946396356,-4.48399075019295,Random Forest
SRS2822275,4,232457,2000,0,0.0,1.0,0.0,-8.0,0.0,0.0,1.5502749114197637e-09,0.0,Reference zero,Shallow zero,0.0,-8.0,1.0,65.0,8.3914376e-05,0.43806645,0.00015031584,0.0009858626,-0.19285423391768408,-0.2275047106348904,-0.1776623236233983,-0.7011519102582207,-0.6963933088908268,-0.06419260727540849,-0.6705398274668815,-0.07574263170149814,-0.222130347438836,-9.353959747076083e-06,-4.971818744832586,-3.0281812551673912,-7.999999999999977,Random Forest
SRS2822183,5,7129,2000,0,0.0,1.0,6.893778365025564e-05,-4.161479689806253,0.0,7.743277785134425e-07,1.8094862765053619e-06,0.0,Very rare (<1e-4),Shallow zero,0.0,-8.0,1.0,105.0,0.00014564939,0.47734138,0.0005902907,0.006327274,-0.17030496664904907,-0.20141831188466686,-0.1476474676954361,-0.5767747146715164,0.39681665604801153,-0.02389568698013169,-0.30026004388939154,-0.059676293019548306,-0.061627982409702145,-8.991692096825768e-06,-4.971818744832586,-1.1447978028435275,-6.116616547676113,Random Forest
SRS2821972,2,232457,2000,0,0.0,1.0,0.00022407499043013065,-3.649587232227444,0.0,5.381681841833908e-06,3.443809164848631e-06,0.0,Rare (1e-4 to 1e-3),Shallow zero,0.0,-8.0,1.0,94.0,8.3914376e-05,0.43806645,0.00015031584,0.0009858626,-0.1622939591938412,-0.18893586461310122,-0.13592571408590295,-0.5417477456976314,0.5433120498222013,0.004233034349095475,-0.164364077419348,0.2349898442462301,0.10194473039899178,-9.393387587870445e-06,-4.971818744832586,-0.30879709558089397,-5.280615840413479,Random Forest
SRS2821843,5,118090,2000,135,0.0675,0.0,0.0665257550581566,-1.1770101222838985,0.0675,0.07102171884446708,0.07020881906806216,0.0,Dominant (>=1e-2),Detected in shallow,4.912655,-1.1706961,0.047169812,105.0,0.050860923,0.95770395,0.060766596,0.24860331,0.6914133036613055,0.814117159616943,0.3276844432442635,1.302331619270148,0.1717321801316134,0.037327737109505287,0.501722382422066,-0.030373967092291395,-0.00795408254963478,-1.1378409886838475e-05,-4.971818744832586,3.8079893974040315,-1.1638293474285542,Random Forest
SRS2822220,5,83909,2000,0,0.0,1.0,0.0,-8.0,0.0,1.659483125528882e-08,4.006826394181934e-08,0.0,Reference zero,Shallow zero,0.0,-8.0,1.0,56.0,0.0002642183,0.62537766,0.000567219,0.0059502665,-0.18855564547642353,-0.22259396024444894,-0.1662346826637894,-0.6482302041596211,-0.834627238880855,-0.15119447690898194,-0.16457468131474998,-0.1911726642935223,-0.0439316347824,-9.449371386121496e-06,-4.971818744832586,-2.6111246380961783,-7.5829433829287645,Random Forest
SRS2822218,4,168997,2000,0,0.0,1.0,0.0,-8.0,0.0,5.713791158028165e-07,5.239286566514464e-07,0.0,Reference zero,Shallow zero,0.0,-8.0,1.0,60.0,0.000349423,0.51963747,0.0011893368,0.011677807,-0.18249944815573307,-0.21578680685103582,-0.1647179712877695,-0.6363440626655901,-0.2255472279319921,0.08128670897620373,-0.1579640013008447,0.15844478093294193,0.07139443507433318,-9.282605696680832e-06,-4.971818744832586,-1.2717428758151834,-6.243561620647769,Random Forest
SRS2822269,4,99344,2000,0,0.0,1.0,0.0,-8.0,0.0,8.396804723878445e-08,1.674336797806632e-07,0.0,Reference zero,Shallow zero,0.0,-8.0,1.0,75.0,9.211406e-05,0.6283988,0.000105408566,0.0006966057,-0.17631294042238962,-0.2100305759989033,-0.15605876444356012,-0.6088007422772491,-0.5724436037837523,-0.042586234800769784,-0.14053703737817352,-0.047165837015432574,-0.10824145061233041,-1.1574831212651836e-05,-4.971818744832586,-2.0621887615637737,-7.034007506396359,Random Forest
SRS2822125,3,28602,2000,2,0.001,0.0,0.001142426284943964,-2.942168011712258,0.001,0.001302435399882913,0.0011965859720478365,0.0,Common (1e-3 to 1e-2),Detected in shallow,1.0986123,-2.9999957,0.53246754,76.0,0.014775581,1.0,0.0135069,0.05472452,0.017164752319423875,0.020891507726296124,0.19132609815853763,0.7456629918931038,-0.032082972952648794,0.16468428187092718,0.9455821817145466,0.015993585009654844,0.012317083064599272,-0.002549885048442695,-4.971818744832586,2.078989623755998,-2.8928291210765877,Random Forest
SRS2822149,5,222950,2000,1,0.0005,0.0,0.00015243404505514848,-3.816889535878469,0.0005,0.0003181516536322034,0.0003276955400242362,0.0,Rare (1e-4 to 1e-3),Detected in shallow,0.6931472,-3.3010213,0.9052632,94.0,0.00013022231,0.40785497,0.00025886897,0.001530232,-0.029460995569028127,-0.021746723455928672,0.2826227848655091,1.088343042728501,0.17521170529810323,-0.04382397337176601,-0.09188509549531299,0.08141354399665672,0.026138714932999574,-1.6286444699984047e-05,-4.971818744832586,1.466796717485034,-3.5050220273475516,Random Forest
SRS2822077,3,192431,2000,0,0.0,1.0,0.0005346564297782245,-3.2719170831892845,0.0,2.6962238656400107e-05,1.2562897600409946e-05,0.0,Rare (1e-4 to 1e-3),Shallow zero,0.0,-8.0,1.0,61.0,0.00016615065,0.6978852,0.00025861867,0.0016578492,-0.15361746535645662,-0.18120715466441495,-0.12297194064859615,-0.4866238431069142,0.06239114471723261,0.28607427015331977,0.8528426271023687,0.10133883214590192,0.03874067238688504,-8.938450887043395e-06,-4.971818744832586,0.3969582042784389,-4.5748605405541465,Random Forest
SRS2821816,1,78621,2000,0,0.0,1.0,4.6938807441365604e-05,-4.328375434882687,0.0,1.3557158610074812e-06,1.256493423878734e-06,0.0,Very rare (<1e-4),Shallow zero,0.0,-8.0,1.0,89.0,0.00013518828,0.5679758,0.00035417997,0.0035969252,-0.16980033539435038,-0.20072821743519662,-0.14616455494190245,-0.5653369875613579,0.1003329939076883,0.04218855387404066,-0.03591199138716645,0.07337097049407262,-0.005298773311162259,-9.360923811128744e-06,-4.971818744832586,-0.9073577026791454,-5.879176447511731,Random Forest
SRS2821894,4,117212,2000,0,0.0,1.0,9.460936842990497e-05,-4.024019955128319,0.0,3.977455575187736e-05,4.346680574036315e-05,0.0,Very rare (<1e-4),Shallow zero,0.0,-8.0,1.0,63.0,0.00020029076,0.9305136,0.0001987851,0.0013378164,-0.13873824639136279,-0.16340942104843706,-0.10423332624162174,-0.41130860488984466,-0.13812359031716953,-0.005894410340877011,1.49042237565105,0.04165803746719662,-0.0038599207956579017,-9.329261013333773e-06,-4.971818744832586,0.5665035638322626,-4.405315181000323,Random Forest
SRS2822053,3,39261,2000,1,0.0005,0.0,0.0009368412834725584,-3.028329343896899,0.0005,0.0006976429277259601,0.0004899997325081615,0.0,Rare (1e-4 to 1e-3),Detected in shallow,0.6931472,-3.3010213,0.86567163,66.0,0.00059366494,0.81570995,0.00085873617,0.004203242,-0.030597009663387895,-0.01973928400567637,0.2758834042441037,1.0604504922148907,-0.11213768784854151,0.19940542870178737,0.3153018879897436,0.06678170305172985,0.048308553761940466,-5.663115566758464e-05,-4.971818744832586,1.8036008572909223,-3.1682178875416636,Random Forest
SRS2822122,1,210905,2000,0,0.0,1.0,1.2681986506366353e-05,-4.896470398296629,0.0,1.5881984055775023e-06,1.4695796136733731e-06,0.0,Very rare (<1e-4),Shallow zero,0.0,-8.0,1.0,91.0,0.00011278986,0.6163142,0.00036509807,0.0045757582,-0.16587097367317044,-0.19652634697394575,-0.13762775963287557,-0.540090880946418,0.10064829713297295,-0.06478818360405719,0.14521786622308006,0.018547317731849165,0.009184639287111345,-9.382809363373142e-06,-4.971818744832586,-0.8313154072648167,-5.803134152097402,Random Forest
SRS2822218,3,260520,2000,8,0.004,0.0,0.0037698390568710344,-2.4236760384096834,0.004,0.004209064063906758,0.004566409585232436,0.0,Common (1e-3 to 1e-2),Detected in shallow,2.1972246,-2.397939,0.36666667,59.0,0.00070851785,0.52567977,0.001622775,0.0094716055,0.30400956994405265,0.3978246918350062,0.35589925719854504,1.3679124548002568,-0.04053489253589234,0.10208370868956222,-0.02273467625985278,0.05774349272776868,0.06521202565200769,1.4673687983650528e-05,-4.971818744832586,2.587430305739438,-2.3843884390931476,Random Forest
SRS2822279,2,139050,2000,0,0.0,1.0,0.0,-8.0,0.0,2.871311131656462e-08,4.872390171966643e-08,0.0,Reference zero,Shallow zero,0.0,-8.0,1.0,105.0,0.000108924454,0.1691843,0.0010676667,0.013813187,-0.19415061249800591,-0.2322444577534356,-0.1751245297588442,-0.6789049865831057,0.21036134281926624,-0.06981568037158477,-1.248288998359322,-0.04780854583884113,-0.01395015083043096,-9.218308390601047e-06,-4.971818744832586,-2.4499358374826947,-7.42175458231528,Random Forest
SRS2822269,4,79943,2000,2,0.001,0.0,0.0005763391282655634,-3.2393143593787985,0.001,0.000665038473840724,0.0007774887425759144,0.0,Rare (1e-4 to 1e-3),Detected in shallow,1.0986123,-2.9999957,0.59210527,75.0,0.001270166,0.20845921,0.0076001454,0.09180757,0.1650922000945389,0.1970096279629583,0.38687780147648543,1.504311812939531,-0.057077523178543504,0.0611159267311003,-0.4327594177479709,-0.016105951433644503,-0.021514957846405926,-0.00010479123911079397,-4.971818744832586,1.7868447277589383,-3.1849740170736474,Random Forest
SRS2822026,4,260520,2000,5,0.0025,0.0,0.0012163236378611858,-2.9149472826226908,0.0025,0.002701791103732051,0.0024094502749959236,0.0,Common (1e-3 to 1e-2),Detected in shallow,1.7917595,-2.6020582,0.46031746,62.0,0.00070851785,0.52567977,0.001622775,0.0094716055,0.2773246267782083,0.3002512025522995,0.33270675063537225,1.2888940051991422,-0.004322977373843718,0.11196573044000804,-0.03842372470421838,0.06300041732456779,0.06490375654609921,-1.7767308651016574e-05,-4.971818744832586,2.396282020088984,-2.5755367247436016,Random Forest
SRS2822180,3,207119,2000,0,0.0,1.0,0.00029017573768113313,-3.5373239364833826,0.0,2.8990693661594356e-05,1.529913556965624e-05,0.0,Rare (1e-4 to 1e-3),Shallow zero,0.0,-8.0,1.0,67.0,0.0020778195,0.8912387,0.0024632458,0.01316057,-0.15073634041936224,-0.17651322838166278,-0.12251564003386631,-0.4643958860413316,-0.20532397814569797,0.12739465753368212,1.3178122255616322,0.05738445650086181,0.03942454164487663,-1.6690910461724304e-05,-4.971818744832586,0.42251411730867017,-4.549304627523916,Random Forest
SRS2821816,4,101509,2000,0,0.0,1.0,0.0,-8.0,0.0,2.414835299582122e-09,2.105053139145679e-08,0.0,Reference zero,Shallow zero,0.0,-8.0,1.0,84.0,0.00035061495,0.29305136,0.0015501347,0.015001633,-0.20028158558217976,-0.23947857412212034,-0.19147441778435925,-0.7411891557829289,-0.24126064110324746,-0.13087300949781458,-1.0843383405700087,-0.08341253548017895,-0.02426068408762584,-1.0585222741411855e-05,-4.971818744832586,-2.9365795292332053,-7.9083982740657905,Random Forest
SRS2821835,5,66728,2000,0,0.0,1.0,0.0,-8.0,0.0,1.0445161946795961e-07,1.1607036225016412e-07,0.0,Reference zero,Shallow zero,0.0,-8.0,1.0,52.0,0.00038362664,0.6978852,0.00076735264,0.0055927797,-0.1821490943704551,-0.21411840066366514,-0.15718327225319137,-0.612314384815377,-0.8738791390390472,-0.10123103184775482,0.19921139841321042,0.009472555996863148,-0.04970821068699017,-1.157416462135382e-05,-4.971818744832586,-1.9819111534310287,-6.953729898263615,Random Forest
SRS2822133,3,95092,2000,0,0.0,1.0,7.392485538450167e-05,-4.131150772262433,0.0,2.8472748515025855e-06,1.0855750597219311e-06,0.0,Very rare (<1e-4),Shallow zero,0.0,-8.0,1.0,106.0,0.0002155104,0.50453174,0.0010910212,0.017478416,-0.1667379149163942,-0.1989904539580249,-0.14233075903322084,-0.5439337290044806,0.5184066231247549,0.043287782287937754,-0.22196386125235007,-0.033651603528017014,0.15834685568437729,-9.20531193913334e-06,-4.971818744832586,-0.5875762659073567,-5.559395010739943,Random Forest
SRS2821931,2,6864,2000,0,0.0,1.0,0.0,-8.0,0.0,1.3921780319966382e-07,7.815255581251884e-08,0.0,Reference zero,Shallow zero,0.0,-8.0,1.0,97.0,0.00012869238,0.29305136,0.0003793533,0.0027095443,-0.18448951825267784,-0.22089303232279892,-0.1679017586006219,-0.6691546272375727,0.21919062640314424,-0.0009579361675976577,-0.8895523513604615,0.030605334040604802,0.01974487568201643,-9.174180290748343e-06,-4.971818744832586,-1.8634175619962559,-6.8352363068288415,Random Forest
SRS2821854,1,34262,2000,6,0.003,0.0,0.003208646457823186,-2.493676779152095,0.003,0.0017613213979841595,0.0017987563094245369,0.0,Common (1e-3 to 1e-2),Detected in shallow,1.9459101,-2.5228772,0.45652175,91.0,0.000748398,0.93957704,0.0009992564,0.014535054,0.22616700319870997,0.2395639932669493,0.26421993349259437,1.0396945883636455,-0.022990094103476362,0.012481326329220329,0.4902673645690731,-0.04232117182541961,-0.005668237276037942,-3.803442555284918e-05,-4.971818744832586,2.2013766715897054,-2.7704420732428803,Random Forest
SRS2822000,2,132485,2000,0,0.0,1.0,0.0,-8.0,0.0,9.270270254948888e-08,7.27503211896471e-08,0.0,Reference zero,Shallow zero,0.0,-8.0,1.0,103.0,9.7242526e-05,0.2900302,0.0008348413,0.012584948,-0.18747088787703253,-0.22462605506469394,-0.16654981975531621,-0.660746393091317,0.17711884013334764,-0.03829648486058848,-0.9126881296223504,-0.0016988897524846203,-0.013538384774763525,-8.994222355410528e-06,-4.971818744832586,-2.0285051988875544,-7.00032394372014,Random Forest
SRS2821901,5,189417,2000,0,0.0,1.0,1.0248631807653678e-05,-4.988910557158755,0.0,8.871722148884076e-08,2.598153127186768e-07,0.0,Very rare (<1e-4),Shallow zero,0.0,-8.0,1.0,85.0,0.0001201573,0.4954683,0.00021578823,0.0018350831,-0.1821745793514634,-0.2144007673786618,-0.16874552780251864,-0.6497603762125632,-0.3414308432705552,-0.0672952587827521,-0.37290076694056756,0.0065123166276862795,-0.05701630226163573,-9.924038860308597e-06,-4.971818744832586,-2.0472220294118917,-7.019040774244477,Random Forest
SRS2821946,5,99800,2000,0,0.0,1.0,0.0,-8.0,0.0,6.071184646898815e-08,6.147083558654621e-08,0.0,Reference zero,Shallow zero,0.0,-8.0,1.0,46.0,0.00017894566,0.42598188,0.0008085372,0.008019752,-0.19615894929852384,-0.22860131328158959,-0.17119086175042747,-0.6702725704371371,-0.5726004320075414,0.019515064814154565,-0.34607873261808775,-0.026035738299674798,0.010512555647894503,-1.0490167753504838e-05,-4.971818744832586,-2.1809214673986865,-7.152740212231272,Random Forest
SRS2822243,2,97979,2000,0,0.0,1.0,0.0,-8.0,0.0,1.1052791634991726e-07,7.769595723774211e-08,0.0,Reference zero,Shallow zero,0.0,-8.0,1.0,81.0,0.0001398357,0.4410876,0.00060515414,0.0063766507,-0.18680685785748977,-0.2226845064666809,-0.16836226741038218,-0.6537208135092909,-0.2674195354430846,-0.029724764169484885,-0.49848248427046854,0.0297616910256412,0.03944137957804563,-1.1977275937488358e-05,-4.971818744832586,-1.9580101357991324,-6.929828880631718,Random Forest
SRS2821901,5,4843,2000,0,0.0,1.0,4.099452723061471e-05,-4.387168191018538,0.0,2.107959020228858e-06,3.426310764044078e-06,0.0,Very rare (<1e-4),Shallow zero,0.0,-8.0,1.0,85.0,0.0002651976,0.7945619,0.00094802177,0.00783778,-0.1613506871010271,-0.19239321964960748,-0.1387015432884094,-0.5298032957069782,-0.24764129207353594,-0.026218286882143216,0.6758437036917029,-0.04634311608348612,-0.050548379124997884,-9.961884198313245e-06,-4.971818744832586,-0.7171660781026806,-5.688984822935266,Random Forest
SRS2821968,5,77276,2000,0,0.0,1.0,0.0,-8.0,0.0,0.0,1.480577810200327e-09,0.0,Reference zero,Shallow zero,0.0,-8.0,1.0,57.0,0.0002371714,0.1450151,0.0017030517,0.0159834,-0.2063239006311243,-0.24596139864035815,-0.18935458248683784,-0.739207012740488,-0.3388121189887787,-0.04867511961897163,-1.178796825464989,-0.05193014479181698,-0.029110884280337836,-9.267523620362543e-06,-4.971818744832586,-3.0281812551673233,-7.999999999999909,Random Forest
SRS2821824,2,233976,2000,7,0.0035,0.0,0.0034719840888827926,-2.4594210228871844,0.0035,0.0029666608020697737,0.0029834020670358678,0.0,Common (1e-3 to 1e-2),Detected in shallow,2.0794415,-2.4559307,0.36893204,102.0,0.0008927084,0.6465257,0.0014619017,0.00867638,0.2535085368279107,0.3337300945522968,0.32632697392023796,1.275215879135787,0.18331158253780258,0.022018348110042538,0.05002290778634285,-0.018890191614629927,0.004111456284989358,-2.258287119557617e-05,-4.971818744832586,2.429333004669584,-2.5424857401630017,Random Forest
SRS2821901,2,192138,2000,0,0.0,1.0,0.0,-8.0,0.0,3.990569888402341e-08,3.9058126860749414e-08,0.0,Reference zero,Shallow zero,0.0,-8.0,1.0,82.0,9.820939e-05,0.21450152,0.0008801074,0.014593427,-0.19802300724669775,-0.23492032930110893,-0.1805983368623491,-0.7041533669863683,-0.030673286582978635,-0.028343990380228116,-0.9579091535107305,0.009603056158078004,-0.015756681709038562,-1.1434743923855883e-05,-4.971818744832586,-2.3407865311653455,-7.312605275997932,Random Forest
SRS2821946,5,149687,2000,0,0.0,1.0,0.0,-8.0,0.0,1.974567118243016e-07,3.468393288531206e-08,0.0,Reference zero,Shallow zero,0.0,-8.0,1.0,46.0,0.00020057724,0.29909366,0.0010210794,0.011921377,-0.19074633301663643,-0.22960418170276875,-0.1676449981703988,-0.6585295297854,-0.16975533922290117,0.039767334199415076,-0.522195629916228,0.10556993587104593,0.0794201051128271,-1.05813811038622e-05,-4.971818744832586,-1.7137292180121486,-6.685547962844734,Random Forest
SRS2821908,3,250171,2000,0,0.0,1.0,4.2527080637420184e-05,-4.371232319477142,0.0,3.670249484760457e-05,1.523236847560806e-05,0.0,Very rare (<1e-4),Shallow zero,0.0,-8.0,1.0,86.0,0.0027770875,0.92749244,0.008362512,0.09246352,-0.14579831826572207,-0.1715747599957696,-0.1156392484690697,-0.4506455151258731,-0.06519609477157648,0.09666411888538243,1.3839160960785828,0.005635986663670187,-0.004296110080178334,-2.323680937835923e-05,-4.971818744832586,0.5330429181100677,-4.438775826722518,Random Forest
SRS2822262,4,187492,2000,1,0.0005,0.0,0.000633282143026772,-3.1983959000372386,0.0005,0.00012551110158855674,0.00012994224649289827,0.0,Rare (1e-4 to 1e-3),Detected in shallow,0.6931472,-3.3010213,0.953125,63.0,0.00012210515,0.60120845,0.00041626513,0.0043488,-0.10119491410433314,-0.10212389882318715,0.2561409055568691,1.0087034841261955,-0.061487611953423685,-0.10101630075536756,0.15660723411386085,0.014493675681823283,-0.00946753314904618,-1.408372834211579e-05,-4.971818744832586,1.0606409569650488,-3.911177787867537,Random Forest
SRS2822149,1,112852,2000,2,0.001,0.0,0.0004681902812408132,-3.329568329765203,0.001,0.0005837683713721321,0.0005670216277131461,0.0,Rare (1e-4 to 1e-3),Detected in shallow,1.0986123,-2.9999957,0.62,99.0,0.00033432082,0.6646526,0.00087694323,0.012987667,0.0461251677337524,0.05599729408383386,0.27056241965542555,1.0400923108032385,0.15610158932426013,-0.002145011442956916,0.16174570767727744,0.012349895092323272,-0.0036735917752440395,-2.1634801926936466e-05,-4.971818744832586,1.7371341463499834,-3.2346845984826023,Random Forest
SRS2822218,4,121481,2000,0,0.0,1.0,2.230673998148541e-05,-4.651369246627695,0.0,9.205960912970689e-08,8.856203790940105e-08,0.0,Very rare (<1e-4),Shallow zero,0.0,-8.0,1.0,60.0,0.0008315501,0.3323263,0.0020638965,0.011999596,-0.1952421392770951,-0.23102615681200467,-0.18524887839785067,-0.716461534571224,-0.032291719305604094,0.11444042787016992,-0.774351995262774,-0.0029926344974787384,-0.0034960909517855786,-1.2772056898702515e-05,-4.971818744832586,-2.0266834932625453,-6.998502238095131,Random Forest
SRS2822023,5,27862,2000,1,0.0005,0.0,0.00021760733481789894,-3.6623065128529775,0.0005,9.711500985982805e-05,0.0001253618458921822,0.0,Rare (1e-4 to 1e-3),Detected in shallow,0.6931472,-3.3010213,0.89041096,72.0,0.00014364219,0.6586103,0.0002519463,0.0024388528,-0.07216299409025258,-0.06643698089777486,0.2915275603913364,1.1280094854291698,-0.22961166943883793,-0.10072238246006186,0.011353416177181259,-0.007038919689010812,-0.0036752332619982026,-1.9168228040459373e-05,-4.971818744832586,0.9512231139317107,-4.020595630900875,Random Forest
SRS2821871,4,207119,2000,0,0.0,1.0,0.0008625375144740885,-3.0642169719584134,0.0,4.144135855344432e-05,9.84415632000232e-05,0.0,Rare (1e-4 to 1e-3),Shallow zero,0.0,-8.0,1.0,96.0,0.0020778195,0.8912387,0.0024632458,0.01316057,-0.1395412548062998,-0.16498431485001588,-0.11270525236819709,-0.45218736331454024,0.2729968517423572,0.051135736772197175,1.1405107596438746,-0.01795912274942248,-0.002017440602086171,-1.5210114109159742e-05,-4.971818744832586,0.575233389353758,-4.396585355478828,Random Forest
SRS2821890,2,242803,2000,0,0.0,1.0,5.515111405250386e-05,-4.258366971249466,0.0,5.141315361536198e-06,7.513323969431773e-06,0.0,Very rare (<1e-4),Shallow zero,0.0,-8.0,1.0,105.0,0.00056018727,0.673716,0.0013985957,0.011823229,-0.15573963636560692,-0.1841450143167479,-0.13419515513974684,-0.5107663078462154,0.5031948269177184,0.04177399628802054,0.3795382900269685,-0.1354154263903519,-0.13006024704956004,-1.2839416844754859e-05,-4.971818744832586,-0.32582751329236614,-5.297646258124952,Random Forest
SRS2821968,5,9456,2000,3,0.0015,0.0,0.0005667809674951115,-3.24657707938133,0.0015,0.0007129996679577284,0.0005271027382128821,0.0,Rare (1e-4 to 1e-3),Detected in shallow,1.3862944,-2.823906,0.82758623,57.0,0.00011792643,0.6918429,0.0002351788,0.0014995105,0.22455974202252704,0.24621094293292745,0.34667719490763804,1.3767006485208853,-0.2833130343993128,-0.07263297554799457,0.05696466863123118,-0.04869695055026639,-0.03826168243258419,-1.989201403800544e-05,-4.971818744832586,1.808188662071013,-3.1636300827615726,Random Forest
SRS2821875,2,88503,2000,0,0.0,1.0,0.0,-8.0,0.0,1.6837594196487632e-06,3.1921642943235932e-06,0.0,Reference zero,Shallow zero,0.0,-8.0,1.0,102.0,0.00044400847,0.776435,0.0010493724,0.009021864,-0.15700532292944094,-0.18471103638487024,-0.13379588103239676,-0.5067156456623443,0.06186764673919732,0.030895557178899188,0.49052998054414343,-0.22882430911696064,-0.17917672469981413,-1.1381963412519168e-05,-4.971818744832586,-0.8069471173269996,-5.778765862159585,Random Forest
SRS2822236,4,230879,2000,0,0.0,1.0,1.267073819720737e-05,-4.896855463674951,0.0,1.1918409918050048e-06,1.8863617496367705e-06,0.0,Very rare (<1e-4),Shallow zero,0.0,-8.0,1.0,61.0,0.0015856185,0.8126888,0.0057585547,0.060026452,-0.16402720276202762,-0.19376998191237219,-0.13545681856825342,-0.5160614369925037,-0.41028635261161206,0.005949655782181226,0.5892316311688564,-0.10137650102843786,-0.02840996937360058,-1.615515259309052e-05,-4.971818744832586,-0.9542231314503631,-5.926041876282949,Random Forest
SRS2822279,1,242803,2000,0,0.0,1.0,9.323487730290148e-06,-5.0299560391068985,0.0,1.1543551362902747e-05,1.1294752384472003e-05,0.0,Very rare (<1e-4),Shallow zero,0.0,-8.0,1.0,107.0,0.00056018727,0.673716,0.0013985957,0.011823229,-0.15252841837904763,-0.18191673320558435,-0.12696941654263721,-0.48681065575360954,0.6589162046845431,0.12185167544265708,0.42653787034137036,-0.12032588067420891,-0.11723355237928167,-1.2809836281576461e-05,-4.971818744832586,0.021508283697919833,-4.9503104611346656,Random Forest
SRS2821854,2,181023,2000,0,0.0,1.0,0.0,-8.0,0.0,4.6266626025900074e-07,3.532395816273989e-07,0.0,Reference zero,Shallow zero,0.0,-8.0,1.0,89.0,0.0005816964,0.6404834,0.0010030159,0.0040213442,-0.17065906453743687,-0.20151850195746546,-0.1513882026398136,-0.5853619877052325,-0.15776858728190996,-0.05646884921278214,0.024635225922767633,-0.0693119778640059,-0.0037742091387814483,-1.330454383021263e-05,-4.971818744832586,-1.3716294589584903,-6.343448203791076,Random Forest
SRS2821970,4,258891,2000,0,0.0,1.0,0.0,-8.0,0.0,8.91385081923587e-08,1.1885669850205262e-07,0.0,Reference zero,Shallow zero,0.0,-8.0,1.0,113.0,0.00010790843,0.38670695,0.0002697227,0.0033856751,-0.17920713100835278,-0.20939524819272248,-0.1635910753320053,-0.6313468503058596,0.29060844412488157,-0.07715459976169772,-1.0126500154655704,-0.007685082873042751,-0.05105758123931754,-9.206709778147345e-06,-4.971818744832586,-2.0414883467634652,-7.013307091596051,Random Forest
SRS2822280,5,409,2000,0,0.0,1.0,0.0,-8.0,0.0,1.0282145152907241e-06,1.0224719340364063e-06,0.0,Reference zero,Shallow zero,0.0,-8.0,1.0,103.0,0.0003689609,0.50151056,0.0015162228,0.014549168,-0.17062761822090566,-0.20097827817957314,-0.1497080471837668,-0.5814484218951356,0.35025095892205105,0.014895790930085586,-0.24926310910774924,-0.10559559039712976,0.07025437507568197,-9.522239328366229e-06,-4.971818744832586,-1.0222294622957702,-5.994048207128356,Random Forest
SRS2821871,2,164928,2000,2,0.001,0.0,0.0010279556679348724,-2.988021389694265,0.001,0.0006296738176460038,0.0005538492268457404,0.0,Common (1e-3 to 1e-2),Detected in shallow,1.0986123,-2.9999957,0.6372549,101.0,0.00087888475,0.8791541,0.0013569267,0.01291505,0.05603726551430285,0.05855121414124802,0.253441058253339,0.9737547688798776,0.06840227805432098,0.044729942345856206,0.3517758057624549,-0.025522061383577405,-0.020073990193045576,-3.057859649233456e-05,-4.971818744832586,1.7610657027782843,-3.2107530420543013,Random Forest
SRS2822236,5,57440,2000,0,0.0,1.0,0.00016471959656369582,-3.7832283651924947,0.0,8.051174139138215e-05,6.660933520448805e-05,0.0,Rare (1e-4 to 1e-3),Shallow zero,0.0,-8.0,1.0,67.0,0.0019832102,0.9848943,0.010929906,0.19425108,-0.1423217963100905,-0.1663761715417807,-0.11078043806451343,-0.41518986135720104,-0.40193797650208324,0.13138379921053298,1.874763837548544,0.019595310936773167,0.07928853072232526,-0.00016419663916221813,-4.971818744832586,0.8682610380033443,-4.103557706829242,Random Forest
SRS2822129,3,117212,2000,1,0.0005,0.0,0.00045014189255308736,-3.3466409196311293,0.0005,0.00031717003819082277,0.00029312842840642706,0.0,Rare (1e-4 to 1e-3),Detected in shallow,0.6931472,-3.3010213,0.8839286,111.0,0.00020029076,0.9305136,0.0001987851,0.0013378164,-0.09020751530563534,-0.09594891398667203,0.17641588652805587,0.6866999889874346,0.2811642616401715,-0.04779826757881045,0.5106942125407193,0.03928567483729267,-0.0004895196312203007,-1.5242503658310088e-05,-4.971818744832586,1.4598005655276776,-3.512018179304908,Random Forest
SRS2822279,5,189417,2000,2,0.001,0.0,0.00022376370552696352,-3.6501909464736357,0.001,0.00037886628850821493,0.00048150279750103323,0.0,Rare (1e-4 to 1e-3),Detected in shallow,1.0986123,-2.9999957,0.6880734,108.0,0.0001201573,0.4954683,0.00021578823,0.0018350831,0.045691390622142454,0.055378501373435085,0.26035183444301274,1.0110108961556574,0.2733793199993035,-0.09042791908061613,-0.06315443473461034,0.05235397443805354,-0.003350959122025996,-2.5461482488166972e-05,-4.971818744832586,1.541207142611864,-3.4306116022207216,Random Forest
SRS2821881,2,124698,2000,0,0.0,1.0,0.00015253720212874138,-3.8165957533522312,0.0,6.996562385815864e-05,5.7509156577120547e-05,0.0,Rare (1e-4 to 1e-3),Shallow zero,0.0,-8.0,1.0,56.0,0.001882135,0.9667674,0.0028303303,0.021146027,-0.14073237583459117,-0.16494455935880187,-0.10674020127637258,-0.41145330855161205,-0.26179684993064445,0.12351369780657154,1.719318854871076,0.00915229175804707,0.0478168142593564,-1.6075302147724017e-05,-4.971818744832586,0.8141182884408813,-4.157700456391704,Random Forest
SRS2822122,4,29321,2000,0,0.0,1.0,0.0,-8.0,0.0,7.556667366597563e-08,1.8671348907554034e-07,0.0,Reference zero,Shallow zero,0.0,-8.0,1.0,90.0,0.00011174009,0.61329305,0.00031581044,0.0026350203,-0.1777136961489693,-0.20993465111877826,-0.1505069080533923,-0.5975419795336154,-0.2809614543080479,-0.3278301918259122,-0.2575302109555747,-0.030058946538693083,-0.06897628571374916,-9.431168453696477e-06,-4.971818744832586,-2.1010637553651863,-7.072882500197772,Random Forest
SRS2822279,3,192431,2000,0,0.0,1.0,0.0,-8.0,0.0,2.6333003957737605e-06,2.525953280341826e-06,0.0,Reference zero,Shallow zero,0.0,-8.0,1.0,108.0,0.00016615065,0.6978852,0.00025861867,0.0016578492,-0.15277016900467297,-0.17257126421660152,-0.12396619406837683,-0.4870324366179622,0.4354925065303143,-0.29861703294779623,0.2172541176216272,0.027390109257131742,-0.06276788143520565,-9.047960094919531e-06,-4.971818744832586,-0.6175972928416372,-5.589416037674223,Random Forest
SRS2822218,4,149360,2000,5,0.0025,0.0,0.002732575647731963,-2.563426217025305,0.0025,0.0026744592443121245,0.002635453040553868,0.0,Common (1e-3 to 1e-2),Detected in shallow,1.7917595,-2.6020582,0.40983605,60.0,0.0036443758,0.9818731,0.0039649075,0.022232069,0.18488073069314925,0.20266235780839734,0.23571634516728662,0.9139967156241559,-0.019402951526766375,0.10061581620442048,0.7388405965619361,0.021744991110427537,0.011887337035480998,-4.831073395518932e-05,-4.971818744832586,2.390893627944533,-2.5809251168880527,Random Forest
SRS2821894,2,80933,2000,0,0.0,1.0,2.102430409553444e-05,-4.677071851722514,0.0,8.455192907504729e-07,1.0702563439251024e-06,0.0,Very rare (<1e-4),Shallow zero,0.0,-8.0,1.0,67.0,8.703334e-05,0.5347432,0.00016003146,0.0009555507,-0.17469565151911784,-0.2046729674600725,-0.1532091688036127,-0.5997896210958004,-0.3091067635373296,0.03733055410124927,-0.034152225851147015,0.03893072374328804,0.29813153308250967,-9.733385223838237e-06,-4.971818744832586,-1.1012433207252568,-6.073062065557842,Random Forest
SRS2822168,4,250171,2000,0,0.0,1.0,2.4052627148200257e-05,-4.618656958306246,0.0,4.195385610659265e-06,1.8952516844735695e-05,0.0,Very rare (<1e-4),Shallow zero,0.0,-8.0,1.0,70.0,0.0027770875,0.92749244,0.008362512,0.09246352,-0.15360209002848352,-0.18210762333563574,-0.12571626577163772,-0.48017455951728794,-0.3526149962610565,-0.06803171563947565,1.1011562744889234,-0.09939489048503007,-0.04956686881204194,-2.8536808170681526e-05,-4.971818744832586,-0.4100812721698964,-5.381900017002482,Random Forest
SRS2822111,1,177245,2000,0,0.0,1.0,0.0,-8.0,0.0,1.0814761234756997e-07,1.503767618898717e-07,0.0,Reference zero,Shallow zero,0.0,-8.0,1.0,68.0,0.00019939797,0.6646526,0.0002640013,0.0018696646,-0.17686957435485523,-0.20986471069873328,-0.15868695361005028,-0.6212380872150178,-0.6857481384000558,-0.07141233793068352,0.0534498838965819,-0.030892017381940726,-0.0645544490807994,-1.0017956157216609e-05,-4.971818744832586,-1.9658264027317116,-6.9376451475642975,Random Forest
SRS2821894,2,257397,2000,0,0.0,1.0,0.0,-8.0,0.0,5.0407020142920686e-08,1.1749306083655981e-08,0.0,Reference zero,Shallow zero,0.0,-8.0,1.0,67.0,0.00015708068,0.19033232,0.0016443494,0.023730317,-0.20159029449979102,-0.238822080983696,-0.17980256735025651,-0.6994227174683536,-0.1755517953442234,0.05084202892950078,-0.8661360098951782,0.02735996181998677,0.03157656801472587,-1.0748767002547561e-05,-4.971818744832586,-2.251557655544288,-7.223376400376874,Random Forest
SRS2822253,2,99800,2000,1,0.0005,0.0,8.343763037129746e-05,-4.078585991294875,0.0005,0.00018942611984185795,0.00020159570706544956,0.0,Very rare (<1e-4),Detected in shallow,0.6931472,-3.3010213,0.88990825,108.0,0.00017894566,0.42598188,0.0008085372,0.008019752,-0.05879746842541868,-0.05374701429831487,0.2845933411972173,1.131434110235582,0.2585756179512441,-0.06934836014441295,-0.18041116944186594,-0.04074178581646186,-0.03278545927161154,-1.4780603133546413e-05,-4.971818744832586,1.238757031382824,-3.7330617134497617,Random Forest
SRS2821972,1,224005,2000,0,0.0,1.0,0.00018672915869177555,-3.7287646021337615,0.0,2.1034424664222593e-07,6.230679968943105e-07,0.0,Rare (1e-4 to 1e-3),Shallow zero,0.0,-8.0,1.0,104.0,0.0001551267,0.40785497,0.0004021337,0.003324249,-0.1766117746597331,-0.20742123951403027,-0.1570140621764196,-0.6205277399377425,0.29825655813047625,-0.0871656045658605,-0.5588663150938953,-0.07520331933362372,-0.11070314324667532,-8.992589195495498e-06,-4.971818744832586,-1.6952656329866995,-6.667084377819285,Random Forest
SRS2822063,2,87310,2000,8,0.004,0.0,0.0029435395515302015,-2.53112864890396,0.004,0.002460999779393801,0.0040665220653275215,0.0,Common (1e-3 to 1e-2),Detected in shallow,2.1972246,-2.397939,0.3292683,81.0,0.0025290293,0.9909366,0.003434524,0.030143272,0.1850572546572718,0.2624585665456796,0.24947131776042145,0.9763648332853896,-0.0808246354561616,0.028074652074603006,0.7281447724658049,0.009066663146633442,-0.004733710543407934,-0.00015699668220614082,-4.971818744832586,2.352922717254028,-2.6188960275785576,Random Forest
SRS2822089,4,170659,2000,1,0.0005,0.0,0.0013382843571522814,-2.8734483532146853,0.0005,0.0006626782356951084,0.0006431243612766311,0.0,Common (1e-3 to 1e-2),Detected in shallow,0.6931472,-3.3010213,0.78504676,106.0,0.0006393987,0.7945619,0.0008578754,0.004933903,-0.05644787196495159,-0.05480241898197764,0.2120027703815765,0.8295615676872568,0.289244286489571,0.18824543832651044,0.2876986356174967,0.056492082324915475,0.03028036114251111,-1.970620695276579e-05,-4.971818744832586,1.782255144815956,-3.18956360001663,Random Forest
SRS2821908,5,33751,2000,2,0.001,0.0,0.00034629194233327866,-3.460545072579158,0.001,0.0009300506011200783,0.0006610960520971739,0.0,Rare (1e-4 to 1e-3),Detected in shallow,1.0986123,-2.9999957,0.67105263,75.0,0.0072486117,0.93353474,0.016732449,0.1843302,0.08087156495556377,0.09373692217773608,0.2676559892084447,1.0492998744296682,-0.08339678295445555,0.0703426253237887,0.4809283982455709,-0.016323221009643004,-0.010267624875628718,-0.00023159514578896661,-4.971818744832586,1.932616150355256,-3.03920259447733,Random Forest
SRS2821928,4,14807,2000,33,0.0165,0.0,0.018808023473952572,-1.7256566109386278,0.0165,0.017053564032141953,0.01734266839107097,0.0,Dominant (>=1e-2),Detected in shallow,3.5263605,-1.7825158,0.14563107,102.0,0.028244438,1.0,0.015117702,0.08728682,0.41994103315245523,0.5026587455298088,0.24386698082217387,0.9828806859045055,0.11515026014636502,0.08053742550449935,0.8324237829549692,-0.007340007899059395,0.018295073540007995,0.00026023741449889844,-4.971818744832586,3.188674217070225,-1.7831445277623605,Random Forest
SRS2822279,1,254595,2000,1,0.0005,0.0,0.00011188185276348176,-3.951201534818187,0.0005,8.536342073781765e-05,0.00012890297603552217,0.0,Rare (1e-4 to 1e-3),Detected in shallow,0.6931472,-3.3010213,0.8703704,107.0,0.00016204137,0.6767372,0.00091449963,0.011823002,-0.12935532615613687,-0.1346793704180349,0.2379125756840677,0.9034124555306167,0.23079959087388452,-0.17461641815526951,0.09865130775950533,-0.07706767854339192,-0.0649371093513622,-1.446488209660643e-05,-4.971818744832586,0.8901055623417822,-4.0817131824908035,Random Forest
SRS2822063,5,9456,2000,0,0.0,1.0,0.0,-8.0,0.0,8.108951161739472e-07,1.030852848535993e-06,0.0,Reference zero,Shallow zero,0.0,-8.0,1.0,71.0,0.00011792643,0.6918429,0.0002351788,0.0014995105,-0.1671707266956526,-0.19831657603357045,-0.14434745938816487,-0.5665715279764101,-0.2914556860882119,0.015110630929483865,0.25177268237942657,-0.014019709246640371,-0.007004443667839674,-1.047629310116119e-05,-4.971818744832586,-1.1220132920806805,-6.093832036913266,Random Forest
SRS2821987,4,233986,2000,0,0.0,1.0,0.0,-8.0,0.0,2.0364367468537756e-07,2.2831757558553428e-07,0.0,Reference zero,Shallow zero,0.0,-8.0,1.0,82.0,0.0006277565,0.6283988,0.002203262,0.036441606,-0.17807474379261093,-0.21014584572001316,-0.1603048722068071,-0.6254894696836806,-0.2541160924639208,-0.03444627664432369,-0.09603569726992525,-0.0780135427396096,-0.06890028372075473,-1.741911697326534e-05,-4.971818744832586,-1.705544243358619,-6.677362988191205,Random Forest
SRS2822268,4,246206,2000,0,0.0,1.0,0.0,-8.0,0.0,2.842756867318852e-08,7.775795513054624e-08,0.0,Reference zero,Shallow zero,0.0,-8.0,1.0,73.0,0.00010897582,0.40785497,0.0003131337,0.0027118293,-0.18963863959188898,-0.22407481557383707,-0.17269094664958476,-0.6725652828323557,-0.26307500817097695,-0.09240437919370999,-0.7470413542378225,-0.045923048701563676,-0.0426943290019798,-1.1035904909203974e-05,-4.971818744832586,-2.4501188398586287,-7.421937584691214,Random Forest
SRS2821905,3,193619,2000,2,0.001,0.0,0.00030986019403150247,-3.5088201959136245,0.001,0.00048697090748206246,0.0005598692829521997,0.0,Rare (1e-4 to 1e-3),Detected in shallow,1.0986123,-2.9999957,0.6329114,78.0,0.00029514902,0.85800606,0.00055677164,0.0040507177,0.037207997092548836,0.03693653705298977,0.2463437855503117,0.9510602085940051,0.017411999961194764,-0.030888966541231,0.37287915499665286,0.013993715239317372,0.009544088630426079,-3.295773445869762e-05,-4.971818744832586,1.654455562841757,-3.317363181990829,Random Forest
SRS2821972,2,211915,2000,1,0.0005,0.0,0.00039213123325272865,-3.4065574896747313,0.0005,0.00028716449996315797,0.00030015512383248667,0.0,Rare (1e-4 to 1e-3),Detected in shallow,0.6931472,-3.3010213,0.9157895,94.0,0.00017470912,0.63141996,0.00026357675,0.0017431062,-0.06106757102143797,-0.06181311408291233,0.2368734624051292,0.9186613262146,0.1978687876150459,-0.025789123625350747,0.11069609517235016,0.07785706276174519,0.02433103052862927,-1.625759020375488e-05,-4.971818744832586,1.4176016983775948,-3.554217046454991,Random Forest
SRS2822026,3,18617,2000,0,0.0,1.0,3.8309405916887744e-05,-4.416581232605431,0.0,1.7796447366110684e-06,3.3372737862422715e-06,0.0,Very rare (<1e-4),Shallow zero,0.0,-8.0,1.0,67.0,0.00026235575,0.83383685,0.0003444772,0.0024863302,-0.16088202124388834,-0.19010232296767562,-0.13273739036328544,-0.5209701292376021,-0.5317664783711695,-0.05272014167193167,0.8175883138011307,-0.0019288022694573914,-0.008640942410905897,-9.75730894531823e-06,-4.971818744832586,-0.7821696720437306,-5.753988416876316,Random Forest
SRS2822220,3,254595,2000,0,0.0,1.0,0.0,-8.0,0.0,4.4076031732981935e-07,4.3398275154652805e-07,0.0,Reference zero,Shallow zero,0.0,-8.0,1.0,62.0,0.00016204137,0.6767372,0.00091449963,0.011823002,-0.17580063678807517,-0.20865240246663896,-0.14459512247120918,-0.5536817261017714,-0.3619336585160323,0.011128764611433863,0.11910471575786975,-0.06497947087579746,-0.0017619238211858197,-8.849784450797025e-06,-4.971818744832586,-1.3811803104558578,-6.352999055288444,Random Forest
SRS2822275,1,249900,2000,0,0.0,1.0,1.144086218337414e-05,-4.941161812242452,0.0,9.901706776248313e-05,4.3758667200050874e-05,0.0,Very rare (<1e-4),Shallow zero,0.0,-8.0,1.0,70.0,0.0007808646,0.94864047,0.0021385648,0.02629283,-0.1402305059767511,-0.16188124282578914,-0.10668544887263327,-0.41457627059218477,-0.02362667629040306,0.17702062966039822,1.5321487618019036,0.04987995197963484,0.046481020929193755,-1.6570014829240164e-05,-4.971818744832586,0.95851364979854,-4.013305095034045,Random Forest
SRS2822060,4,233398,2000,5,0.0025,0.0,0.0038008246882214763,-2.420121018993179,0.0025,0.003393236992075028,0.0032417916514688432,0.0,Common (1e-3 to 1e-2),Detected in shallow,1.7917595,-2.6020582,0.4,84.0,0.0032046454,0.9969789,0.002819524,0.01891308,0.21671206852794395,0.22819100265627512,0.2397108419799438,0.9531850085229633,-0.007685342220050546,0.08569065145627591,0.7891707408863369,-0.003396227447845952,-0.008651356007312153,-0.00042984981292624064,-4.971818744832586,2.492497538541604,-2.4793212062909817,Random Forest
SRS2821894,2,97600,2000,0,0.0,1.0,0.0,-8.0,0.0,2.0063012328298188e-08,4.508416704963164e-08,0.0,Reference zero,Shallow zero,0.0,-8.0,1.0,67.0,8.888311e-05,0.32930514,0.00070713804,0.011762583,-0.19899047299277106,-0.2375821296468444,-0.18037643848995197,-0.6982274614624253,-0.43561900648672125,-0.01403503418231829,-0.7530278470879596,-0.009237724204279424,-0.026609426136488756,-9.520282505731045e-06,-4.971818744832586,-2.553715060972266,-7.5255338058048515,Random Forest
SRS2821970,4,409,2000,0,0.0,1.0,1.9260957076957154e-05,-4.715096715914369,0.0,1.449554981764427e-05,3.5396790966584133e-06,0.0,Very rare (<1e-4),Shallow zero,0.0,-8.0,1.0,113.0,0.0003689609,0.50151056,0.0015162228,0.014549168,-0.15680461355837205,-0.18513429498692688,-0.13072519095854396,-0.5056956962833802,0.9206211803704593,0.07329662641170685,-0.08923343609341709,0.03851191100477927,0.1578996489853816,-9.7698549981891e-06,-4.971818744832586,0.12272636503668864,-4.849092379795897,Random Forest
SRS2821844,1,43797,2000,0,0.0,1.0,0.0,-8.0,0.0,8.035123150879822e-08,9.71293826462365e-08,0.0,Reference zero,Shallow zero,0.0,-8.0,1.0,94.0,0.00024350325,0.35347432,0.0016826089,0.018238604,-0.19069129583954064,-0.2248612829731429,-0.16890257101134173,-0.644690626549505,0.06425809517242215,-0.038407985171183066,-0.9347309890259532,-0.025023739333670785,0.07727690667308564,-9.810672733443279e-06,-4.971818744832586,-2.0857832987315628,-7.057602043564149,Random Forest
SRS2822243,1,79943,2000,1,0.0005,0.0,0.00022229061933586402,-3.6530593273425143,0.0005,0.00029653648854344314,0.00027227240791201737,0.0,Rare (1e-4 to 1e-3),Detected in shallow,0.6931472,-3.3010213,0.8815789,75.0,0.001270166,0.20845921,0.0076001454,0.09180757,0.01225785169545419,0.03881795311620812,0.3659645086070286,1.464068605762415,-0.04722415683384546,0.13075125551449276,-0.46745962302022753,-0.028309897306550584,-0.03486454681088614,-7.77998893856735e-05,-4.971818744832586,1.4339241508347034,-3.5378945939978825,Random Forest
SRS2822180,4,146247,2000,0,0.0,1.0,0.0,-8.0,0.0,3.891415915610339e-10,1.901963551267352e-08,0.0,Reference zero,Shallow zero,0.0,-8.0,1.0,75.0,0.000114673334,0.2326284,0.0012743383,0.017979877,-0.2054443044098459,-0.24191087806116934,-0.1857189751036824,-0.7339096282899991,-0.32665605016191096,-0.0985591297239925,-1.0718777826719759,-0.07796828611198182,-0.0699656018395614,-1.1993073339211643e-05,-4.971818744832586,-3.0120226294474586,-7.983841374280044,Random Forest
SRS2821991,1,168997,2000,0,0.0,1.0,0.0,-8.0,0.0,8.868889114200559e-08,1.7699090439764882e-07,0.0,Reference zero,Shallow zero,0.0,-8.0,1.0,94.0,0.000349423,0.51963747,0.0011893368,0.011677807,-0.18078582261890253,-0.21157257043206412,-0.16192035060584886,-0.6222074010005949,0.011803097452849727,-0.0551315475947608,-0.3531659569920331,-0.3738094808579502,-0.09430874372935279,-9.881082854419701e-06,-4.971818744832586,-2.0411086574615123,-7.012927402294098,Random Forest
SRS2822125,4,250171,2000,0,0.0,1.0,2.284852569887928e-05,-4.640951783629668,0.0,7.103632939067933e-06,1.5635815237965827e-05,0.0,Very rare (<1e-4),Shallow zero,0.0,-8.0,1.0,71.0,0.0027770875,0.92749244,0.008362512,0.09246352,-0.15130549261230022,-0.1803340758692129,-0.12350672560064357,-0.46903174792693003,-0.3064913095218655,-0.03320792069533049,1.1754489717939618,-0.07483720369817,-0.019864596044554133,-2.8598346217304598e-05,-4.971818744832586,-0.1831586985212622,-5.1549774433538476,Random Forest
SRS2822185,5,219738,2000,2,0.001,0.0,0.00046755753974239093,-3.3301556467832794,0.001,0.00046152637055968594,0.0004373268854789157,0.0,Rare (1e-4 to 1e-3),Detected in shallow,1.0986123,-2.9999957,0.6,119.0,0.00020342889,0.6797583,0.00060650357,0.005251475,0.046776639805270484,0.0492927259220446,0.2538520244285878,0.9735926780640282,0.2714860340373226,-0.12126882923318354,0.14782271766802044,0.0023748547641433836,0.0028853576573210703,-2.0291718316221133e-05,-4.971818744832586,1.6267939113952385,-3.345024833437347,Random Forest
SRS2822125,4,34262,2000,2,0.001,0.0,0.0009710623422023694,-3.012748415149669,0.001,0.0007311188171301897,0.0007855696887967597,0.0,Rare (1e-4 to 1e-3),Detected in shallow,1.0986123,-2.9999957,0.5416667,71.0,0.000748398,0.93957704,0.0009992564,0.014535054,0.03473826944129483,0.045382204897466194,0.24440414006525352,0.9348586665957439,-0.07319988028886687,0.10360719468392554,0.5218037482241324,0.00676910422332726,0.010414455615000949,-4.408721820119783e-05,-4.971818744832586,1.8287338162390763,-3.1430849285935096,Random Forest
SRS2821875,2,44470,2000,1,0.0005,0.0,0.001631949255615599,-2.7872906882795867,0.0005,0.00036918656944499097,0.00040038990600728137,0.0,Common (1e-3 to 1e-2),Detected in shallow,0.6931472,-3.3010213,0.69902915,102.0,0.005257806,0.95468277,0.04177827,0.58801854,-0.09849584260201805,-0.09695659480959878,0.20091400495321707,0.7851724446233094,0.1737538570900147,0.15178953140765392,0.5339408261954162,-0.06940871651998992,-0.049227218518822516,-6.890934428747406e-05,-4.971818744832586,1.5314133824748946,-3.440405362357691,Random Forest
SRS2822269,5,10583,2000,0,0.0,1.0,0.00023225606661448074,-3.634014234704943,0.0,4.3320826897561225e-05,2.505863522796189e-05,0.0,Rare (1e-4 to 1e-3),Shallow zero,0.0,-8.0,1.0,70.0,0.00013444255,0.8036254,0.00018458762,0.0013976498,-0.1452273598847321,-0.16908759313316835,-0.11115877036934069,-0.4334256417883221,0.11939477831293063,0.06864311787392074,1.0878507495525969,0.1183915292750407,0.05890336839268101,-1.0572891955033103e-05,-4.971818744832586,0.5942736053396516,-4.377545139492934,Random Forest
SRS2821987,3,207119,2000,0,0.0,1.0,0.0006036871352723557,-3.2191808850018524,0.0,5.226289441889811e-05,3.2245028892370166e-05,0.0,Rare (1e-4 to 1e-3),Shallow zero,0.0,-8.0,1.0,82.0,0.0020778195,0.8912387,0.0024632458,0.01316057,-0.14628341151355775,-0.16933108742108574,-0.11604336992048975,-0.451647508089934,0.04908107383304529,0.1153660536593349,1.2874231199947992,0.058687783359139094,0.05168896674160181,-1.8432948122986987e-05,-4.971818744832586,0.6789231876947301,-4.2928955571378555,Random Forest
SRS2822089,1,21282,2000,9,0.0045,0.0,0.00575839255084538,-2.2396979783082402,0.0045,0.00425079909483278,0.00468767813368216,0.0,Common (1e-3 to 1e-2),Detected in shallow,2.3025851,-2.3467865,0.2735043,116.0,0.0059784423,1.0,0.009820049,0.063084744,0.18618646410228964,0.2560647544290541,0.21088839719593439,0.8343223375605977,0.24395059007345937,0.0747579480731802,0.7818821134823183,-0.004424315962320295,0.0038655216122547654,-0.0010332024239816731,-4.971818744832586,2.586460608142787,-2.3853581366897987,Random Forest
SRS2822230,2,121481,2000,0,0.0,1.0,0.0,-8.0,0.0,2.746606250722175e-08,2.2921232588851864e-08,0.0,Reference zero,Shallow zero,0.0,-8.0,1.0,94.0,0.0008315501,0.3323263,0.0020638965,0.011999596,-0.19374095641639513,-0.22956167951673503,-0.1846832703968513,-0.7081851303290125,0.08215431391140424,-0.05076394280564604,-1.0729884274468047,-0.08414545137974071,-0.0255654479097428,-1.3455759449117023e-05,-4.971818744832586,-2.467493448048973,-7.439312192881559,Random Forest
SRS2822023,4,76191,2000,0,0.0,1.0,7.253577827263298e-06,-5.13884940576149,0.0,1.036114434668527e-06,1.3175245352316093e-06,0.0,Very rare (<1e-4),Shallow zero,0.0,-8.0,1.0,76.0,0.0002196381,0.6797583,0.000464206,0.003358246,-0.168685500416047,-0.19937578047194784,-0.14637213229332002,-0.5599131051869931,-0.1563845115030799,0.009163789419980332,0.12964228165822225,0.026311563972859095,0.04672596118018331,-1.15303342960907e-05,-4.971818744832586,-1.018898963974439,-5.990717708807025,Random Forest
SRS2821932,5,162670,2000,0,0.0,1.0,0.0,-8.0,0.0,6.67007123313954e-08,5.026877076666183e-08,0.0,Reference zero,Shallow zero,0.0,-8.0,1.0,95.0,8.661241e-05,0.25075528,0.00042240985,0.0052573383,-0.19098981835772696,-0.22757174516238732,-0.17321564626081346,-0.6811472796975601,0.07679216500846268,-0.044961910927687865,-0.9449765123029609,0.02658419009164553,0.0019712575872691636,-9.310555086771428e-06,-4.971818744832586,-2.1575246105768464,-7.129343355409432,Random Forest
SRS2822000,1,191749,2000,0,0.0,1.0,5.747346641633779e-05,-4.240457050557032,0.0,9.220805639590672e-07,6.523937651319724e-06,0.0,Very rare (<1e-4),Shallow zero,0.0,-8.0,1.0,111.0,0.000106297426,0.8187311,0.00020665507,0.0019332344,-0.15174247795510928,-0.17851274399600736,-0.12207116026170386,-0.4911444676724482,0.02807574622579117,-0.36154819004269256,0.33691170720017216,-0.03575442995867568,-0.09800304767722638,-9.220456728950326e-06,-4.971818744832586,-1.073798284594629,-6.0456170294272145,Random Forest
SRS2822243,4,150643,2000,0,0.0,1.0,0.00022229061933586402,-3.6530593273425143,0.0,2.7535748853822193e-07,1.5108521632693756e-07,0.0,Rare (1e-4 to 1e-3),Shallow zero,0.0,-8.0,1.0,78.0,0.00023797093,0.36555892,0.000909429,0.007656417,-0.1840621245785619,-0.22029651154419916,-0.1672084724445106,-0.6427322956701768,0.15223009899592024,0.0426430921001799,-0.6194062617859897,0.012217861313093265,0.04334912379580665,-1.1331256308973319e-05,-4.971818744832586,-1.5832768210747472,-6.555095565907333,Random Forest
SRS2821892,4,145222,2000,0,0.0,1.0,0.0,-8.0,0.0,3.133656612061036e-05,2.9611129157730953e-05,0.0,Reference zero,Shallow zero,0.0,-8.0,1.0,113.0,0.0007604187,0.6918429,0.0026780718,0.031470962,-0.14592960713623213,-0.1733038937590894,-0.1195975742860468,-0.44750690334323967,0.8789486116683153,0.13874716895697117,0.45529956652209297,-0.09016266261084885,-0.034989326113357484,-1.3532340555055207e-05,-4.971818744832586,0.46149184755801004,-4.510326897274576,Random Forest
SRS2822025,2,219738,2000,2,0.001,0.0,0.00024228914786906695,-3.6156481132104625,0.001,0.0004675149007296035,0.000524560001669155,0.0,Rare (1e-4 to 1e-3),Detected in shallow,1.0986123,-2.9999957,0.7941176,67.0,0.00020342889,0.6797583,0.00060650357,0.005251475,0.10197500949363697,0.11868033562932365,0.31960379132826217,1.3031640849417796,-0.22413786067849042,-0.06077353041715937,0.08301378870511367,-0.006061268272338069,-0.004146646796641965,-3.93780712671345e-05,-4.971818744832586,1.6312783258622192,-3.3405404189703667,Random Forest
SRS2822268,2,58120,2000,88,0.044,0.0,0.048637215874980384,-1.3130312039151373,0.044,0.045034788380575695,0.045107566335382966,0.0,Dominant (>=1e-2),Detected in shallow,4.4886365,-1.3565472,0.077922076,76.0,0.033133868,1.0,0.024756478,0.12525266,0.5782058135660307,0.687461235388476,0.27979420059559595,1.1213198647771894,-0.03118402929846016,0.07339847478447925,0.8850124741712831,0.00618727114711193,0.014409127149803946,-0.00042096548556332455,-4.971818744832586,3.614183466795947,-1.3576352780366387,Random Forest
SRS2822185,2,184673,2000,0,0.0,1.0,0.0,-8.0,0.0,4.2111606969914704e-08,3.785373854297244e-08,0.0,Reference zero,Shallow zero,0.0,-8.0,1.0,114.0,0.00011717566,0.1389728,0.0008720867,0.011156369,-0.19174055472491483,-0.22684914365960182,-0.17303382564561037,-0.6718220950548504,0.5159961483910168,-0.07273434230003728,-1.4317816390370188,-0.04573155525591786,-0.024932541108775217,-9.289471004365649e-06,-4.971818744832586,-2.322638837866714,-7.2944575826993,Random Forest
SRS2822129,5,189417,2000,0,0.0,1.0,0.00017614247969468638,-3.754111238885582,0.0,3.57868481829101e-05,1.5410097782535995e-05,0.0,Rare (1e-4 to 1e-3),Shallow zero,0.0,-8.0,1.0,102.0,0.0001201573,0.4954683,0.00021578823,0.0018350831,-0.15374971151889086,-0.17933176846999876,-0.130091317534472,-0.4988093640172807,0.736499012644762,0.2078885459954344,0.07882588636453665,0.3432153256386852,0.09541776632430622,-8.96132330647419e-06,-4.971818744832586,0.4998554141037756,-4.47196333072881,Random Forest
SRS2821844,2,258109,2000,23,0.0115,0.0,0.01064154564089145,-1.9729948798538783,0.0115,0.010772931875271018,0.010678805298149368,0.0,Dominant (>=1e-2),Detected in shallow,3.1780539,-1.9393017,0.2038835,102.0,0.0034453676,0.8066465,0.027661143,0.4874152,0.4489295958366571,0.5581278986095883,0.34481482488408594,1.3640821243293366,0.11814118874915025,0.0070423426182886755,0.23305157400769097,-0.05587215226362919,-0.029000065862805367,0.00027864589326764014,-4.971818744832586,2.989595976801631,-1.9822227680309545,Random Forest
SRS2822230,1,131147,2000,0,0.0,1.0,0.0,-8.0,0.0,0.000237814000035173,4.1596177976326676e-05,0.0,Reference zero,Shallow zero,0.0,-8.0,1.0,105.0,0.0017128239,0.7975831,0.0018259292,0.009078717,-0.13914931805916955,-0.1646709081932375,-0.1122847946821164,-0.4371705830094796,0.7140949829038743,0.28810300166984315,0.9612265058236129,0.09406636511507767,0.12837563939448746,-1.3028357821105405e-05,-4.971818744832586,1.3325778626050715,-3.639240882227514,Random Forest
SRS2822262,5,254706,2000,1,0.0005,0.0,0.000316641071513386,-3.4994190380280616,0.0005,6.280332953710907e-05,8.543749210796325e-05,0.0,Rare (1e-4 to 1e-3),Detected in shallow,0.6931472,-3.3010213,0.78125,63.0,0.002394805,0.43202418,0.02663624,0.37152678,-0.07337716458982455,-0.05188437546276822,0.3304997036321601,1.2887213700150895,-0.2615966625502469,0.06341557513412487,-0.33730213819172333,-0.080581134824699,-0.11249501243263443,-6.0294248956113234e-05,-4.971818744832586,0.7653398664805219,-4.206478878352064,Random Forest
SRS2821892,4,26279,2000,0,0.0,1.0,0.0,-8.0,0.0,4.1950361270200106e-05,2.944239436522841e-05,0.0,Reference zero,Shallow zero,0.0,-8.0,1.0,113.0,0.000125958,0.73413897,0.00025362414,0.0020910723,-0.140350364642539,-0.1643809907562301,-0.10428811717696007,-0.4206950401930905,0.7505306792635071,-0.07192810276197395,0.601888158794693,0.10056054778279397,0.03681301052093796,-9.21726446211033e-06,-4.971818744832586,0.5881405635666764,-4.38367818126591,Random Forest
SRS2821816,2,86908,2000,0,0.0,1.0,2.3469403720682802e-05,-4.629312936560086,0.0,7.684569552365051e-06,9.020783135053564e-06,0.0,Very rare (<1e-4),Shallow zero,0.0,-8.0,1.0,86.0,0.00024435003,0.8549849,0.0004383499,0.0030002962,-0.1547151214462366,-0.18171934987834656,-0.12601615408783143,-0.4884681523336217,-0.12401588406582856,-0.0031975636257257915,0.8909643343709692,0.022283856691018962,0.011686443373158235,-9.867182718612476e-06,-4.971818744832586,-0.15320745818516288,-5.1250262030177485,Random Forest
SRS2822122,4,11043,2000,0,0.0,1.0,3.804595951909906e-05,-4.4195773235558145,0.0,7.742990514028693e-06,4.286427252788072e-06,0.0,Very rare (<1e-4),Shallow zero,0.0,-8.0,1.0,90.0,0.00011438911,0.72507554,0.00027012246,0.003013561,-0.1551548150400206,-0.183141583318446,-0.1234366854704444,-0.48114509396033334,0.1976664329551072,-0.051936297659669395,0.4969883825691906,0.1192178318230946,0.03636863960629693,-9.42915139627865e-06,-4.971818744832586,-0.14458261764662073,-5.116401362479206,Random Forest
SRS2821991,5,112467,2000,0,0.0,1.0,3.842865240323185e-05,-4.41523184639629,0.0,2.813892459064548e-05,2.6995910673736373e-05,0.0,Very rare (<1e-4),Shallow zero,0.0,-8.0,1.0,99.0,0.00029495728,0.7613293,0.00051007455,0.004944688,-0.1479062853776971,-0.17317298870045653,-0.1186014298190833,-0.4660540441335846,0.39396961801692204,0.07335919279518677,0.7505868895693754,0.056909413515150206,0.043146439578697425,-9.044158706463419e-06,-4.971818744832586,0.41222776128580385,-4.559590983546782,Random Forest
SRS2821928,5,71581,2000,0,0.0,1.0,0.0,-8.0,0.0,5.721504641358581e-07,3.927984860066357e-07,0.0,Reference zero,Shallow zero,0.0,-8.0,1.0,108.0,9.82684e-05,0.34743202,0.00092708867,0.015995827,-0.177826553712425,-0.2112877930058929,-0.15256575570523986,-0.5952524241059162,0.48043878207579493,0.011721921261301036,-0.7592586358611703,0.014493530160578602,0.11552000678426064,-9.034914438321663e-06,-4.971818744832586,-1.2740259570231476,-6.2458447018557335,Random Forest
SRS2822089,3,11812,2000,0,0.0,1.0,3.769815090569807e-05,-4.423564763567361,0.0,3.3509986233098776e-07,3.808753688343268e-07,0.0,Very rare (<1e-4),Shallow zero,0.0,-8.0,1.0,115.0,0.00015262818,0.6344411,0.00022379225,0.0014181123,-0.16222700865479617,-0.1905407482103628,-0.13425430994859344,-0.5312796308691077,0.1515530357050606,-0.13663741613843466,-0.07069444748008885,-0.08761913403399094,-0.3403019165193348,-9.285824072697047e-06,-4.971818744832586,-1.5020108619737216,-6.473829606806307,Random Forest
SRS2822116,1,57104,2000,1,0.0005,0.0,0.00027433973811106534,-3.5616954500367863,0.0005,0.00030440098524261435,0.0002828234722923399,0.0,Rare (1e-4 to 1e-3),Detected in shallow,0.6931472,-3.3010213,0.8428571,69.0,0.0009905924,0.7945619,0.0049250983,0.04493171,-0.06647164233842205,-0.060046732717386295,0.2609914623886144,1.043038412421114,-0.06257510032395622,0.11844048223886194,0.25401436521473175,-0.023661449760172204,-0.021679810249712148,-3.577516488345891e-05,-4.971818744832586,1.4420142117087897,-3.529804533123796,Random Forest
SRS2821870,4,149360,2000,12,0.006,0.0,0.00445329422686238,-2.3513176350878524,0.006,0.005399238030201121,0.005473534697703107,0.0,Common (1e-3 to 1e-2),Detected in shallow,2.5649493,-2.221848,0.31,99.0,0.0036443758,0.9818731,0.0039649075,0.022232069,0.2692780814722305,0.3453578134284526,0.2483567069489252,0.975558874680181,0.15682211218107592,0.04583011175143198,0.6563323355523226,-0.000421402846991486,0.0012796405909855913,-5.809410003511338e-05,-4.971818744832586,2.698336179658579,-2.2734825651740067,Random Forest
SRS2822129,1,78621,2000,1,0.0005,0.0,0.0015461395439866914,-2.8107485033107618,0.0005,0.0002087284573638792,0.00023544270729326938,0.0,Common (1e-3 to 1e-2),Detected in shallow,0.6931472,-3.3010213,0.94495416,108.0,0.00013518828,0.5679758,0.00035417997,0.0035969252,-0.07549101260613468,-0.07620364452055531,0.2555019529008467,0.9748527139273764,0.27362349957802196,-0.05912159608293369,-0.03574304956063134,0.022896084411777082,-0.00802309567994611,-1.570135469707556e-05,-4.971818744832586,1.272276151013124,-3.6995425938194617,Random Forest
SRS2822230,3,262354,2000,0,0.0,1.0,3.7644224434866085e-05,-4.424186293146339,0.0,1.5980392378956e-08,8.667183321809333e-08,0.0,Very rare (<1e-4),Shallow zero,0.0,-8.0,1.0,96.0,0.00025522517,0.50453174,0.00059355877,0.0035999343,-0.185306422145265,-0.21977579140748318,-0.16625427950973726,-0.644845529107132,-0.11834853060689884,-0.3786049381511665,-0.6223649151649292,-0.1636279804688391,-0.12406456516884407,-9.233048257312688e-06,-4.971818744832586,-2.6232021847785525,-7.595020929611138,Random Forest
SRS2821870,1,4843,2000,0,0.0,1.0,0.00012108654997511,-3.9168682296737565,0.0,6.107105651293587e-06,4.799817861826865e-06,0.0,Rare (1e-4 to 1e-3),Shallow zero,0.0,-8.0,1.0,91.0,0.0002651976,0.7945619,0.00094802177,0.00783778,-0.15694120166737732,-0.1857025064596781,-0.12659640101190067,-0.4935860789470904,0.019497981482486482,0.04608947713947638,0.6822226225410085,-0.03751987727653247,-0.004142457404771922,-9.469993363732216e-06,-4.971818744832586,-0.2566879115977432,-5.228506656430329,Random Forest
SRS2822000,2,9456,2000,0,0.0,1.0,7.663128855511705e-05,-4.115537202159254,0.0,6.959302600044778e-06,1.1329004006862317e-05,0.0,Very rare (<1e-4),Shallow zero,0.0,-8.0,1.0,103.0,0.00011792643,0.6918429,0.0002351788,0.0014995105,-0.15230888857526345,-0.17822245189902491,-0.12236888194682952,-0.48806726180059284,0.3962614314834242,-0.11047191043551573,0.3756287786877275,0.08507412315709977,-0.003698501522335386,-8.963864840679593e-06,-4.971818744832586,-0.19818252671615114,-5.1700012715487365,Random Forest
SRS2822053,5,157587,2000,0,0.0,1.0,0.0,-8.0,0.0,9.308117408882535e-07,1.6193488792147485e-06,0.0,Reference zero,Shallow zero,0.0,-8.0,1.0,64.0,0.00065411127,0.8036254,0.001915937,0.02106427,-0.1688836015652033,-0.1981742314377002,-0.14410747050170555,-0.5274208836849482,-0.36010106520352114,0.021360683253103627,0.5064405861531981,-0.12587921770841215,-0.0632548856849316,-1.5100457489375833e-05,-4.971818744832586,-1.0600351868376097,-6.031853931670195,Random Forest
SRS2821824,1,189417,2000,0,0.0,1.0,0.0002314656059255195,-3.635494770391835,0.0,4.76437066783981e-05,4.480637865440566e-05,0.0,Rare (1e-4 to 1e-3),Shallow zero,0.0,-8.0,1.0,114.0,0.0001201573,0.4954683,0.00021578823,0.0018350831,-0.14681642566468142,-0.1727471780082669,-0.11976678832920602,-0.4687565976429299,1.034706975692356,0.12428406901353732,0.06548937488731857,0.30182053607860737,0.01907938707742232,-9.25112954875292e-06,-4.971818744832586,0.6372841019746085,-4.334534642857977,Random Forest
SRS2821901,1,192431,2000,1,0.0005,0.0,0.0007891446491893332,-3.102837880557126,0.0005,0.00028820602158959177,0.00020708047517296315,0.0,Rare (1e-4 to 1e-3),Detected in shallow,0.6931472,-3.3010213,0.9404762,83.0,0.00016615065,0.6978852,0.00025861867,0.0016578492,-0.03347296125169273,-0.021495940056158718,0.2863408905979555,1.106933620931077,-0.013666987644877886,-0.05166689948481545,0.14953111155047344,0.012932528692268195,-0.019880570531044663,-1.8505285506119397e-05,-4.971818744832586,1.4155362875176785,-3.556282457314907,Random Forest
SRS2822133,1,146804,2000,0,0.0,1.0,0.0,-8.0,0.0,1.7822040408697238e-06,2.0436068671149956e-06,0.0,Reference zero,Shallow zero,0.0,-8.0,1.0,109.0,0.00011880644,0.6978852,0.00040704882,0.0048127845,-0.1564259502790859,-0.18531000536863781,-0.12507132424514414,-0.49036518344579855,0.2777381302051476,-0.2869334300962229,0.31522209618773783,-0.08161589123774679,-0.0557651719641397,-9.047722640212335e-06,-4.971818744832586,-0.7885357779665306,-5.760354522799116,Random Forest
SRS2822262,2,254096,2000,1,0.0005,0.0,4.74961607270079e-05,-4.323250066243576,0.0005,0.00014715740651152082,0.00014999671650538902,0.0,Very rare (<1e-4),Detected in shallow,0.6931472,-3.3010213,0.96825397,62.0,0.00011319857,0.7824773,0.00015489296,0.0012609025,-0.0681443389961507,-0.064155682393105,0.24980582528968,0.9604312832042226,-0.14138021574782225,-0.10106056047344587,0.2559082140347866,0.01681336977790906,0.019833363928255906,-1.3171181690118915e-05,-4.971818744832586,1.1280380874426401,-3.843780657389946,Random Forest
SRS2821928,1,114712,2000,2,0.001,0.0,0.0006894671861721744,-3.161480099442379,0.001,0.0009935457898599888,0.0007929732663845207,0.0,Rare (1e-4 to 1e-3),Detected in shallow,1.0986123,-2.9999957,0.5648148,107.0,0.0020879398,0.72507554,0.0056613046,0.056530975,0.08892932350990077,0.10329400817188435,0.2783004387317012,1.0826970276659307,0.23921562505798857,0.08159928966803308,0.13562358352298068,-0.03434845238268918,-0.015546565834976316,-6.816166610379598e-05,-4.971818744832586,1.95969611644465,-3.0121226283879357,Random Forest
SRS2821931,5,176063,2000,0,0.0,1.0,0.0,-8.0,0.0,2.487977743569781e-08,7.42950189035382e-08,0.0,Reference zero,Shallow zero,0.0,-8.0,1.0,94.0,0.00018996943,0.50755286,0.0003739395,0.0021271715,-0.18112074703135914,-0.21299332242080052,-0.15978857552806247,-0.6284007816848665,-0.23914831501151915,-0.19034788174603545,-0.47565856642726817,-0.08569329666979812,-0.31843418957619907,-9.398354041974883e-06,-4.971818744832586,-2.491595074449951,-7.463413819282536,Random Forest
SRS2822185,2,237932,2000,1,0.0005,0.0,0.00018853126602515763,-3.7245935810251805,0.0005,0.0005747211616959419,0.0005533602448946342,0.0,Rare (1e-4 to 1e-3),Detected in shallow,0.6931472,-3.3010213,0.7826087,114.0,0.00034817832,0.72205436,0.000545729,0.0029964757,-0.06609987138905934,-0.06170331996343295,0.2050211363625418,0.8086640761500021,0.47696762726780983,0.060451913929938594,0.233133761536143,0.05630157844809938,0.004419352491681063,-1.4246113237992375e-05,-4.971818744832586,1.7171420087204856,-3.2546767361121,Random Forest
SRS2821932,1,44470,2000,10,0.005,0.0,0.004132190060732188,-2.3838186602480795,0.005,0.004224232755038721,0.004609694156859564,0.0,Common (1e-3 to 1e-2),Detected in shallow,2.3978953,-2.3010292,0.3207547,105.0,0.005257806,0.95468277,0.04177827,0.58801854,0.26333373540074184,0.34721858230436775,0.26821804125421383,1.0555013046367618,0.15286067512672197,0.04821580553421244,0.5100094487893359,-0.027312553625886568,-0.032483910354056976,-0.00018524353839831728,-4.971818744832586,2.5853758855280136,-2.386442859304572,Random Forest
SRS2822183,1,148378,2000,21,0.0105,0.0,0.011041535014649278,-1.9569701526585033,0.0105,0.01042062742082148,0.00999429970029728,0.0,Dominant (>=1e-2),Detected in shallow,3.0910425,-1.9788103,0.19491525,117.0,0.00092931103,0.71299094,0.003108065,0.04048689,0.41910641245897035,0.5061355584001637,0.31612403547088974,1.2103326440914148,0.32205419945839286,0.048172832211307415,0.1781177586698037,-0.029205576049318126,0.007226459245741073,-1.0960682949790802e-05,-4.971818744832586,2.978053363274416,-1.9937653815581697,Random Forest
SRS2822120,3,66728,2000,1,0.0005,0.0,0.0004953819394753355,-3.305051064100328,0.0005,0.0003481922193323216,0.00044733146840373873,0.0,Rare (1e-4 to 1e-3),Detected in shallow,0.6931472,-3.3010213,0.77884614,103.0,0.00038362664,0.6978852,0.00076735264,0.0055927797,-0.0701191818211729,-0.06466910310399883,0.23504556337388974,0.9272217141306786,0.20092173024209176,0.08466299787315323,0.14857710762810136,0.019295035340872544,0.0205007999651227,-1.5876646350619055e-05,-4.971818744832586,1.5014207869823875,-3.4703979578501984,Random Forest
SRS2821916,5,250391,2000,0,0.0,1.0,0.0,-8.0,0.0,1.1169728235290724e-08,1.3716170198912876e-08,0.0,Reference zero,Shallow zero,0.0,-8.0,1.0,59.0,0.00019800504,0.20845921,0.00077785284,0.0046076537,-0.2037863185223085,-0.2417208783954851,-0.18610150723324578,-0.7323148872236059,-0.258232273749388,-0.03284879527067715,-1.0683408112005484,-0.0006121691859915457,0.01866888833292325,-8.911922210316043e-06,-4.971818744832586,-2.705297664370538,-7.677116409203124,Random Forest
SRS2822149,5,67192,2000,0,0.0,1.0,1.0888146075367749e-05,-4.962647375244445,0.0,8.359487116926996e-06,8.978455726462526e-06,0.0,Very rare (<1e-4),Shallow zero,0.0,-8.0,1.0,94.0,0.00011505669,0.7643505,0.00027008518,0.003118016,-0.1494089884933262,-0.17850346736794537,-0.1173847440985349,-0.4607666390729998,0.21819876634598823,-0.13413418120538284,0.5987826165660113,0.10838841948456428,0.0016943379949874045,-9.390227085399211e-06,-4.971818744832586,-0.11314327007372345,-5.084962014906309,Random Forest
SRS2822053,3,228316,2000,2,0.001,0.0,0.0011450282353553491,-2.9411800110301254,0.001,0.0008473526319155278,0.00092318670851189,0.0,Common (1e-3 to 1e-2),Detected in shallow,1.0986123,-2.9999957,0.6119403,66.0,0.0015487785,0.9879154,0.0037244235,0.05982749,0.02440897415250027,0.034351195995590535,0.21760815269054393,0.8516444796809868,-0.16681223208449375,0.13604757389035507,0.7673367595703361,0.011618310025743905,0.012111009922963527,-0.0002835100874084552,-4.971818744832586,1.8880307137571182,-3.0837880310754677,Random Forest
SRS2822253,2,146804,2000,0,0.0,1.0,9.270847819033051e-06,-5.032412348532296,0.0,1.819054277697056e-06,1.6250459660901313e-06,0.0,Very rare (<1e-4),Shallow zero,0.0,-8.0,1.0,108.0,0.00011880644,0.6978852,0.00040704882,0.0048127845,-0.15715654539758891,-0.18341255629661937,-0.12556083729750667,-0.48866581606766163,0.283895814091217,-0.2962869709115434,0.3475540561691706,-0.08092928923720419,-0.0758503276254729,-9.011773787416532e-06,-4.971818744832586,-0.776421484346997,-5.748240229179583,Random Forest
SRS2822060,3,250391,2000,0,0.0,1.0,4.032705239492282e-05,-4.3942958407635855,0.0,9.117078803699518e-08,4.9232378932917147e-08,0.0,Very rare (<1e-4),Shallow zero,0.0,-8.0,1.0,83.0,0.00019800504,0.20845921,0.00077785284,0.0046076537,-0.19332243050634612,-0.22972444804304254,-0.1779664999266779,-0.6850216272700866,0.1713817110913294,-0.005767856327970602,-0.9819696419373632,0.025025627704692622,0.04487213538282432,-1.0801146504707743e-05,-4.971818744832586,-2.032503830979145,-7.004322575811731,Random Forest
SRS2821970,3,264947,2000,0,0.0,1.0,0.0003466972273852288,-3.4600371050387064,0.0,5.891979142769395e-05,7.473040025075303e-05,0.0,Rare (1e-4 to 1e-3),Shallow zero,0.0,-8.0,1.0,116.0,0.0022047001,0.8429003,0.007056937,0.059745472,-0.13825116427963005,-0.1638276021769836,-0.1091729199488258,-0.42899898395486125,0.6720960879066745,0.11163171545494957,0.7426944910237854,-0.02312309244031866,0.07235692021294181,-1.903926803996731e-05,-4.971818744832586,0.735386412529692,-4.236432332302893,Random Forest
SRS2822120,4,241327,2000,1,0.0005,0.0,0.00017613580070234151,-3.7541277058948284,0.0005,0.00033536953501254953,0.0003278376436115192,0.0,Rare (1e-4 to 1e-3),Detected in shallow,0.6931472,-3.3010213,0.8598131,106.0,0.00018687687,0.5558912,0.00027481955,0.001330833,-0.0544915488845853,-0.04740363033651202,0.2419141908728881,0.9338866856868119,0.27757649723076483,0.014138165878744249,-0.011766464413620904,0.10853093194880958,0.01696806869905016,-1.4708679493752301e-05,-4.971818744832586,1.4793381880028567,-3.492480556829729,Random Forest
SRS2821905,2,62872,2000,0,0.0,1.0,2.2132871002250174e-05,-4.654766070015628,0.0,4.888479849346083e-05,1.1935508307823125e-05,0.0,Very rare (<1e-4),Shallow zero,0.0,-8.0,1.0,79.0,0.0038796188,0.83987916,0.004543477,0.020847745,-0.15017319968185375,-0.17550369319563625,-0.12043421396562372,-0.46084405779924503,0.15177492973753576,0.1507289029701381,1.1094852692948376,0.0622154406912497,0.09587588136399719,-3.836385919323662e-05,-4.971818744832586,0.6630868955562063,-4.30873184927638,Random Forest
SRS2822268,3,189462,2000,1,0.0005,0.0,5.541650118683675e-05,-4.256282535501151,0.0005,9.32178309294692e-05,0.00010729535603213773,0.0,Very rare (<1e-4),Detected in shallow,0.6931472,-3.3010213,0.9736842,75.0,0.00014426623,0.87009066,0.00016667676,0.0009350449,-0.10143598507128541,-0.10258281702473383,0.22430635553549305,0.8767413385077348,-0.16483174580622464,-0.1255774030014391,0.35667295592370624,-0.02263565073119307,-0.014293873458637661,-2.1130814320688005e-05,-4.971818744832586,0.9263420440590998,-4.045476700773486,Random Forest
SRS2822136,3,155391,2000,0,0.0,1.0,0.0,-8.0,0.0,3.854989609297686e-09,3.78977936031385e-08,0.0,Reference zero,Shallow zero,0.0,-8.0,1.0,50.0,8.24251e-05,0.3897281,0.00037147367,0.003861107,-0.19911702284142024,-0.23584257362339517,-0.17873354975796227,-0.7024837908151105,-0.6566398790679648,-0.15228784023580916,-0.7105897219538626,-0.048315687673756144,-0.003917884676781033,-1.058577798696744e-05,-4.971818744832586,-2.8879385364240493,-7.859757281256635,Random Forest
SRS2821844,3,213034,2000,0,0.0,1.0,0.0,-8.0,0.0,6.396800401778325e-05,1.7133862886950664e-05,0.0,Reference zero,Shallow zero,0.0,-8.0,1.0,102.0,0.002059268,0.7915408,0.021408608,0.27548972,-0.1439970202903497,-0.16990584324069194,-0.1137375820620848,-0.43668121577997054,0.5568863529632628,0.16230278583569727,0.8023509260021344,0.006709132106288301,0.09927112237222928,-1.6130680404843358e-05,-4.971818744832586,0.7631825272261101,-4.208636217606475,Random Forest
SRS2822089,5,80933,2000,0,0.0,1.0,1.8849075452849035e-05,-4.724479601925729,0.0,9.35357160076146e-07,6.049165050756872e-07,0.0,Very rare (<1e-4),Shallow zero,0.0,-8.0,1.0,113.0,8.703334e-05,0.5347432,0.00016003146,0.0009555507,-0.160247436180843,-0.18864369924616856,-0.1311366046198926,-0.5358017945403825,0.4422772903577859,-0.1977527555602881,-0.3316524081694133,0.042049920977057106,-0.004757074475898549,-9.217698755021433e-06,-4.971818744832586,-1.0656737791567983,-6.037492523989384,Random Forest
SRS2822019,1,168466,2000,6,0.003,0.0,0.002684001637050644,-2.5712156055313895,0.003,0.0024241443318108514,0.0024609192921902375,0.0,Common (1e-3 to 1e-2),Detected in shallow,1.9459101,-2.5228772,0.3908046,86.0,0.0024476515,0.978852,0.002728051,0.026829133,0.22174988771512097,0.23965732841771795,0.2521236125859303,0.9911713302792807,-0.09776110581489848,0.08792575146592287,0.6246454171639941,0.016086679677685928,0.003298059872652841,-0.00013326032124710537,-4.971818744832586,2.3387637010421596,-2.633055043790426,Random Forest
SRS2821932,4,18877,2000,1,0.0005,0.0,0.0009905249782384664,-3.004130183843015,0.0005,0.000790731137509517,0.0006575208555770621,0.0,Rare (1e-4 to 1e-3),Detected in shallow,0.6931472,-3.3010213,0.75490195,101.0,0.0005624123,0.70694864,0.00076510006,0.0034255204,-0.0324593535041527,-0.028337862184152827,0.23437872199981122,0.9315919911759265,0.2758441214337176,0.17245862874058845,0.18632956299438475,0.0862250980606421,0.02910456661105898,-2.009079874800053e-05,-4.971818744832586,1.8551153845290762,-3.1167033603035095,Random Forest
SRS2821881,3,218257,2000,0,0.0,1.0,0.0,-8.0,0.0,2.0573795384465855e-05,2.8219843921393047e-06,0.0,Reference zero,Shallow zero,0.0,-8.0,1.0,52.0,0.00019075951,0.73111784,0.00040588714,0.0050785127,-0.15925744956642846,-0.188664266834876,-0.12483821979572926,-0.48715497313067835,-0.23203567258914468,0.3740404869784512,0.8042388879551075,0.16250122331418146,0.1343635867836954,-9.5913571077154e-06,-4.971818744832586,0.28318401175747115,-4.688634733075115,Random Forest
SRS2821972,4,101428,2000,1,0.0005,0.0,0.00011203749521506532,-3.9505978475308323,0.0005,0.0002855880849030186,0.00029291471649319124,0.0,Rare (1e-4 to 1e-3),Detected in shallow,0.6931472,-3.3010213,0.89320385,102.0,0.00019477193,0.68277943,0.00034834622,0.0030910808,-0.07003386861306218,-0.06608150063774365,0.23748884953230553,0.9266223284875307,0.25306863247541594,-0.043492034836655064,0.14825305326883695,0.030697945267327418,-0.002610401304234565,-1.4804353282308122e-05,-4.971818744832586,1.4138981992864388,-3.557920545546147,Random Forest
SRS2822026,4,101509,2000,0,0.0,1.0,0.0,-8.0,0.0,1.7670334931804705e-08,1.9879036776820855e-08,0.0,Reference zero,Shallow zero,0.0,-8.0,1.0,62.0,0.00035061495,0.29305136,0.0015501347,0.015001633,-0.1999710867204884,-0.23804795351765587,-0.18310746799563868,-0.7154236039896578,-0.2889615506634551,-0.03494145790665157,-0.9053033501935088,-0.01189524768316279,-0.013083803926374897,-9.189215359944026e-06,-4.971818744832586,-2.5907447118119533,-7.562563456644539,Random Forest
SRS2821844,4,210905,2000,0,0.0,1.0,2.1806445985433298e-05,-4.661215996856264,0.0,8.530548049888344e-07,1.5116647221817716e-06,0.0,Very rare (<1e-4),Shallow zero,0.0,-8.0,1.0,96.0,0.00011278986,0.6163142,0.00036509807,0.0045757582,-0.16738094956003777,-0.19732351625984026,-0.13871392557123566,-0.5404695244227324,0.15379815787289278,-0.1757672924804586,0.014372206365431007,-0.019370017721792834,-0.03758559847408133,-9.196388654622066e-06,-4.971818744832586,-1.1084496566405098,-6.080268401473095,Random Forest
SRS2822298,1,210905,2000,0,0.0,1.0,0.00016506825572374176,-3.7823101286821674,0.0,1.5158315786759642e-06,1.736962555528975e-06,0.0,Rare (1e-4 to 1e-3),Shallow zero,0.0,-8.0,1.0,77.0,0.00011278986,0.6163142,0.00036509807,0.0045757582,-0.16795592233546774,-0.19889252328612314,-0.13980873155009996,-0.5441718840651099,0.04048462220286372,-0.007628309626134933,0.08705102921069889,0.028063290523834963,0.04475567908446664,-1.1589111329927136e-05,-4.971818744832586,-0.8581143389524014,-5.829933083784987,Random Forest
SRS2822068,4,42738,2000,16,0.008,0.0,0.005440485607736145,-2.264361535981792,0.008,0.00741684183412962,0.007613336589050972,0.0,Common (1e-3 to 1e-2),Detected in shallow,2.8332133,-2.0969095,0.19565217,91.0,0.004662587,0.9939577,0.0036316302,0.019835204,0.31353140690481446,0.39874214909338557,0.26108420948963307,1.0242455721162076,0.015620854730938114,0.06140225446367367,0.7637293898044512,-0.01386909583777563,0.0057026456876713635,-0.00013498048465036786,-4.971818744832586,2.830054405968349,-2.141764338864237,Random Forest
SRS2821892,5,18877,2000,5,0.0025,0.0,0.0023660887350114295,-2.62596713664133,0.0025,0.0019194949358516966,0.0018110275046629104,0.0,Common (1e-3 to 1e-2),Detected in shallow,1.7917595,-2.6020582,0.36607143,111.0,0.0005624123,0.70694864,0.00076510006,0.0034255204,0.18848650715641607,0.20901940104729844,0.25294101024471577,0.9845511223765272,0.3081919516275416,0.07292992783070679,0.1846066184783232,0.01620926106356239,0.026075249401653563,-2.8885632315366783e-05,-4.971818744832586,2.2429821635944296,-2.728836581238156,Random Forest
SRS2822111,3,233976,2000,0,0.0,1.0,0.0,-8.0,0.0,5.393099546481709e-07,3.4514199097802394e-07,0.0,Reference zero,Shallow zero,0.0,-8.0,1.0,66.0,0.0008927084,0.6465257,0.0014619017,0.00867638,-0.17864285724210408,-0.21051141278465518,-0.16025028834319408,-0.6193654006187843,-0.27248014349089117,0.08124865564865623,-0.0037848832400214157,0.021990671329067117,0.04304436569383594,-1.3547572841080158e-05,-4.971818744832586,-1.298764840620932,-6.270583585453518,Random Forest
SRS2821875,3,199426,2000,0,0.0,1.0,3.079149538897357e-05,-4.511428198323764,0.0,7.2822035741229316e-06,3.294685007787484e-06,0.0,Very rare (<1e-4),Shallow zero,0.0,-8.0,1.0,97.0,0.00017351868,0.5649547,0.000973457,0.013886641,-0.16494665436855832,-0.19336727243480667,-0.1348150168126935,-0.5131741295608753,0.447185206902986,0.07679924005514137,0.11348586329316085,0.07074957856582745,0.12224759806095584,-9.219150609399112e-06,-4.971818744832586,-0.17584480544947162,-5.147663550282057,Random Forest
SRS2822180,5,227739,2000,191,0.0955,0.0,0.10575092040116796,-0.975715802994852,0.0955,0.09658960058757239,0.11835237762161255,0.0,Dominant (>=1e-2),Detected in shallow,5.2574954,-1.0199965,0.028985508,68.0,0.11693039,1.0,0.1254584,0.49667376,0.7115414327850613,0.8345357873554186,0.29897789534400177,1.2137069038697275,-0.10739320568010212,0.07543919395247427,0.8880462825695877,0.012959450133758528,0.0227286193524212,-0.0002662925316975802,-4.971818744832586,3.9502760671506514,-1.0215426776819343,Random Forest
SRS2821844,1,69371,2000,0,0.0,1.0,0.0001526451218980331,-3.816288619634331,0.0,7.690502837634845e-06,1.1469479692274102e-05,0.0,Rare (1e-4 to 1e-3),Shallow zero,0.0,-8.0,1.0,94.0,0.0002562871,0.755287,0.00035658153,0.0022500139,-0.15101833426469125,-0.17728149324763165,-0.12454221165427108,-0.4925602726388704,0.18456846899742047,0.0016954166261812585,0.6368637382067956,0.010814017561697132,-0.04542260019790333,-9.390056237800595e-06,-4.971818744832586,-0.15689266066751106,-5.128711405500097,Random Forest
SRS2821925,5,241510,2000,0,0.0,1.0,0.0,-8.0,0.0,7.810577362220122e-11,2.567979246283707e-09,0.0,Reference zero,Shallow zero,0.0,-8.0,1.0,45.0,0.00025788226,0.17824773,0.0022861804,0.027520208,-0.2071715251057529,-0.2467671733099649,-0.1921024481146082,-0.7482534424387818,-0.5088572606705482,-0.014902239664240915,-1.08827878908254,-0.010243351000849056,-0.00818332575602076,-1.177541200557352e-05,-4.971818744832586,-3.024771330555312,-7.996590075387898,Random Forest
SRS2822120,3,80933,2000,0,0.0,1.0,1.1008487543896345e-05,-4.957878014959672,0.0,3.7237305534305345e-08,7.763608319632821e-08,0.0,Very rare (<1e-4),Shallow zero,0.0,-8.0,1.0,103.0,8.703334e-05,0.5347432,0.00016003146,0.0009555507,-0.17546962162635116,-0.20784415875397144,-0.15706466731202945,-0.6189824766010836,-0.16922972029274283,-0.403511622206829,-0.5496657207100538,-0.015026632999061032,-0.06670448675807422,-8.96423592508033e-06,-4.971818744832586,-2.3635080714961223,-7.335326816328708,Random Forest
SRS2821824,3,146247,2000,0,0.0,1.0,7.715520197517317e-05,-4.112578502736796,0.0,9.502177197046585e-08,1.7604167268062958e-07,0.0,Very rare (<1e-4),Shallow zero,0.0,-8.0,1.0,109.0,0.000114673334,0.2326284,0.0012743383,0.017979877,-0.18959184266179474,-0.22259979788055975,-0.1639309582752587,-0.6399335048376169,0.3836314208793899,-0.03938349052372219,-1.116111205684324,-0.033188638217924366,0.005410999915763166,-9.392314786790222e-06,-4.971818744832586,-2.015706409600835,-6.9875251544334205,Random Forest
SRS2822023,2,150579,2000,8,0.004,0.0,0.004207075139812714,-2.376018698970238,0.004,0.003350019104474547,0.0036283043436017965,0.0,Common (1e-3 to 1e-2),Detected in shallow,2.1972246,-2.397939,0.3939394,65.0,0.03472924,1.0,0.06538418,0.4151791,0.20510030119547532,0.2861794439871286,0.23924868268293276,0.9301146933120069,-0.11763097652382833,0.07533950609805987,0.8765298752141635,-0.005489670108842036,-0.004498338859776529,-0.0003711013646374206,-4.971818744832586,2.4845224156326826,-2.487296329199903,Random Forest
SRS2822149,4,241327,2000,0,0.0,1.0,0.00014154589897978073,-3.8490720278108057,0.0,6.62454233381395e-05,4.7834196718872836e-05,0.0,Rare (1e-4 to 1e-3),Shallow zero,0.0,-8.0,1.0,96.0,0.00018687687,0.5558912,0.00027481955,0.001330833,-0.149384154236808,-0.1741100147993022,-0.12343803276368982,-0.48073893836928655,0.7189277501658389,0.2731147076300832,0.23742397151414846,0.37872796442033463,0.10659385006491415,-9.229852138821615e-06,-4.971818744832586,0.7871078737740941,-4.184710871058492,Random Forest
SRS2822120,3,264947,2000,14,0.007,0.0,0.0057574389854577876,-2.239769901463138,0.007,0.0066563427213361896,0.006559540956351954,0.0,Common (1e-3 to 1e-2),Detected in shallow,2.7080503,-2.1549013,0.25,103.0,0.0022047001,0.8429003,0.007056937,0.059745472,0.3385212317272753,0.43030319774984527,0.29174057230054795,1.1663869405200449,0.1514847283801992,0.03382138765726786,0.35196519728657555,-0.006582110071305712,0.02521038862881763,-2.62923950702054e-05,-4.971818744832586,2.782825241784198,-2.188993503048388,Random Forest
SRS2821987,4,55552,2000,0,0.0,1.0,6.965620791604103e-05,-4.156977828419918,0.0,2.7716143977106224e-06,2.27570159128686e-06,0.0,Very rare (<1e-4),Shallow zero,0.0,-8.0,1.0,82.0,0.00048866007,0.6918429,0.0006489186,0.0034648909,-0.16342724930584054,-0.19324075081357198,-0.1464274432311934,-0.5559331940393146,-0.08044574111186492,0.1370036229694187,0.3101074445603035,0.058578976163715234,0.04253993006451834,-1.5423000865504565e-05,-4.971818744832586,-0.5912598277446952,-5.563078572577281,Random Forest
SRS2821860,3,241754,2000,0,0.0,1.0,0.0,-8.0,0.0,1.1381167681951916e-07,2.3636315412368996e-07,0.0,Reference zero,Shallow zero,0.0,-8.0,1.0,93.0,0.00022895166,0.4833837,0.0013338621,0.016593887,-0.18131922298520628,-0.21489732496484448,-0.15948627797684134,-0.6170586126579479,0.07743013987979612,-0.09433991939391168,-0.4856939560903489,-0.22410557510671636,-0.045343844722323536,-9.915452978495065e-06,-4.971818744832586,-1.9448245094713228,-6.916643254303908,Random Forest
SRS2822129,4,133193,2000,1,0.0005,0.0,0.001369997064292005,-2.8632771934456906,0.0005,0.0002302051769938088,0.0002450164432731947,0.0,Common (1e-3 to 1e-2),Detected in shallow,0.6931472,-3.3010213,0.93043476,114.0,0.00015176572,0.3776435,0.0005627595,0.0052007437,-0.050998427356925446,-0.04681247996840615,0.2907248799938155,1.1262191038363223,0.3352201648209653,-0.06870889421799722,-0.26886982742898474,0.005716823878417561,0.0032837127125154002,-1.5974962524418726e-05,-4.971818744832586,1.3257590813071982,-3.6460596635253877,Random Forest
SRS2822149,3,34262,2000,1,0.0005,0.0,8.710516860294199e-05,-4.059906218505557,0.0005,0.00041739761542030674,0.00042854215239693846,0.0,Very rare (<1e-4),Detected in shallow,0.6931472,-3.3010213,0.7395833,95.0,0.000748398,0.93957704,0.0009992564,0.014535054,-0.08420750892305637,-0.0841069321954832,0.20265607043742917,0.7820077477488873,0.0608081516700555,0.1373652128488412,0.5712236084816431,-0.02131011258443935,0.02152527766181345,-2.1975498080815476e-05,-4.971818744832586,1.58593953964761,-3.3858792051849758,Random Forest
SRS2821969,5,254096,2000,0,0.0,1.0,7.126737142178407e-05,-4.1470483246567005,0.0,7.149949923343109e-06,9.894409298468841e-06,0.0,Very rare (<1e-4),Shallow zero,0.0,-8.0,1.0,77.0,0.00011319857,0.7824773,0.00015489296,0.0012609025,-0.15066266002245582,-0.17799097907473518,-0.11927294519780568,-0.4766832097821942,0.029432043562245654,-0.057729179961452576,0.7817434881499477,0.020093845929419995,-0.028798627485052603,-1.161536252297244e-05,-4.971818744832586,-0.1798798392446058,-5.151698584077192,Random Forest
SRS2822218,4,103181,2000,60,0.03,0.0,0.028463400216375386,-1.5457130680806734,0.03,0.028367053937665934,0.03275639684423336,0.0,Dominant (>=1e-2),Detected in shallow,4.1108737,-1.5228786,0.14754099,60.0,0.07624534,1.0,0.045433253,0.20324115,0.5432615010754623,0.6507455000807791,0.30626842227753776,1.2021294174035113,-0.11967528538736702,-0.0021863557449852996,0.8345940175287727,-0.00663576434824627,0.008200539629200056,-0.00023161291050497032,-4.971818744832586,3.4164703796041596,-1.5553483652284261,Random Forest
SRS2821932,2,249900,2000,1,0.0005,0.0,0.0004702492320930093,-3.3276626696580864,0.0005,0.00044419862171918674,0.000391595426366902,0.0,Rare (1e-4 to 1e-3),Detected in shallow,0.6931472,-3.3010213,0.7592593,107.0,0.0007808646,0.94864047,0.0021385648,0.02629283,-0.09100489569007114,-0.09219491781394543,0.1933082348854511,0.7552246082729157,0.2040079199684478,0.14713571431250083,0.5487684962982997,-0.04243660410026874,-0.012918241518315606,-2.2653144458639425e-05,-4.971818744832586,1.6098676614705556,-3.36195108336203,Random Forest
SRS2822269,5,69372,2000,0,0.0,1.0,0.0,-8.0,0.0,7.975133657285597e-09,1.0890326057280469e-08,0.0,Reference zero,Shallow zero,0.0,-8.0,1.0,70.0,0.00032684265,0.12084592,0.0055400487,0.10076672,-0.20263423421701138,-0.24192093424897237,-0.1902416645555513,-0.7413896358545476,-0.09334115813402878,-0.045357439691705,-1.2184722985321117,-0.02884747794471833,-0.01759760833938864,-1.3014917140736299e-05,-4.971818744832586,-2.779815466435176,-7.751634211267762,Random Forest
SRS2822298,4,157587,2000,7,0.0035,0.0,0.002178900975553391,-2.6617605134966245,0.0035,0.0027556741778338237,0.0025200639827101866,0.0,Common (1e-3 to 1e-2),Detected in shallow,2.0794415,-2.4559307,0.37179488,77.0,0.00065411127,0.8036254,0.001915937,0.02106427,0.25439267797107445,0.34404325974431127,0.3164220496204956,1.2171106303719301,0.009579087949989396,0.008050597558534179,0.2709558108365879,-0.017524830757508332,-0.005264983558381254,-2.866075557291508e-05,-4.971818744832586,2.39773563898146,-2.5740831058511255,Random Forest
SRS2821928,5,246206,2000,1,0.0005,0.0,0.0001603412060865522,-3.7949277691638885,0.0005,0.00022449503159395988,0.00018699361849440203,0.0,Rare (1e-4 to 1e-3),Detected in shallow,0.6931472,-3.3010213,0.96330273,108.0,0.00010897582,0.40785497,0.0003131337,0.0027118293,-0.04072837231055802,-0.03443767882956569,0.29508051074488967,1.1456406411781248,0.23270627520160778,-0.09567766392525037,-0.16830054984639994,0.0013012676088874269,-0.023596728451531157,-1.49316145460353e-05,-4.971818744832586,1.3119727697556582,-3.6598459750769274,Random Forest
SRS2822116,2,242853,2000,0,0.0,1.0,0.0,-8.0,0.0,1.0828326850239798e-06,1.3278718948329562e-06,0.0,Reference zero,Shallow zero,0.0,-8.0,1.0,70.0,0.00030124138,0.70090634,0.000494946,0.0050763567,-0.16550753088294423,-0.19545052380741892,-0.1399711014064348,-0.5413488214503006,-0.19116151305968856,-0.05215947250676407,0.3524212129451062,-0.05528394923554659,-0.014209634992601704,-1.04868210478846e-05,-4.971818744832586,-1.0026818212176412,-5.974500566050227,Random Forest
SRS2822133,3,219738,2000,1,0.0005,0.0,0.0010349479753830233,-2.98507728443875,0.0005,0.0001570535443908656,0.00019520001823285452,0.0,Common (1e-3 to 1e-2),Detected in shallow,0.6931472,-3.3010213,0.86915886,106.0,0.00020342889,0.6797583,0.00060650357,0.005251475,-0.10055033657751689,-0.09955519630985939,0.23945829203288832,0.9191242224799588,0.237431423854668,-0.09110979212249376,0.11515137004645169,-0.05034380880040047,-0.017098356808840382,-1.4578365013175366e-05,-4.971818744832586,1.152493239429843,-3.819325505402743,Random Forest
SRS2822077,4,66728,2000,0,0.0,1.0,0.0,-8.0,0.0,1.422885139156737e-07,2.6582449226063677e-07,0.0,Reference zero,Shallow zero,0.0,-8.0,1.0,58.0,0.00038362664,0.6978852,0.00076735264,0.0055927797,-0.17844064705104495,-0.21064357061342073,-0.15028624251041806,-0.5922897825604951,-0.6971084646424387,-0.11957877171439922,0.1758747334944514,-0.015058628463240168,-0.060594017905175435,-1.1260145115635268e-05,-4.971818744832586,-1.8481366521112967,-6.819955396943882,Random Forest
SRS2821931,1,125856,2000,0,0.0,1.0,3.440505066143711e-05,-4.463251586796972,0.0,2.8416763011872398e-06,2.2260394487965425e-06,0.0,Very rare (<1e-4),Shallow zero,0.0,-8.0,1.0,94.0,9.291529e-05,0.48036253,0.00019109515,0.0019680331,-0.16628555228484565,-0.19348561278848214,-0.14303219292424083,-0.5543640678578302,0.392709589248418,-0.005306706361560277,-0.09997291947103618,0.1779285754323845,0.005218113047136471,-9.396077968657427e-06,-4.971818744832586,-0.5866001700380251,-5.558418914870611,Random Forest
SRS2821970,2,254595,2000,0,0.0,1.0,0.0001733486136926144,-3.7610545746234894,0.0,8.860060801894947e-06,1.2090916698312165e-05,0.0,Rare (1e-4 to 1e-3),Shallow zero,0.0,-8.0,1.0,109.0,0.00016204137,0.6767372,0.00091449963,0.011823002,-0.15362776187233987,-0.1829019453744756,-0.1228620995344637,-0.4689828293621074,0.5965470399192087,-0.03433511506729249,0.34688109981133763,-0.03551199506946912,-0.03560173005801002,-9.117574938022336e-06,-4.971818744832586,-0.09040445418254978,-5.062223199015135,Random Forest
SRS2821901,2,32169,2000,1,0.0005,0.0,0.0008506364400352553,-3.070250911181719,0.0005,0.00019597196587658498,0.00035187519764532646,0.0,Rare (1e-4 to 1e-3),Detected in shallow,0.6931472,-3.3010213,0.6626506,82.0,0.0033968086,0.6797583,0.0050051105,0.03388699,-0.05484163477500979,-0.04201820254371113,0.3037231972985977,1.152394604413933,-0.07212564285979157,0.07387876645558183,-0.0031715037403005305,-0.06394633394399231,-0.04329370541550057,-5.68777924222551e-05,-4.971818744832586,1.2505426670973845,-3.721276077735201,Random Forest
SRS2822185,5,39556,2000,4,0.002,0.0,0.00591988175318995,-2.2276862343956765,0.002,0.0017535530059723857,0.0018216391869343722,0.0,Common (1e-3 to 1e-2),Detected in shallow,1.609438,-2.698968,0.4,119.0,0.0026504907,0.9697885,0.0033855517,0.025856571,0.12615271248629517,0.1323690644583584,0.20804325004477145,0.818522700674399,0.24726512384500873,0.07369842107601722,0.6038173018010243,0.01535185589412271,-0.018661250618670806,-4.9972917526542945e-05,-4.971818744832586,2.206509206743799,-2.7653095380887867,Random Forest
SRS2822280,3,130514,2000,0,0.0,1.0,0.0,-8.0,0.0,1.228676502915756e-07,8.404825804136284e-08,0.0,Reference zero,Shallow zero,0.0,-8.0,1.0,98.0,0.00012302898,0.24773414,0.00071613037,0.009275413,-0.18913305611769396,-0.22300065428398433,-0.17159631250913734,-0.660018331572597,0.271943982225942,0.0099499040752488,-0.9799710282825034,0.01899330713596298,0.005813473211478697,-9.134967605053188e-06,-4.971818744832586,-1.9170278510848884,-6.8888465959174745,Random Forest
SRS2821987,1,34262,2000,0,0.0,1.0,0.0007429995511044376,-3.129005603513593,0.0,3.4629578541979426e-06,1.8908791807996404e-05,0.0,Rare (1e-4 to 1e-3),Shallow zero,0.0,-8.0,1.0,81.0,0.000748398,0.93957704,0.0009992564,0.014535054,-0.1525180240591366,-0.17946541694171586,-0.1256996039761957,-0.4993058527186702,-0.4615278570253959,-0.060725564865098926,1.0983754511011208,-0.06494590350019509,-0.05291696961617173,-1.6304385587364723e-05,-4.971818744832586,-0.4987460459870466,-5.470564790819632,Random Forest
SRS2822080,1,5378,2000,0,0.0,1.0,0.0,-8.0,0.0,1.3184820092844398e-06,1.5887366123119728e-06,0.0,Reference zero,Shallow zero,0.0,-8.0,1.0,88.0,0.00010390619,0.6223565,0.00026650736,0.0020611393,-0.166028375710289,-0.19618684288163546,-0.14061186425750571,-0.5523895426744492,0.007008076897221861,-0.11945375696527946,0.16524128643131372,0.05127953864534114,0.03397068983256109,-9.596410429501779e-06,-4.971818744832586,-0.9171803870931504,-5.888999131925736,Random Forest
SRS2821919,3,230845,2000,2,0.001,0.0,0.0012638504155124655,-2.8983008881739987,0.001,0.000612433680257547,0.0005860454719728402,0.0,Common (1e-3 to 1e-2),Detected in shallow,1.0986123,-2.9999957,0.6666667,86.0,0.0005024055,0.92749244,0.0006673251,0.009153292,0.023735150375900828,0.02622903926437805,0.22474722541023717,0.8787745944338053,-0.02482076715000327,0.06741502164709719,0.5173577866348024,0.018326134327622114,0.00634097352032033,-2.9279635742638423e-05,-4.971818744832586,1.7380758788284176,-3.2337428660041683,Random Forest
SRS2821987,2,32169,2000,0,0.0,1.0,0.00012383325851740627,-3.9071276295171984,0.0,7.569330165452739e-07,4.179896906325017e-07,0.0,Rare (1e-4 to 1e-3),Shallow zero,0.0,-8.0,1.0,80.0,0.0033968086,0.6797583,0.0050051105,0.03388699,-0.17359504819094998,-0.20593263039915333,-0.15271226407404065,-0.5887423850719851,-0.0029902050070749644,-0.0679672323031064,0.10598716886341891,-0.05401641436981533,-0.021336353314919954,-2.7431834770831912e-05,-4.971818744832586,-1.1613327957023978,-6.133151540534984,Random Forest
SRS2822268,3,170659,2000,3,0.0015,0.0,0.0010621496060810377,-2.9738102188175417,0.0015,0.0009168286991038725,0.001059593929526591,0.0,Common (1e-3 to 1e-2),Detected in shallow,1.3862944,-2.823906,0.5131579,75.0,0.0006393987,0.7945619,0.0008578754,0.004933903,0.14601808369405533,0.157750846715559,0.290035567074081,1.1089894262140942,-0.10313503993599421,0.0375911868823881,0.26608048083573504,0.009925546125181558,0.005874463418244397,-4.26335792758517e-05,-4.971818744832586,1.9190879274440686,-3.0527308173885173,Random Forest
SRS2822026,1,192138,2000,0,0.0,1.0,0.0,-8.0,0.0,1.5892385776045705e-10,4.7257093958998754e-09,0.0,Reference zero,Shallow zero,0.0,-8.0,1.0,57.0,9.820939e-05,0.21450152,0.0008801074,0.014593427,-0.2060929154649233,-0.24505096972152832,-0.18961833624665178,-0.73757791653452,-0.4048942835796177,-0.07557357725097937,-1.1312550833136916,-0.008956291394221232,-0.022349278893563168,-9.231912070067023e-06,-4.971818744832586,-3.0213778843117662,-7.993196629144352,Random Forest
SRS2821946,1,76593,2000,0,0.0,1.0,0.0,-8.0,0.0,1.166623079265913e-10,3.3762980673975487e-09,0.0,Reference zero,Shallow zero,0.0,-8.0,1.0,49.0,0.00017646246,0.18126889,0.0012488235,0.012532322,-0.2077278704474571,-0.2461861128831583,-0.18660332204463861,-0.7328429934076722,-0.4537497094174518,-0.033842291484560576,-1.1336215597490211,-0.010796230324007677,-0.017795798387311712,-9.582070758568198e-06,-4.971818744832586,-3.023175470216038,-7.9949942150486235,Random Forest
SRS2822153,1,220566,2000,1,0.0005,0.0,8.195461763048711e-05,-4.086373582787318,0.0005,0.00031092534551453976,0.0002933310861039979,0.0,Very rare (<1e-4),Detected in shallow,0.6931472,-3.3010213,0.9099099,110.0,0.00017675002,0.64350456,0.00046187083,0.0040513957,-0.0763198810668785,-0.0799573830941848,0.23268788759923856,0.8908030895567156,0.35886610998348684,-0.006078580534920343,0.0950720017935547,0.01870709141689608,0.014816181917373734,-1.4908648246869737e-05,-4.971818744832586,1.4485816089230352,-3.5232371359095502,Random Forest
SRS2822153,5,39261,2000,0,0.0,1.0,1.024432720381089e-05,-4.989092828836098,0.0,2.2151263553463647e-06,3.846219194697583e-06,0.0,Very rare (<1e-4),Shallow zero,0.0,-8.0,1.0,108.0,0.00059366494,0.81570995,0.00085873617,0.004203242,-0.15156100081235044,-0.18164544127348384,-0.1258764994220359,-0.48965405575544535,0.12320270393626435,-0.03582127344978381,0.5107332611792073,-0.23729855896245855,-0.110805027460855,-1.2380812009751824e-05,-4.971818744832586,-0.6987382728329509,-5.670557017665536,Random Forest
SRS2822136,2,249900,2000,0,0.0,1.0,5.053721054812658e-05,-4.296302805987566,0.0,0.00011465920620227042,6.88556960035707e-05,0.0,Very rare (<1e-4),Shallow zero,0.0,-8.0,1.0,57.0,0.0007808646,0.94864047,0.0021385648,0.02629283,-0.13988349354328228,-0.16349921249315508,-0.1029163261373362,-0.40013801995816334,-0.12386806785638192,0.23699692734848832,1.6085004968878813,0.0606066914225011,0.04546538420487476,-1.454316338660351e-05,-4.971818744832586,1.0212498367120402,-3.9505689081205455,Random Forest
SRS2822068,4,21519,2000,16,0.008,0.0,0.007159808210774422,-2.145098004376475,0.008,0.007350842116552303,0.007094620034080694,0.0,Common (1e-3 to 1e-2),Detected in shallow,2.8332133,-2.0969095,0.20652173,91.0,0.0037110457,0.9909366,0.0037973842,0.04273304,0.33227458285573436,0.42399782399241154,0.2900910404143331,1.1726417380246748,-0.04389953633247645,0.03306705424953139,0.6714772473437438,-0.03425451967763327,-0.01913553967426877,-8.740255214420927e-05,-4.971818744832586,2.8261724886439064,-2.1456462561886793,Random Forest
SRS2822023,4,77276,2000,0,0.0,1.0,0.0,-8.0,0.0,1.2441254888482095e-08,1.120630965378267e-08,0.0,Reference zero,Shallow zero,0.0,-8.0,1.0,76.0,0.0002371714,0.1450151,0.0017030517,0.0159834,-0.20126487039977034,-0.2406476441317865,-0.18616539369568436,-0.7317907851526669,-0.0664278658435523,-0.025087597001696712,-1.175600117709802,-0.026820764397261127,-0.029050596681265237,-1.1990454936687506e-05,-4.971818744832586,-2.682867625468422,-7.6546863703010075,Random Forest
SRS2821901,2,254595,2000,1,0.0005,0.0,3.0745895422961036e-05,-4.5120716244656265,0.0005,0.0001572984162611478,0.00014582188638256232,0.0,Very rare (<1e-4),Detected in shallow,0.6931472,-3.3010213,0.92771083,82.0,0.00016204137,0.6767372,0.00091449963,0.011823002,-0.08660747442647461,-0.08420719032188002,0.2791620040524672,1.0707849870372135,0.0069424669167323675,-0.09428068007505831,0.10332410063824336,-0.027122562596760755,-0.012896746866625407,-2.021634609253916e-05,-4.971818744832586,1.1550786880117647,-3.816740056820821,Random Forest
SRS2821870,2,124068,2000,7,0.0035,0.0,0.002004655105143488,-2.6979581692463994,0.0035,0.002920220197383176,0.0026725272524664996,0.0,Common (1e-3 to 1e-2),Detected in shallow,2.0794415,-2.4559307,0.41237113,96.0,0.00014218914,0.5498489,0.0007593415,0.011551025,0.3062854757390334,0.3972770974885466,0.34901292199140055,1.3494220219582713,0.1254501724841159,-0.0250772048331874,-0.04987723335667994,-0.014270373143859046,-0.00809870560894435,-1.4009079777976933e-05,-4.971818744832586,2.430110163638919,-2.541708581193667,Random Forest
SRS2822023,1,26279,2000,0,0.0,1.0,2.1760733481789898e-05,-4.66212693881707,0.0,8.84623452279223e-06,4.251638449339605e-06,0.0,Very rare (<1e-4),Shallow zero,0.0,-8.0,1.0,78.0,0.000125958,0.73413897,0.00025362414,0.0020910723,-0.15586141726217995,-0.18247412375144675,-0.12544783008354368,-0.47617690416723046,0.10225357468618103,0.03756774221782329,0.5684597240743418,0.042420641135291585,0.09657881300608416,-1.1247827005079795e-05,-4.971818744832586,-0.09269102797168413,-5.06450977280427,Random Forest
SRS2822220,5,264947,2000,0,0.0,1.0,3.157662067005589e-05,-4.500496835090488,0.0,1.575107765479281e-07,9.333299813288089e-07,0.0,Very rare (<1e-4),Shallow zero,0.0,-8.0,1.0,56.0,0.0022047001,0.8429003,0.007056937,0.059745472,-0.17291692414086846,-0.2042627977739652,-0.15045721801139758,-0.5827318787529367,-0.7632746789177696,-0.2719828946992588,0.3591434299181984,-0.05385879836684232,0.024511100060231137,-2.5720799928888124e-05,-4.971818744832586,-1.8158563814845377,-6.787675126317123,Random Forest
SRS2822243,4,83909,2000,0,0.0,1.0,0.0,-8.0,0.0,7.437426975836395e-07,1.217836565378797e-06,0.0,Reference zero,Shallow zero,0.0,-8.0,1.0,78.0,0.0002642183,0.62537766,0.000567219,0.0059502665,-0.16956984061230373,-0.20068149917818928,-0.1495723361180762,-0.5811378712113046,-0.03512442060932866,-0.06591538721403796,0.07978604058601074,-0.020750515233702676,-0.018705493168502924,-1.1216636496425684e-05,-4.971818744832586,-1.1616825393959316,-6.133501284228517,Random Forest
SRS2821970,2,184673,2000,0,0.0,1.0,0.0,-8.0,0.0,1.295169365269237e-08,2.080058573600834e-08,0.0,Reference zero,Shallow zero,0.0,-8.0,1.0,109.0,0.00011717566,0.1389728,0.0008720867,0.011156369,-0.1976799343092975,-0.2337431419942383,-0.1819986952557613,-0.7050686947305412,0.24732431644255123,-0.07566332958146543,-1.4211671199148177,-0.06701656069023725,-0.03804907684684558,-9.117638480099536e-06,-4.971818744832586,-2.6730713545191334,-7.644890099351719,Random Forest
SRS2822275,2,17010,2000,0,0.0,1.0,0.0,-8.0,0.0,4.31564823481015e-07,5.289778202342627e-07,0.0,Reference zero,Shallow zero,0.0,-8.0,1.0,63.0,9.520266e-05,0.63746226,0.00030573792,0.004209146,-0.17418227230211672,-0.20463333271061923,-0.14171747682656238,-0.5524080358663412,-0.2702995143114028,-0.16672574635924722,0.140372762282833,-0.04811233158329602,0.02330646391852215,-9.23059575205585e-06,-4.971818744832586,-1.3944087143539825,-6.366227459186568,Random Forest
SRS2822230,1,142355,2000,1,0.0005,0.0,0.0010540382841762504,-2.977139494369192,0.0005,0.001454875136650738,0.0012612108290694787,0.0,Common (1e-3 to 1e-2),Detected in shallow,0.6931472,-3.3010213,0.6603774,105.0,0.046057653,1.0,0.03787872,0.1573756,-0.07575573794838528,-0.08185995199059093,0.16869251113424938,0.6631581758770713,0.19581956027852834,0.22475018847871067,1.0309627120171871,-0.022929066613682342,0.016671389645737125,-0.0003594455164653723,-4.971818744832586,2.11915033536236,-2.8526684094702257,Random Forest
SRS2822256,2,88503,2000,1,0.0005,0.0,3.962383770076078e-05,-4.401933873374389,0.0005,0.00026898342477397363,0.0003078441306182662,0.0,Very rare (<1e-4),Detected in shallow,0.6931472,-3.3010213,0.85365856,81.0,0.00044400847,0.776435,0.0010493724,0.009021864,-0.05392648434200727,-0.05501966432604226,0.2687124568527535,1.0701176832944121,-0.07189942451757134,0.04708008904938656,0.2265200061962354,-0.031810978832266586,-0.0011800178383538276,-5.385989488648297e-05,-4.971818744832586,1.39853980564166,-3.5732789391909257,Random Forest
SRS2821816,3,88503,2000,1,0.0005,0.0,0.00017993209519190148,-3.744867227032422,0.0005,0.00022039093171658826,0.00019018451998415147,0.0,Rare (1e-4 to 1e-3),Detected in shallow,0.6931472,-3.3010213,0.82608694,91.0,0.00044400847,0.776435,0.0010493724,0.009021864,-0.05642623374386019,-0.053077668171788064,0.2810680749782043,1.1045971758735755,-0.059032601911161255,0.020139680168810525,0.1620270275859757,-0.07330687404452746,-0.028318110722535792,-1.9055223579178635e-05,-4.971818744832586,1.2976514147891138,-3.674167330043472,Random Forest
SRS2821871,2,230879,2000,2,0.001,0.0,0.0006971193610133044,-3.1566866256876307,0.001,0.0008289550304663178,0.0008144093969911882,0.0,Rare (1e-4 to 1e-3),Detected in shallow,1.0986123,-2.9999957,0.627451,101.0,0.0015856185,0.8126888,0.0057585547,0.060026452,0.02584810899155209,0.03198371076079243,0.22047745969933816,0.8466479274484653,0.20800497865896997,0.12674177987926918,0.36116943845554084,0.017616485272320865,0.042031764782396286,-4.231133093187632e-05,-4.971818744832586,1.880479342617713,-3.0913394022148726,Random Forest
SRS2821916,3,168466,2000,4,0.002,0.0,0.003332589558845758,-2.4772168675070567,0.002,0.001788441003943441,0.001992627375113038,0.0,Common (1e-3 to 1e-2),Detected in shallow,1.609438,-2.698968,0.3846154,64.0,0.0024476515,0.978852,0.002728051,0.026829133,0.14325393543844545,0.1533764234919818,0.223031839006913,0.8733180204526169,-0.06518577016602957,0.09897420063859814,0.7429481990538925,0.037977432542085424,0.010041650179921657,-8.400365053016198e-05,-4.971818744832586,2.217651926987895,-2.7541668178446908,Random Forest
SRS2821928,2,249070,2000,0,0.0,1.0,1.6034120608655217e-05,-4.794684081951139,0.0,5.402887107582833e-08,4.623174205999863e-08,0.0,Very rare (<1e-4),Shallow zero,0.0,-8.0,1.0,106.0,0.00023544636,0.24169184,0.0010489682,0.011122386,-0.1905801665692284,-0.22630040729279627,-0.1805982267419844,-0.6909394812170142,0.29283369522136843,-0.0377543663082821,-1.1132366247299943,-0.05755324325973101,-0.027363256344298276,-9.260380128748304e-06,-4.971818744832586,-2.2315013376220896,-7.203320082454676,Random Forest
SRS2821972,1,112467,2000,0,0.0,1.0,2.800937380376633e-05,-4.552541574853518,0.0,3.183034646977433e-05,4.199901371691978e-05,0.0,Very rare (<1e-4),Shallow zero,0.0,-8.0,1.0,104.0,0.00029495728,0.7613293,0.00051007455,0.004944688,-0.14447780250563408,-0.17052599678896474,-0.1150348784245983,-0.4568750718887301,0.5137682194307155,0.06529932970130797,0.704240105013278,0.04769497225973598,0.02004367076804678,-8.974772329741033e-06,-4.971818744832586,0.46412357279282734,-4.5076951720397584,Random Forest
SRS2822298,1,174794,2000,29,0.0145,0.0,0.02180551658110629,-1.661433421097531,0.0145,0.014368375562951712,0.012909662310306037,0.0,Dominant (>=1e-2),Detected in shallow,3.4011974,-1.8386317,0.17948718,77.0,0.010415424,1.0,0.0056196577,0.027844705,0.4137468475857263,0.5080440113865583,0.2679519754652384,1.0556232271759352,-0.012120690401142152,0.060871959451390505,0.8395569294009669,-0.01157887096726971,-0.00619402705196941,-0.00020437445144901465,-4.971818744832586,3.1156969875939855,-1.8561217572386002,Random Forest
SRS2822298,3,45066,2000,0,0.0,1.0,3.3013651144748354e-05,-4.481174912164792,0.0,1.6839703753641418e-05,5.638679405683002e-06,0.0,Very rare (<1e-4),Shallow zero,0.0,-8.0,1.0,77.0,0.00025520584,0.70090634,0.00045217315,0.0025439027,-0.1522194073692257,-0.1811804487771682,-0.1273637758848265,-0.49912181177470427,0.26461586235273743,0.10992072871815166,0.576334577115804,0.12266937505367222,0.07140255588689322,-1.1627330689918009e-05,-4.971818744832586,0.18504602799064415,-4.786772716841941,Random Forest
SRS2822236,1,55552,2000,0,0.0,1.0,0.0,-8.0,0.0,6.683264816572867e-08,7.11305717825159e-08,0.0,Reference zero,Shallow zero,0.0,-8.0,1.0,61.0,0.00048866007,0.6918429,0.0006489186,0.0034648909,-0.1813019432588911,-0.21272525072218365,-0.1596642945457321,-0.6044938475918784,-0.7011328780831535,-0.05299380117957343,-0.05484866892020283,-0.10186068727611881,-0.07488504226463438,-1.296466693871645e-05,-4.971818744832586,-2.1439193785093074,-7.1157381233418935,Random Forest
SRS2822089,1,228316,2000,1,0.0005,0.0,0.0009236046971896027,-3.034509164908652,0.0005,0.0004583657532122073,0.0006652355478809489,0.0,Rare (1e-4 to 1e-3),Detected in shallow,0.6931472,-3.3010213,0.7777778,116.0,0.0015487785,0.9879154,0.0037244235,0.05982749,-0.10845927284539143,-0.11412150245322011,0.1665580824682334,0.6346950302892866,0.23439007945494625,0.14938105968043888,0.7065086104475745,-0.03455490246546604,-0.015101702341510074,-8.456507573490404e-05,-4.971818744832586,1.619210917159157,-3.3526078276734284,Random Forest
SRS2821972,5,73737,2000,0,0.0,1.0,0.00015871978488800922,-3.799341572307557,0.0,8.034295557016484e-05,5.556108636763294e-05,0.0,Rare (1e-4 to 1e-3),Shallow zero,0.0,-8.0,1.0,111.0,0.0006970792,0.7432024,0.0032176015,0.05353192,-0.14295457036555573,-0.16846029287697267,-0.11303850503906596,-0.4252024177934309,0.7808249550650292,0.17109282766101747,0.7110088462925598,0.004330361118650566,0.051915252775970935,-1.4357785812191567e-05,-4.971818744832586,0.8695020990523907,-4.102316645780195,Random Forest
SRS2822185,4,49837,2000,0,0.0,1.0,0.0,-8.0,0.0,4.135236656434343e-07,4.921616728402969e-07,0.0,Reference zero,Shallow zero,0.0,-8.0,1.0,110.0,0.00023508172,0.42900303,0.0012369187,0.012222509,-0.17266201121411875,-0.20389447199273178,-0.15154343830055647,-0.5812551342192155,0.5095700162013335,-0.05697802218551567,-0.49679558920101263,-0.20437389387394095,-0.05968210728516561,-9.388703439632497e-06,-4.971818744832586,-1.4176240407743634,-6.389442785606949,Random Forest
SRS2822063,3,176063,2000,1,0.0005,0.0,0.00038711562340223494,-3.4121480822746593,0.0005,0.00022397043006504072,0.00046348573619285307,0.0,Rare (1e-4 to 1e-3),Detected in shallow,0.6931472,-3.3010213,0.90123457,80.0,0.00018996943,0.50755286,0.0003739395,0.0021271715,-0.05593100220905439,-0.0463071494078466,0.2791469191636468,1.0966520351885005,0.029105789577628483,-0.05206277366823625,-0.05467519293193107,0.05299025259401943,0.06320843316606181,-1.989051664910381e-05,-4.971818744832586,1.3121074209561396,-3.6597113238764463,Random Forest
SRS2821890,4,112003,2000,0,0.0,1.0,4.1363335539377896e-05,-4.38327946465076,0.0,3.120005714845942e-05,2.9831498067650036e-05,0.0,Very rare (<1e-4),Shallow zero,0.0,-8.0,1.0,108.0,0.00033501314,0.70996976,0.0011605102,0.010552234,-0.1471856984901786,-0.1724518304896346,-0.114701975010842,-0.4486750314949855,0.6943952135880525,0.11147441418581353,0.626802863337874,-0.06176137928226739,-0.029430150739716568,-9.323095606833426e-06,-4.971818744832586,0.4584571025085085,-4.513361642324077,Random Forest
SRS2822025,4,57440,2000,0,0.0,1.0,4.845782957381339e-05,-4.3145464278782555,0.0,6.065431671359841e-05,7.515172204662353e-05,0.0,Very rare (<1e-4),Shallow zero,0.0,-8.0,1.0,72.0,0.0019832102,0.9848943,0.010929906,0.19425108,-0.1403532096723111,-0.16619896608383933,-0.11135572396867968,-0.4125929242528858,-0.34208896238096764,0.10694251274617594,1.7695567424532619,-0.007571685458434222,0.04691960354271062,-0.000179157359491998,-4.971818744832586,0.7430782295655386,-4.228740515267047,Random Forest
SRS2822230,4,149687,2000,0,0.0,1.0,3.7644224434866085e-05,-4.424186293146339,0.0,1.0544100761667768e-07,8.30171730065968e-08,0.0,Very rare (<1e-4),Shallow zero,0.0,-8.0,1.0,97.0,0.00020057724,0.29909366,0.0010210794,0.011921377,-0.1902032999393829,-0.2253034804592731,-0.17078566679638785,-0.6662029605520161,0.17365865631386287,0.0073186744499694235,-0.9020327589968977,-0.011265294202059153,0.003998284562148636,-9.45219601770107e-06,-4.971818744832586,-1.9808272978160535,-6.952646042648639,Random Forest
SRS2821932,5,118090,2000,159,0.0795,0.0,0.07894183917476262,-1.1026927046824664,0.0795,0.08416355476733169,0.08008653944412929,0.0,Dominant (>=1e-2),Detected in shallow,5.075174,-1.0996329,0.052083332,95.0,0.050860923,0.95770395,0.060766596,0.24860331,0.7570050334998428,0.8838583472861627,0.37038874615149525,1.4924517404840518,0.015035867529959212,-0.026126089076878578,0.4663129934232251,-0.05532822097689739,-0.02294211403255621,-1.6785997155895475e-05,-4.971818744832586,3.880639518291249,-1.0911792265413367,Random Forest
SRS2822153,2,71581,2000,0,0.0,1.0,0.0,-8.0,0.0,3.422758325091421e-07,3.3464700554806873e-07,0.0,Reference zero,Shallow zero,0.0,-8.0,1.0,102.0,9.82684e-05,0.34743202,0.00092708867,0.015995827,-0.1823824546335622,-0.21606667429015106,-0.15819492692979634,-0.6163627986712725,0.31253492057789667,0.00375337156766891,-0.7382535258789209,0.002325675538471749,0.09441363981449341,-8.963298463872051e-06,-4.971818744832586,-1.498241736203636,-6.470060481036222,Random Forest
SRS2821893,3,219738,2000,0,0.0,1.0,0.0,-8.0,0.0,3.2173146214803626e-06,2.2202780148931736e-06,0.0,Reference zero,Shallow zero,0.0,-8.0,1.0,78.0,0.00020342889,0.6797583,0.00060650357,0.005251475,-0.16387436695190258,-0.19432375223334752,-0.1381756974113356,-0.5298948949641259,0.08398296945812604,0.017213975346696626,0.29021603579022814,0.05071895740556116,0.05032782650382211,-1.1215969081508652e-05,-4.971818744832586,-0.5338201630253592,-5.505638907857945,Random Forest
SRS2821928,4,6794,2000,23,0.0115,0.0,0.011095611461189411,-1.9548483680956301,0.0115,0.011240307960790638,0.01153714471174186,0.0,Dominant (>=1e-2),Detected in shallow,3.1780539,-1.9393017,0.21359223,102.0,0.034348127,1.0,0.036106605,0.17611139,0.35230730334907057,0.43194087954724814,0.2359365051924696,0.9351179207953704,0.11869149391427936,0.07589528975848799,0.845621073642706,-0.002429683504189801,0.01465098127253985,-9.435663977871936e-05,-4.971818744832586,3.007637407328203,-1.9641813375043826,Random Forest
SRS2821894,3,33751,2000,1,0.0005,0.0,0.0007253384912959381,-3.1394532879342396,0.0005,0.000435522573836185,0.00021858104277384244,0.0,Rare (1e-4 to 1e-3),Detected in shallow,0.6931472,-3.3010213,0.71428573,69.0,0.0072486117,0.93353474,0.016732449,0.1843302,-0.0955099934093744,-0.08676532587364802,0.22418548961098445,0.8661783161799468,0.015100990288727339,0.14089532769550211,0.5289185077243194,-0.001080835138275792,0.01109023627289698,-7.644548206475207e-05,-4.971818744832586,1.602936267869014,-3.368882476963572,Random Forest
SRS2822279,1,258129,2000,0,0.0,1.0,2.797046319087044e-05,-4.553145100438399,0.0,1.5427653963640835e-07,1.0413560154293946e-07,0.0,Very rare (<1e-4),Shallow zero,0.0,-8.0,1.0,107.0,8.4494524e-05,0.244713,0.00040434382,0.004741035,-0.18564478433657616,-0.22210399466677705,-0.1673845522044397,-0.6525516266261795,0.4140496079395641,-0.03933197179866712,-0.9527884262236705,0.0008657998343740285,-0.019939315763535182,-8.948818340942095e-06,-4.971818744832586,-1.8248382126642482,-6.796656957496834,Random Forest
SRS2822026,2,197525,2000,1,0.0005,0.0,0.0005363316828364284,-3.270558449685464,0.0005,0.0006963796181969547,0.00042189681489863783,0.0,Rare (1e-4 to 1e-3),Detected in shallow,0.6931472,-3.3010213,0.6666667,65.0,0.014906369,0.9818731,0.015211866,0.06665643,-0.05284978976447143,-0.05129946550894612,0.23631842005406564,0.9290154892180839,-0.10482491912447701,0.1612176628782746,0.7049616923139504,-0.01609199307944941,0.0014686117227249347,-0.00015237117217050064,-4.971818744832586,1.807763337537585,-3.1640554072950007,Random Forest
SRS2822053,5,86908,2000,0,0.0,1.0,6.50584224633721e-05,-4.186629722292692,0.0,8.597427820246613e-06,1.394851150703613e-05,0.0,Very rare (<1e-4),Shallow zero,0.0,-8.0,1.0,64.0,0.00024435003,0.8549849,0.0004383499,0.0030002962,-0.1552856892918136,-0.18195938635197384,-0.11958866828409667,-0.46559681239560224,-0.19009255833102554,0.0045584146061659545,0.9578780980895046,0.0405910683248071,0.010788972367903597,-9.543209883729725e-06,-4.971818744832586,-0.09871610447601432,-5.0705348493086,Random Forest
SRS2821925,4,163285,2000,0,0.0,1.0,0.0,-8.0,0.0,1.9018337396941262e-08,6.342427468850535e-08,0.0,Reference zero,Shallow zero,0.0,-8.0,1.0,47.0,0.0021622526,0.80966765,0.0026104988,0.014257151,-0.18234657462681492,-0.21559820186686118,-0.16555114594262904,-0.6387458387779583,-1.055796935827454,-0.31767373894175244,0.17355591659848807,-0.06800471105932365,-0.09460649663495305,-1.6189951041432483e-05,-4.971818744832586,-2.5647839170303,-7.536602661862886,Random Forest
SRS2821932,4,214696,2000,0,0.0,1.0,0.0002701431758832181,-3.5683899225891587,0.0,9.130003853660906e-06,1.172768898963347e-05,0.0,Rare (1e-4 to 1e-3),Shallow zero,0.0,-8.0,1.0,101.0,0.000295661,0.71601206,0.0006027132,0.0039938614,-0.1520533112283911,-0.18001009502815504,-0.12564606781439144,-0.49696876432777753,0.37257334043219786,-0.007301938099177328,0.5486243069845985,-0.014370972801297453,-0.026793843507186603,-9.012935104208943e-06,-4.971818744832586,-0.08195635832468424,-5.05377510315727,Random Forest
SRS2822063,4,214696,2000,0,0.0,1.0,9.495288875903876e-05,-4.022446082669431,0.0,2.3589591447720792e-06,2.5127169897997484e-06,0.0,Very rare (<1e-4),Shallow zero,0.0,-8.0,1.0,81.0,0.000295661,0.71601206,0.0006027132,0.0039938614,-0.16456285528033407,-0.1955339207165093,-0.14191107232640196,-0.5451775325975958,-0.12261247284108492,0.05792316841259498,0.4379723198797358,0.00894130250298633,0.005649345062063763,-1.2008912645610585e-05,-4.971818744832586,-0.6593237268171909,-5.631142471649777,Random Forest
SRS2822262,1,49520,2000,0,0.0,1.0,0.0,-8.0,0.0,1.2115192509732932e-07,2.677986501171668e-07,0.0,Reference zero,Shallow zero,0.0,-8.0,1.0,68.0,0.00012724398,0.64350456,0.00029235132,0.002274282,-0.17911031381254322,-0.21265066567131427,-0.15533139726900108,-0.6041291744869128,-0.5979207765464336,-0.042662903120670656,-0.05383762026948396,-0.03775347764469568,-0.03253402446793442,-1.0017503909169026e-05,-4.971818744832586,-1.915940370792899,-6.887759115625485,Random Forest
SRS2821946,5,26524,2000,0,0.0,1.0,0.00018638556961501026,-3.7295644144853646,0.0,6.805596008983756e-08,1.402867939081727e-07,0.0,Rare (1e-4 to 1e-3),Shallow zero,0.0,-8.0,1.0,46.0,0.00033352117,0.48640484,0.0013181985,0.017430235,-0.19190241739749397,-0.22625426411401242,-0.17157741798559492,-0.6618331292338454,-0.5342325243013594,-0.011263985504092005,-0.34349009374853073,0.030514008957109387,-0.027991745803684766,-1.0693064463117516e-05,-4.971818744832586,-2.1380422621959676,-7.109861007028553,Random Forest
SRS2821968,5,24669,2000,3,0.0015,0.0,0.0025221753053532464,-2.598223008906483,0.0015,0.0012345440178962435,0.0009935863523342031,0.0,Common (1e-3 to 1e-2),Detected in shallow,1.3862944,-2.823906,0.7758621,57.0,0.00089099194,0.7703928,0.002511247,0.021901162,0.19933242763808764,0.21765258087074438,0.30886117777455163,1.240678723043896,-0.1929234032500359,0.07141933105867762,0.2124771799313077,-0.0032496274048140236,-0.007604304713694825,-4.0845325350036916e-05,-4.971818744832586,2.04660323962337,-2.9252155052092155,Random Forest
SRS2822236,2,234685,2000,0,0.0,1.0,0.0003547806695218064,-3.4500278100028696,0.0,0.000595339145077334,0.0003857208624092148,0.0,Rare (1e-4 to 1e-3),Shallow zero,0.0,-8.0,1.0,56.0,0.0061821607,0.9969789,0.004405163,0.02233354,-0.12782791464690257,-0.14978401273052158,-0.094942710341474,-0.3734254916830634,-0.1296319217816508,0.16269316520567573,2.370407942951045,0.03450170090623153,0.05607998522567027,-0.0010583406750051157,-4.971818744832586,1.747012402430005,-3.2248063424025806,Random Forest
SRS2821925,5,116634,2000,0,0.0,1.0,0.00015295977158007445,-3.815394381816409,0.0,9.69673956635179e-05,3.5728322260527956e-05,0.0,Rare (1e-4 to 1e-3),Shallow zero,0.0,-8.0,1.0,45.0,0.0017111934,0.8731118,0.005128117,0.04210608,-0.14765989410295666,-0.17374821675979502,-0.11459301107695306,-0.450784821811857,-0.21294627120268497,0.3530379406136184,1.2825387411734381,0.12574795397253186,0.3008982629804408,-1.8425166713289414e-05,-4.971818744832586,0.9624722586190693,-4.009346486213516,Random Forest
SRS2822111,4,233398,2000,7,0.0035,0.0,0.005569207756824617,-2.254205800832014,0.0035,0.004140823353019325,0.0031489661733316967,0.0,Common (1e-3 to 1e-2),Detected in shallow,2.0794415,-2.4559307,0.41791046,66.0,0.0032046454,0.9969789,0.002819524,0.01891308,0.25778955425400213,0.33468083867065207,0.3104423004764679,1.2299149621760161,-0.2295057442408097,0.05073406448018434,0.6867325899865515,-0.027594386145624067,-0.03424174025284123,-0.0001444373036612468,-4.971818744832586,2.578808002100937,-2.3930107427316485,Random Forest
SRS2821991,3,33751,2000,0,0.0,1.0,0.0001248931203105035,-3.903426712012522,0.0,4.3496147025771005e-06,1.0284970507379016e-05,0.0,Rare (1e-4 to 1e-3),Shallow zero,0.0,-8.0,1.0,80.0,0.0072486117,0.93353474,0.016732449,0.1843302,-0.1552227686369532,-0.18314928493127683,-0.12758457007940885,-0.4770188062652728,-0.23707483876601756,-0.07370893806422393,1.0224606894642323,-0.10175597717604704,-0.06706913849856669,-4.177804429508081e-05,-4.971818744832586,-0.40016541099782954,-5.3719841558304156,Random Forest
SRS2822243,1,250171,2000,6,0.003,0.0,0.002547792483157211,-2.593834243448092,0.003,0.002504746711197793,0.002448190944556338,0.0,Common (1e-3 to 1e-2),Detected in shallow,1.9459101,-2.5228772,0.46052632,75.0,0.0027770875,0.92749244,0.008362512,0.09246352,0.2703029666555152,0.2921687453075827,0.27571181026815117,1.076341244521504,-0.1116262612135919,0.04865088360333561,0.5168499969734552,-0.005086050366037405,-0.0025484767590826713,-0.00016824544942239394,-4.971818744832586,2.3605966135414094,-2.6112221312911763,Random Forest
SRS2821894,2,90282,2000,0,0.0,1.0,0.0,-8.0,0.0,5.664876975145947e-07,3.1412139296404163e-07,0.0,Reference zero,Shallow zero,0.0,-8.0,1.0,67.0,0.00028322777,0.47129908,0.00090796594,0.0061979406,-0.18461921110106885,-0.21860134554469018,-0.16137070516087726,-0.6262253116355391,-0.23454196097923072,0.07432278946849288,-0.14837264508412115,0.11166233745560199,0.11510304004537754,-9.593471782268372e-06,-4.971818744832586,-1.2726526060078371,-6.244471350840422,Random Forest
SRS2821860,3,175420,2000,0,0.0,1.0,0.00015581987222770477,-3.8073492854304964,0.0,9.597405823069238e-07,1.1791608396885963e-06,0.0,Rare (1e-4 to 1e-3),Shallow zero,0.0,-8.0,1.0,93.0,8.947969e-05,0.45015106,0.0002822743,0.003239312,-0.1713010552918103,-0.2009308774733056,-0.14567446412454144,-0.5752025649711812,0.34121017623014566,-0.1734228900401027,-0.23989703097782053,0.10444005414623084,0.009128300529726428,-9.514313940599568e-06,-4.971818744832586,-1.0516598662865995,-6.023478611119185,Random Forest
SRS2821901,3,5378,2000,0,0.0,1.0,0.0,-8.0,0.0,1.9905777769701046e-06,1.5132460456205031e-06,0.0,Reference zero,Shallow zero,0.0,-8.0,1.0,90.0,0.00010390619,0.6223565,0.00026650736,0.0020611393,-0.16347478875006063,-0.19342966399160733,-0.13647912137073145,-0.535789632271579,0.14817292736370882,-0.18837385873113668,0.17966369951952174,0.1105890226041969,0.04528557960202016,-9.431168453696477e-06,-4.971818744832586,-0.7338452671941211,-5.705664012026707,Random Forest
SRS2822180,5,103906,2000,0,0.0,1.0,3.627196721014164e-05,-4.44030917350424,0.0,2.5560364138886913e-06,1.6521243406729556e-05,0.0,Very rare (<1e-4),Shallow zero,0.0,-8.0,1.0,68.0,0.00043566464,0.93655586,0.0006993859,0.005128599,-0.15652139047371488,-0.1827542508013172,-0.12755225358405964,-0.4969410789182469,-0.6308968089136187,0.002533820013677748,1.1063623330492436,-0.047682656425788984,-0.09190204073672074,-1.1792635861785595e-05,-4.971818744832586,-0.6253661194264075,-5.597184864258994,Random Forest
SRS2821916,2,14807,2000,41,0.0205,0.0,0.02162944195319979,-1.6649544845699942,0.0205,0.021459559457069347,0.02319192549355337,0.0,Dominant (>=1e-2),Detected in shallow,3.7376697,-1.6882459,0.18333334,59.0,0.028244438,1.0,0.015117702,0.08728682,0.4665851238127258,0.5737280689634779,0.26459291531419493,1.0642145762532145,-0.08294309280049929,0.07771449346621037,0.898314091359566,0.008047337978404324,0.029491622714344946,-0.0003363373821807225,-4.971818744832586,3.2994087996794588,-1.672409945153127,Random Forest
SRS2822025,4,73737,2000,0,0.0,1.0,0.0,-8.0,0.0,4.3865283814321813e-07,5.771203175683059e-07,0.0,Reference zero,Shallow zero,0.0,-8.0,1.0,72.0,0.0006970792,0.7432024,0.0032176015,0.05353192,-0.1744014755513223,-0.20554575686654242,-0.15514162186761266,-0.5745120396397253,-0.4901782640650484,-0.01148244284113156,0.3184235543329959,-0.05819623503640092,-0.03663120725332479,-1.743283340051409e-05,-4.971818744832586,-1.387682921621513,-6.359501666454099,Random Forest
SRS2822220,2,180216,2000,0,0.0,1.0,0.0,-8.0,0.0,4.987805191484375e-08,5.888095906586461e-08,0.0,Reference zero,Shallow zero,0.0,-8.0,1.0,57.0,8.460981e-05,0.46827793,0.00019808835,0.0011838796,-0.1844515719981146,-0.22082143046618335,-0.16964927521828832,-0.668285590184133,-0.5042643244515737,0.04145101982331515,-0.4797807904966049,0.0321268945719991,-0.10627365251067733,-9.46193303341454e-06,-4.971818744832586,-2.2599581828632944,-7.23177692769588,Random Forest
SRS2821969,2,227739,2000,5,0.0025,0.0,0.003088252761610643,-2.5102857552719544,0.0025,0.003038384670956754,0.003265174625051613,0.0,Common (1e-3 to 1e-2),Detected in shallow,1.7917595,-2.6020582,0.3625,79.0,0.11693039,1.0,0.1254584,0.49667376,0.18792229981863012,0.1958170051660427,0.20842826456563038,0.8367239744382687,-0.0176379580482114,0.10958828545974338,0.9007612667434958,0.019950688464646132,0.008194579262548006,-0.0010211843007463868,-4.971818744832586,2.4487272215700475,-2.523091523262538,Random Forest
SRS2821970,2,127774,2000,41,0.0205,0.0,0.019328370426726502,-1.7138045350663011,0.0205,0.021055987654563964,0.020686320277738725,0.0,Dominant (>=1e-2),Detected in shallow,3.7376697,-1.6882459,0.10909091,109.0,0.007513319,0.7522659,0.05127451,0.53225505,0.53339020401536,0.6478196554714021,0.3395033486954959,1.3413842120707835,0.2388135691777825,0.024556367239411757,0.21286613470176713,-0.03934565143823722,-0.013980720744322894,2.6067513382867552e-05,-4.971818744832586,3.2850331867028255,-1.6867855581297602,Random Forest
SRS2822063,3,163285,2000,0,0.0,1.0,7.304068366079905e-06,-5.135840984540429,0.0,3.0760145844535678e-06,3.0058133409807826e-06,0.0,Very rare (<1e-4),Shallow zero,0.0,-8.0,1.0,80.0,0.0021622526,0.80966765,0.0026104988,0.014257151,-0.1612403408506987,-0.18957465303769372,-0.14089603412591728,-0.5400314675980619,-0.10723367682973807,0.010726886803718456,0.6154314943616759,-0.057528302412474946,0.021692545637102562,-1.9059211810035577e-05,-4.971818744832586,-0.5486726072638977,-5.520491352096483,Random Forest
SRS2821875,4,121481,2000,0,0.0,1.0,0.0,-8.0,0.0,7.535256767053223e-09,1.731140429384177e-08,0.0,Reference zero,Shallow zero,0.0,-8.0,1.0,101.0,0.0008315501,0.3323263,0.0020638965,0.011999596,-0.19583533129465938,-0.23204270603685853,-0.18646447180969783,-0.721794374509707,0.04164808242986494,-0.13056866113685278,-1.1986556708246314,-0.12887062059007529,-0.03641389872828391,-1.2908164470276449e-05,-4.971818744832586,-2.7890105606653712,-7.760829305497957,Random Forest
SRS2821991,4,6794,2000,5,0.0025,0.0,0.0024786480800084543,-2.6057833781160653,0.0025,0.0022963448154131334,0.002700068140562239,0.0,Common (1e-3 to 1e-2),Detected in shallow,1.7917595,-2.6020582,0.34408602,92.0,0.034348127,1.0,0.036106605,0.17611139,0.13767457555536924,0.1488788000657159,0.19859598511968252,0.7944321815238989,0.04588242422731346,0.09605431157508083,0.8968003110452211,-0.00021362780489011304,0.008694665197060329,-0.0014780645615336079,-4.971818744832586,2.3253215619429186,-2.646497182889667,Random Forest
SRS2822153,5,83909,2000,1,0.0005,0.0,0.00024586385289146137,-3.609287653240662,0.0005,0.00028714087788089425,0.0003187384221883176,0.0,Rare (1e-4 to 1e-3),Detected in shallow,0.6931472,-3.3010213,0.853211,108.0,0.0002642183,0.62537766,0.000567219,0.0059502665,-0.07157994948236798,-0.06721440288870931,0.2398697353238021,0.932679731436964,0.2867415083604711,0.006825031434530947,0.07297557117487397,0.0074510210594553265,0.004201247641890588,-1.4215783066796351e-05,-4.971818744832586,1.411935278277844,-3.5598834665547416,Random Forest
SRS2822133,4,146804,2000,0,0.0,1.0,0.0,-8.0,0.0,1.8302895305120913e-06,1.6390047539553118e-06,0.0,Reference zero,Shallow zero,0.0,-8.0,1.0,108.0,0.00011880644,0.6978852,0.00040704882,0.0048127845,-0.15715654539758891,-0.18341255629661937,-0.12556083729750667,-0.48866581606766163,0.283895814091217,-0.2962869709115434,0.3475540561691706,-0.08092928923720419,-0.0758503276254729,-9.011773787416532e-06,-4.971818744832586,-0.776421484346997,-5.748240229179583,Random Forest
SRS2822063,5,29321,2000,0,0.0,1.0,0.00035059528157183544,-3.4551815459141375,0.0,1.2354189201988412e-05,5.602111665095431e-06,0.0,Rare (1e-4 to 1e-3),Shallow zero,0.0,-8.0,1.0,71.0,0.00011174009,0.61329305,0.00031581044,0.0026350203,-0.16362052907122934,-0.19076555114139337,-0.12866263467454064,-0.5118688810656332,0.19612392575751114,0.17152267357055387,0.4505490220453673,0.11089765734818548,0.12160509382333642,-1.0472554583463732e-05,-4.971818744832586,0.05577030403757408,-4.916048440795012,Random Forest
SRS2822253,2,250391,2000,0,0.0,1.0,0.0,-8.0,0.0,2.996761808263518e-08,2.6443658714017856e-08,0.0,Reference zero,Shallow zero,0.0,-8.0,1.0,108.0,0.00019800504,0.20845921,0.00077785284,0.0046076537,-0.19257275281301975,-0.228681593369803,-0.17599823698352363,-0.6861625736704032,0.33440732361831105,-0.02466010416117638,-1.4385441290382655,-0.01628125702047199,-0.005838237788118577,-9.071972209149772e-06,-4.971818744832586,-2.43434063319868,-7.406159378031266,Random Forest
SRS2821928,4,157587,2000,1,0.0005,0.0,8.01706030432761e-05,-4.0959306817175465,0.0005,0.0003594651621496587,0.000308867706835296,0.0,Very rare (<1e-4),Detected in shallow,0.6931472,-3.3010213,0.78640777,102.0,0.00065411127,0.8036254,0.001915937,0.02106427,-0.08592870381684821,-0.08561560949207646,0.22777308272772304,0.8848220732790113,0.22698483488105298,0.1369204920061017,0.26438172238942265,-0.06139593782459461,0.004607757324843949,-2.160251739558438e-05,-4.971818744832586,1.5125281089572409,-3.4592906358753446,Random Forest
SRS2822000,3,227167,2000,0,0.0,1.0,5.747346641633779e-05,-4.240457050557032,0.0,2.4076367211284527e-05,1.960085537569807e-05,0.0,Very rare (<1e-4),Shallow zero,0.0,-8.0,1.0,110.0,9.329051e-05,0.45015106,0.0003371612,0.004548024,-0.15526755445549928,-0.18280189505850297,-0.12261281547142816,-0.48694950420751515,0.9826563044272051,0.07481616503094878,-0.002849740754271342,0.1974640430262754,0.036866982321128554,-9.099941795378858e-06,-4.971818744832586,0.34131288491654577,-4.63050585991604,Random Forest
SRS2822268,3,262354,2000,0,0.0,1.0,0.0005264567612749491,-3.2786290429980736,0.0,1.1254652929593655e-07,1.3487661527072452e-07,0.0,Rare (1e-4 to 1e-3),Shallow zero,0.0,-8.0,1.0,75.0,0.00025522517,0.50453174,0.00059355877,0.0035999343,-0.18476672503722008,-0.22079331149693526,-0.16705986763309644,-0.671220330477962,-0.31870503925923416,-0.041430151539902774,-0.3775770763369562,-0.0010240744136261893,0.028929638642866334,-1.158109708131052e-05,-4.971818744832586,-1.953658518649148,-6.925477263481733,Random Forest
SRS2822185,3,10583,2000,0,0.0,1.0,0.00010557750897408828,-3.976387455897762,0.0,1.20702615774444e-05,1.7699436677252654e-05,0.0,Rare (1e-4 to 1e-3),Shallow zero,0.0,-8.0,1.0,118.0,0.00013444255,0.8036254,0.00018458762,0.0013976498,-0.14436101391025796,-0.16886449521192448,-0.11148241344758333,-0.4481796597220329,0.30300634024222506,-0.06056630939608534,0.6197707436474481,0.03184530946682114,0.014935249322187118,-9.260561584932473e-06,-4.971818744832586,0.03609449042921247,-4.9357242544033735,Random Forest
SRS2821968,5,125146,2000,0,0.0,1.0,2.8339048374755574e-05,-4.547461514990793,0.0,3.366345044258771e-05,2.744168572177027e-05,0.0,Very rare (<1e-4),Shallow zero,0.0,-8.0,1.0,57.0,0.00032259768,0.918429,0.0008169753,0.012352424,-0.14640037963432997,-0.1723370526236688,-0.10871662209750337,-0.4262094428090017,-0.25888695475754026,0.07366996138041186,1.4371128949491923,0.03367948519878663,0.050483096821188234,-9.298417678962468e-06,-4.971818744832586,0.48238568800985604,-4.48943305682273,Random Forest
SRS2821969,2,79943,2000,0,0.0,1.0,0.0,-8.0,0.0,5.7507803021115745e-08,4.239902835647111e-08,0.0,Reference zero,Shallow zero,0.0,-8.0,1.0,79.0,0.001270166,0.20845921,0.0076001454,0.09180757,-0.1963169722603112,-0.23288163985896554,-0.18519016038230796,-0.7076893348830491,0.0723804716573361,0.08066098127465232,-1.0130985816786853,-0.01608215123706044,-0.005472485716636498,-1.8701954448513777e-05,-4.971818744832586,-2.203708575039476,-7.175527319872062,Random Forest
SRS2821991,5,93005,2000,0,0.0,1.0,4.803581550403981e-05,-4.318344430735098,0.0,3.58035764316649e-05,2.9257296758405682e-05,0.0,Very rare (<1e-4),Shallow zero,0.0,-8.0,1.0,99.0,0.00021597052,0.7975831,0.00032779353,0.0021826657,-0.14285051450139374,-0.1680117142835273,-0.1132399280823902,-0.44713730711445626,0.3009905098284219,0.0873892681154502,0.8468128138924083,0.12420385368857761,0.028665037285209704,-9.068000690009885e-06,-4.971818744832586,0.5168129508276104,-4.455005794004975,Random Forest
SRS2821905,4,189462,2000,0,0.0,1.0,1.475524733483345e-05,-4.83075927370712,0.0,6.356032333900316e-06,8.795306983170778e-06,0.0,Very rare (<1e-4),Shallow zero,0.0,-8.0,1.0,86.0,0.00014426623,0.87009066,0.00016667676,0.0009350449,-0.15171598864790134,-0.17745262322279357,-0.12154844680552637,-0.46894837125826666,-0.24863410592285767,-0.00968586272723837,0.8616452452107978,0.04107175008098243,0.04538454172352488,-9.873700756911437e-06,-4.971818744832586,-0.22989373527003593,-5.201712480102621,Random Forest
SRS2822060,5,192431,2000,0,0.0,1.0,0.0,-8.0,0.0,8.269210348398524e-07,2.0540458954139944e-06,0.0,Reference zero,Shallow zero,0.0,-8.0,1.0,74.0,0.00016615065,0.6978852,0.00025861867,0.0016578492,-0.16721704742220436,-0.19471337598371294,-0.1423540303843756,-0.558993432453001,-0.3112064205686075,-0.010513152794765425,0.4069386415506005,-0.054710536789302176,-0.08480875330610071,-1.1404014915404062e-05,-4.971818744832586,-1.1175895121663846,-6.08940825699897,Random Forest
SRS2822168,4,95651,2000,0,0.0,1.0,0.0,-8.0,0.0,2.0150748266763165e-08,3.136095108115519e-08,0.0,Reference zero,Shallow zero,0.0,-8.0,1.0,70.0,0.00018037831,0.29305136,0.00083348935,0.010665178,-0.1965964408972668,-0.2345460222504093,-0.1782057539518797,-0.699139217914572,-0.17611574599221558,-0.05595405849663544,-0.9657275103544158,-0.016052164350073186,-0.030349855314153965,-1.0583530092384908e-05,-4.971818744832586,-2.5526973530517143,-7.5245160978843,Random Forest
SRS2821928,3,211440,2000,0,0.0,1.0,0.0,-8.0,0.0,1.4244303350363413e-07,1.2088314496290595e-07,0.0,Reference zero,Shallow zero,0.0,-8.0,1.0,105.0,0.00020810521,0.26283988,0.0011254044,0.0089358995,-0.18565945411177676,-0.22054144638417478,-0.17092711684880885,-0.6609665729323376,0.3659532411315629,0.008242104452642689,-0.9294665474631998,-0.04136836973721128,-0.022506325826711287,-9.265452658832655e-06,-4.971818744832586,-1.8572497531726735,-6.82906849800526,Random Forest
SRS2821870,5,25843,2000,0,0.0,1.0,0.0,-8.0,0.0,2.3001598093536064e-06,1.7875806955771325e-06,0.0,Reference zero,Shallow zero,0.0,-8.0,1.0,99.0,0.00012497835,0.5498489,0.00052307174,0.0060368483,-0.16640338063319154,-0.19825345508430248,-0.14117873652528953,-0.5471201091633846,0.3229974421519181,0.044281247956966696,-0.05434138752148684,0.04909046023698707,0.019207883055707434,-9.047989955863237e-06,-4.971818744832586,-0.6717290835160316,-5.643547828348617,Random Forest
SRS2821969,5,187492,2000,0,0.0,1.0,0.0,-8.0,0.0,1.0285354547717849e-05,3.840145826261414e-06,0.0,Reference zero,Shallow zero,0.0,-8.0,1.0,77.0,0.00012210515,0.60120845,0.00041626513,0.0043488,-0.15969740090385884,-0.1885715839485668,-0.12830568417412563,-0.4996910783229766,0.34417723853156174,0.053084165132411015,0.39622323547149835,0.06927632774486477,0.09136501927483898,-1.159202056257872e-05,-4.971818744832586,-0.02215135321491559,-4.993970098047502,Random Forest
SRS2821881,1,81893,2000,0,0.0,1.0,8.474289007152299e-05,-4.071845483440935,0.0,2.5583138881290208e-08,2.1322468698071193e-08,0.0,Very rare (<1e-4),Shallow zero,0.0,-8.0,1.0,52.0,0.00014596655,0.12084592,0.0012360108,0.014561993,-0.20400919044604043,-0.24236052127227944,-0.18642742397082523,-0.7221463438149234,-0.22576559747143002,0.04711633003097317,-1.0188049082089592,0.046441988843323914,0.022341353441334557,-9.652325846239082e-06,-4.971818744832586,-2.4836239651946723,-7.455442710027258,Random Forest
SRS2822133,5,249900,2000,0,0.0,1.0,0.00011088728307675249,-3.955079093699605,0.0,0.00015734139804949115,0.00014293015865587217,0.0,Rare (1e-4 to 1e-3),Shallow zero,0.0,-8.0,1.0,106.0,0.0007808646,0.94864047,0.0021385648,0.02629283,-0.12934865080767752,-0.15280930416494046,-0.09550097037339496,-0.37389542442833074,0.4133332837280797,0.12827871698848717,1.3981107123453478,-0.024404750688832355,-0.010086262064030273,-1.3526535048779815e-05,-4.971818744832586,1.1536638239996597,-3.818154920832926,Random Forest
SRS2821969,1,83222,2000,17,0.0085,0.0,0.008385794037296593,-2.076455290574846,0.0085,0.010996448868086477,0.011420989022613149,0.0,Common (1e-3 to 1e-2),Detected in shallow,2.8903718,-2.0705805,0.15476191,83.0,0.008543965,0.90936553,0.009528084,0.034005754,0.42584557978588783,0.5253327068110394,0.3372088950042566,1.3229045137367197,-0.0268156693379463,0.028060286403379733,0.43238913366033566,-0.01861425380895527,-0.013623014577021388,-1.5893857046424774e-05,-4.971818744832586,3.0126722838206494,-1.9591464610119362,Random Forest
SRS2821970,3,134697,2000,0,0.0,1.0,0.00026002292053892156,-3.584971666247131,0.0,0.0001775618733380213,8.337746783779742e-05,0.0,Rare (1e-4 to 1e-3),Shallow zero,0.0,-8.0,1.0,116.0,0.00010914269,0.6404834,0.00016582136,0.0012700183,-0.1360407853555297,-0.15812811716721925,-0.10128341550073638,-0.40293520890803125,1.0796732111904548,0.0015453320810467346,0.4617127955309068,0.14750965175293063,0.3223807042972155,-9.25636182756183e-06,-4.971818744832586,1.2144249115592105,-3.757393833273375,Random Forest
SRS2821970,4,180216,2000,3,0.0015,0.0,0.0008282211543091577,-3.081848437332699,0.0015,0.0005903647278197542,0.0006907248161079074,0.0,Rare (1e-4 to 1e-3),Detected in shallow,1.3862944,-2.823906,0.5614035,113.0,8.460981e-05,0.46827793,0.00019808835,0.0011838796,0.14013351151189002,0.1504682323331409,0.2685998970632672,1.0450936081838083,0.31096036194118326,-0.09758641375590375,-0.08768825378879672,0.00024038287448154886,0.002110540588258938,-1.9177543609245803e-05,-4.971818744832586,1.7323126894077205,-3.239506055424865,Random Forest
SRS2822136,3,146247,2000,0,0.0,1.0,0.0,-8.0,0.0,2.067576619609837e-11,2.180528411438612e-09,0.0,Reference zero,Shallow zero,0.0,-8.0,1.0,50.0,0.000114673334,0.2326284,0.0012743383,0.017979877,-0.20621340821561274,-0.24555193515974208,-0.1866993490616221,-0.7296400415403901,-0.5061947349762514,-0.06826014442036821,-1.0579393244127104,-0.011623057876009993,-0.015161779760856557,-1.0564982774689676e-05,-4.971818744832586,-3.0272943404063386,-7.999113085238925,Random Forest
SRS2821931,5,42738,2000,16,0.008,0.0,0.006932617708279576,-2.1591021213908856,0.008,0.007777530164282633,0.00746661772469414,0.0,Common (1e-3 to 1e-2),Detected in shallow,2.8332133,-2.0969095,0.2,94.0,0.004662587,0.9939577,0.0036316302,0.019835204,0.31236059160500546,0.3933839589049277,0.25813631363019984,1.0198538046897525,0.062333602781870195,0.06624930490592912,0.738863544523813,-0.007864070834728017,0.011064323833941212,-0.00013791468696448876,-4.971818744832586,2.8542434593537465,-2.117575285478839,Random Forest
SRS2821968,2,67192,2000,0,0.0,1.0,0.0,-8.0,0.0,1.0482525394738855e-05,4.033850846855551e-06,0.0,Reference zero,Shallow zero,0.0,-8.0,1.0,67.0,0.00011505669,0.7643505,0.00027008518,0.003118016,-0.1585292144424398,-0.18761912528966188,-0.12660859546145195,-0.48906652363021186,-0.2169136742240806,0.09013552805143488,0.8745958894728382,0.11809732637306056,0.07813446160298343,-9.716673917299413e-06,-4.971818744832586,-0.017783644221446345,-4.989602389054032,Random Forest
SRS2821835,1,241754,2000,0,0.0,1.0,0.0,-8.0,0.0,1.4913704742253577e-07,1.2966272402613983e-07,0.0,Reference zero,Shallow zero,0.0,-8.0,1.0,63.0,0.00022895166,0.4833837,0.0013338621,0.016593887,-0.18831969828382786,-0.22076394103500088,-0.16530434177153913,-0.6253697809271505,-0.26813865016401706,-0.03824180392982097,-0.3511202857774551,0.025155861587988694,-0.000767948649092501,-9.354861881382086e-06,-4.971818744832586,-1.8328799438117966,-6.8046986886443825,Random Forest
SRS2822220,4,85004,2000,0,0.0,1.0,0.0,-8.0,0.0,2.491017786636487e-09,7.927817769947466e-09,0.0,Reference zero,Shallow zero,0.0,-8.0,1.0,61.0,9.1311325e-05,0.3202417,0.00030428777,0.003572051,-0.19941126227904762,-0.23715583424662776,-0.18012756790393755,-0.7134298631704143,-0.4142610267967317,-0.052908719070614105,-1.1112727103182198,-0.0028852718710114193,-0.021136419623030336,-8.915623460170892e-06,-4.971818744832586,-2.9325975909030952,-7.9044163357356805,Random Forest
SRS2822275,3,214696,2000,0,0.0,1.0,0.0,-8.0,0.0,2.3424763230785693e-06,1.3525363165365414e-06,0.0,Reference zero,Shallow zero,0.0,-8.0,1.0,70.0,0.000295661,0.71601206,0.0006027132,0.0039938614,-0.16434217327404976,-0.19306204683756722,-0.13780454311648738,-0.5359263196677638,-0.1018285299018361,0.014829134252873943,0.42275134562273714,-0.005450197318748183,0.03005522748808272,-1.0537767632088461e-05,-4.971818744832586,-0.6707886405203908,-5.642607385352976,Random Forest
SRS2821901,3,10583,2000,0,0.0,1.0,0.00010248631807653678,-3.989291735269332,0.0,6.03046806998757e-06,4.785650124074664e-06,0.0,Rare (1e-4 to 1e-3),Shallow zero,0.0,-8.0,1.0,90.0,0.00013444255,0.8036254,0.00018458762,0.0013976498,-0.1505285779692664,-0.17550932728020205,-0.12249640547957759,-0.47274022916963715,0.0026753340624648854,-0.07879173043257584,0.6357281900632932,0.07694926566176577,0.030769711707501233,-9.439378050084504e-06,-4.971818744832586,-0.2539532082142841,-5.22577195304687,Random Forest
SRS2822180,3,92333,2000,0,0.0,1.0,0.0,-8.0,0.0,2.1085468421401476e-06,4.108654850642149e-06,0.0,Reference zero,Shallow zero,0.0,-8.0,1.0,67.0,0.00038025767,0.83081573,0.0009877665,0.0074142898,-0.1631521253598728,-0.19293401647286473,-0.1343649518515231,-0.5164027999717588,-0.4572438124247628,0.020794720518130454,0.784358998349995,-0.039633449336253436,-0.015216064488323433,-1.0735312836898989e-05,-4.971818744832586,-0.7138042363500705,-5.685622981182656,Random Forest
SRS2821835,3,73614,2000,0,0.0,1.0,0.0002506014434643144,-3.6009991020572034,0.0,5.246993962988041e-05,1.880616348689877e-06,0.0,Rare (1e-4 to 1e-3),Shallow zero,0.0,-8.0,1.0,58.0,0.00055294466,0.71903324,0.0012651429,0.012759201,-0.15738629918898558,-0.18562075507386827,-0.1299050150784262,-0.5092511848679552,0.13439465560438849,0.2209554054565678,0.6954323641705875,0.15784807754746555,0.4577424892351186,-1.3055006773306233e-05,-4.971818744832586,0.6841966827981195,-4.287622062034466,Random Forest
SRS2821894,5,174794,2000,31,0.0155,0.0,0.017586830375914558,-1.7548121781981452,0.0155,0.01698059818670046,0.015171394892119773,0.0,Dominant (>=1e-2),Detected in shallow,3.465736,-1.8096681,0.27419356,61.0,0.010415424,1.0,0.0056196577,0.027844705,0.436645632214375,0.5347952038547357,0.2642911172916014,1.0613587581079758,-0.059977189538732656,0.06580583853615492,0.8984686073861902,-0.009829183948045044,-0.002747283266962374,-8.813941416652927e-05,-4.971818744832586,3.1887233612231265,-1.7830953836094592,Random Forest
SRS2822298,3,92333,2000,0,0.0,1.0,0.0,-8.0,0.0,8.89065694286934e-06,8.033605884550026e-06,0.0,Reference zero,Shallow zero,0.0,-8.0,1.0,77.0,0.00038025767,0.83081573,0.0009877665,0.0074142898,-0.15241405680341152,-0.1797041772495555,-0.11832022536190809,-0.467998486466151,0.04740237626087505,0.037408432567387725,0.7937052835005237,-0.03493908138187067,-0.01724407925285182,-1.2966886686292419e-05,-4.971818744832586,-0.09211698107364837,-5.063935725906234,Random Forest
SRS2822053,1,139050,2000,0,0.0,1.0,0.0,-8.0,0.0,7.056633554391907e-09,6.2984710956921145e-09,0.0,Reference zero,Shallow zero,0.0,-8.0,1.0,60.0,0.000108924454,0.1691843,0.0010676667,0.013813187,-0.20396629483842293,-0.24393277035811392,-0.1857863282579325,-0.7220957939406014,-0.27727208602089165,-0.03680611908949137,-1.1207994302691062,0.003914769320048724,-0.012990655783558546,-8.982408091170155e-06,-4.971818744832586,-2.799743691646161,-7.771562436478747,Random Forest
SRS2822185,4,127344,2000,0,0.0,1.0,0.00012066001025610089,-3.9184006503550903,0.0,2.8693936443322305e-05,1.0182009772959321e-05,0.0,Rare (1e-4 to 1e-3),Shallow zero,0.0,-8.0,1.0,110.0,0.0013332141,0.82175225,0.0021088552,0.011435063,-0.14317672925666686,-0.1672764822690198,-0.1122024549184193,-0.4265119980305602,0.504455866138089,0.07790843259647942,0.7683292212779018,-0.03668905990360574,-0.051780574220829774,-1.2909814770125113e-05,-4.971818744832586,0.4130433115985984,-4.558775433233987,Random Forest
SRS2821835,5,192138,2000,0,0.0,1.0,0.0,-8.0,0.0,4.794447535223432e-10,2.5044597152708482e-09,0.0,Reference zero,Shallow zero,0.0,-8.0,1.0,52.0,9.820939e-05,0.21450152,0.0008801074,0.014593427,-0.20709398523778288,-0.2462327642186429,-0.19225547136857185,-0.7463502140887032,-0.4908952447446437,-0.06989482105459084,-1.0334189059831798,-0.003524214106417112,-0.018778690746722827,-9.589106622922486e-06,-4.971818744832586,-3.0084539006558777,-7.980272645488464,Random Forest
SRS2822025,4,146804,2000,1,0.0005,0.0,9.691565914762678e-05,-4.013561236870109,0.0005,0.00016405031073086853,0.00019267768736141988,0.0,Very rare (<1e-4),Detected in shallow,0.6931472,-3.3010213,0.9726027,72.0,0.00011880644,0.6978852,0.00040704882,0.0048127845,-0.0927686244132184,-0.0914610772218246,0.24658717942464026,0.9879246683921059,-0.08327585433093816,-0.058901533709974925,0.21790922993858183,0.03925751138627351,0.009894831834722981,-1.9111719131963617e-05,-4.971818744832586,1.1751472195812365,-3.796671525251349,Random Forest
SRS2822023,1,184673,2000,0,0.0,1.0,0.0,-8.0,0.0,1.2636099161376906e-09,1.5755199639738027e-08,0.0,Reference zero,Shallow zero,0.0,-8.0,1.0,78.0,0.00011717566,0.1389728,0.0008720867,0.011156369,-0.20480290379488775,-0.2423523348155169,-0.1896984643759361,-0.740394539933947,-0.09008760281028913,-0.07399466812669458,-1.3608168260517655,-0.035669831945356965,-0.039980054089859274,-1.1330683021482927e-05,-4.971818744832586,-2.9778085566272745,-7.94962730145986,Random Forest
SRS2821894,3,101210,2000,53,0.0265,0.0,0.026469598856277858,-1.5772524762587294,0.0265,0.02470336097360163,0.027214061716003598,0.0,Dominant (>=1e-2),Detected in shallow,3.988984,-1.576754,0.15714286,69.0,0.0012219405,0.71299094,0.0036301157,0.028093612,0.5884856395666971,0.7107686984192595,0.37323678534894894,1.471255920669495,-0.022188223579941546,0.04331495748921301,0.18380630516617905,0.002618626774215494,0.005388504698494937,-1.554809835211661e-05,-4.971818744832586,3.3566716664542096,-1.6151470783783761,Random Forest
SRS2821925,5,93004,2000,0,0.0,1.0,0.000293172895528476,-3.532861370300632,0.0,0.0003488884729999614,0.0001809748526330066,0.0,Rare (1e-4 to 1e-3),Shallow zero,0.0,-8.0,1.0,45.0,0.00063974573,0.776435,0.0009882454,0.011545293,-0.14800713580914415,-0.17843812106561374,-0.12253530046875631,-0.4732344785078976,0.03540283225086876,0.499319153292433,1.0242215570595092,0.4270493836398886,0.45473754042320097,-1.4325180271381836e-05,-4.971818744832586,1.5185011056342173,-3.453317639198368,Random Forest
SRS2822116,4,13412,2000,0,0.0,1.0,1.0551528388887128e-05,-4.976273229261536,0.0,1.6300275009343212e-07,2.7601790663689644e-07,0.0,Very rare (<1e-4),Shallow zero,0.0,-8.0,1.0,68.0,0.00011926531,0.63141996,0.00020554909,0.0013978895,-0.17821881974307702,-0.20726170900303428,-0.1547766456018846,-0.6033200478883664,-0.5248583389933236,0.040010596897872265,0.018494436466909053,0.02503988048318591,-0.21584731749159095,-1.0017479873589156e-05,-4.971818744832586,-1.8007479823531831,-6.772566727185769,Random Forest
SRS2822023,5,69673,2000,0,0.0,1.0,0.0,-8.0,0.0,2.6053254068252443e-08,5.232621043353822e-08,0.0,Reference zero,Shallow zero,0.0,-8.0,1.0,72.0,0.00024562865,0.5166163,0.0006890412,0.0059740995,-0.19049318461130538,-0.22602870534788266,-0.17206784434478578,-0.6782796475205402,-0.578000731885979,-0.04519599870653367,-0.4480600154702548,-0.10393912625814565,-0.03487507414935908,-1.0607784472723187e-05,-4.971818744832586,-2.476950936079259,-7.448769680911845,Random Forest
SRS2822220,1,150643,2000,0,0.0,1.0,0.0,-8.0,0.0,1.2628165704445902e-06,4.706461344655729e-07,0.0,Reference zero,Shallow zero,0.0,-8.0,1.0,61.0,0.00023797093,0.36555892,0.000909429,0.007656417,-0.18187431565445283,-0.21334103448709446,-0.1590593485145616,-0.6208684403951262,0.19118239863689407,0.15262962103560201,-0.25646420934568526,0.030356914262894514,0.12442443233603735,-8.76442524123119e-06,-4.971818744832586,-0.9330227465507337,-5.904841491383319,Random Forest
SRS2822111,1,73614,2000,6,0.003,0.0,0.001535872642769379,-2.813641967601932,0.003,0.0024911301584527243,0.0019196203275413533,0.0,Common (1e-3 to 1e-2),Detected in shallow,1.9459101,-2.5228772,0.44927537,68.0,0.00055294466,0.71903324,0.0012651429,0.012759201,0.32814226287954484,0.3581239082370247,0.3723455857227867,1.4512291465379505,-0.19134463406957694,-0.018350805069849502,0.08594208473679395,-0.01377118895006865,-0.015082202218545122,-3.0348416606418723e-05,-4.971818744832586,2.3572038093894543,-2.6146149354431314,Random Forest
