sample_id,subsample_repeat,otu_id,shallow_depth,shallow_count,shallow_ra,zero_in_shallow,target_reference_ra,target_log10_reference_ra,pred_raw_shallow_ra,pred_random_forest_ra,pred_xgboost_ra,is_other,abundance_group,shallow_detection_group,log1p_shallow_count,log10_shallow_ra,shallow_rank_norm,shallow_richness,otu_mean_ra_train,otu_prevalence_train,otu_std_ra_train,otu_max_ra_train,SHAP__log1p_shallow_count,SHAP__log10_shallow_ra,SHAP__zero_in_shallow,SHAP__shallow_rank_norm,SHAP__shallow_richness,SHAP__otu_mean_ra_train,SHAP__otu_prevalence_train,SHAP__otu_std_ra_train,SHAP__otu_max_ra_train,SHAP__is_other,SHAP_base_value,SHAP_sum,SHAP_reconstructed_log_prediction,model
SRS2821919,5,221529,2000,0,0.0,1.0,1.7313019390581722e-05,-4.7613764084859955,0.0,1.7807590451577353e-06,1.1742456215196942e-06,0.0,Very rare (<1e-4),Shallow zero,0.0,-8.0,1.0,91.0,0.00013032937,0.5407855,0.0005200552,0.00779088,-0.9159566164016724,-0.17873211205005646,-0.0017872906755656004,0.02014828473329544,0.14267967641353607,-0.008696564473211765,-0.050464265048503876,0.05843910574913025,-0.0376770980656147,-1.1636002454906702e-05,-4.97199010848999,-0.9720585158211179,-5.944048624311108,XGBoost
SRS2821875,3,71581,2000,0,0.0,1.0,0.0,-8.0,0.0,2.4610197078800837e-07,2.1385177370292093e-07,0.0,Reference zero,Shallow zero,0.0,-8.0,1.0,97.0,9.82684e-05,0.34743202,0.00092708867,0.015995827,-1.0171834230422974,-0.1959736943244934,-0.0013395489659160376,0.017729515209794044,0.17535939812660217,-0.0993952751159668,-0.6672648191452026,-0.0228074062615633,0.10132988542318344,-1.0633378224156331e-05,-4.97199010848999,-1.709556001474084,-6.681546109964074,XGBoost
SRS2821987,4,9456,2000,0,0.0,1.0,7.739578657337892e-06,-5.110721909334661,0.0,3.5526403578940766e-06,1.8188680697371111e-06,0.0,Very rare (<1e-4),Shallow zero,0.0,-8.0,1.0,82.0,0.00011792643,0.6918429,0.0002351788,0.0014995105,-0.8748183846473694,-0.1734694093465805,-0.002109012333676219,0.016875585541129112,-0.09475947171449661,0.03277686983346939,0.29258993268013,-0.008363607339560986,0.022959308698773384,-1.3407237929641269e-05,-4.97199010848999,-0.7883315958661115,-5.760321704356102,XGBoost
SRS2821972,3,26524,2000,0,0.0,1.0,9.336457934588778e-06,-5.029352944305412,0.0,7.889203039445009e-07,9.63715410062733e-07,0.0,Very rare (<1e-4),Shallow zero,0.0,-8.0,1.0,108.0,0.00033352117,0.48640484,0.0013181985,0.017430235,-0.9047431945800781,-0.17476080358028412,-0.0019102862570434809,0.02239563874900341,0.5268607139587402,-0.039662811905145645,-0.31277185678482056,-0.20810239017009735,0.03592048957943916,-1.1777274266933091e-05,-4.97199010848999,-1.0567862782645534,-6.028776386754544,XGBoost
SRS2822218,4,221529,2000,0,0.0,1.0,0.0,-8.0,0.0,1.7274240368515094e-08,5.40358819965342e-08,0.0,Reference zero,Shallow zero,0.0,-8.0,1.0,60.0,0.00013032937,0.5407855,0.0005200552,0.00779088,-1.0044405460357666,-0.2012748420238495,-0.001247743726707995,0.01920415461063385,-0.6069654226303101,-0.08692734688520432,-0.311156302690506,-0.015812953934073448,-0.05320071056485176,-1.0140764970856253e-05,-4.97199010848999,-2.2618318546456067,-7.233821963135597,XGBoost
SRS2822269,5,102973,2000,0,0.0,1.0,0.0,-8.0,0.0,6.154027960323638e-08,1.108945987332502e-07,0.0,Reference zero,Shallow zero,0.0,-8.0,1.0,70.0,0.0001642303,0.41691843,0.000834813,0.009057804,-1.03056001663208,-0.20324862003326416,-0.0028086090460419655,0.021512454375624657,-0.19116102159023285,-0.0502389520406723,-0.5312787890434265,0.030361885204911232,-0.0020898955408483744,-1.2462883205444086e-05,-4.97199010848999,-1.9595240272292358,-6.931514135719226,XGBoost
SRS2821824,4,192431,2000,0,0.0,1.0,8.572800219463686e-06,-5.066370996364076,0.0,1.9203959047480464e-06,1.9217771156626263e-06,0.0,Very rare (<1e-4),Shallow zero,0.0,-8.0,1.0,105.0,0.00016615065,0.6978852,0.00025861867,0.0016578492,-0.8098620176315308,-0.15721340477466583,-0.002179487841203809,0.015466257929801941,0.2167690247297287,-0.22918473184108734,0.2782305181026459,0.029646527022123337,-0.09774699807167053,-1.0603553164401092e-05,-4.97199010848999,-0.7560849159290228,-5.728075024419013,XGBoost
SRS2822298,4,129390,2000,0,0.0,1.0,0.0,-8.0,0.0,2.166134901095063e-06,1.186435604561667e-06,0.0,Reference zero,Shallow zero,0.0,-8.0,1.0,77.0,0.00013956128,0.63746226,0.00022922806,0.0016121782,-0.8804330825805664,-0.17270122468471527,-0.00315103936009109,0.018195917829871178,-0.04488867521286011,0.041248105466365814,0.15812496840953827,-0.05178055539727211,0.014672355726361275,-1.2949966730957385e-05,-4.97199010848999,-0.9207261797700994,-5.89271628826009,XGBoost
SRS2821969,2,211915,2000,0,0.0,1.0,0.0002969473809241003,-3.5273058757926803,0.0,6.439292552802859e-07,8.400163846498421e-07,0.0,Rare (1e-4 to 1e-3),Shallow zero,0.0,-8.0,1.0,79.0,0.00017470912,0.63141996,0.00026357675,0.0017431062,-0.8939054012298584,-0.17838464677333832,-0.003474055789411068,0.01775304786860943,-0.19436025619506836,0.009149507619440556,0.10175734758377075,-0.04425467178225517,-0.014953388832509518,-1.299721589020919e-05,-4.97199010848999,-1.2006855147465103,-6.1726756232365005,XGBoost
SRS2822068,4,185862,2000,0,0.0,1.0,0.000177582616276254,-3.7505750947350087,0.0,1.1987617766893568e-05,5.848354390547695e-06,0.0,Rare (1e-4 to 1e-3),Shallow zero,0.0,-8.0,1.0,91.0,0.0005944871,0.8187311,0.0012293091,0.010404818,-0.8246973156929016,-0.16120579838752747,-0.002290550619363785,0.027972767129540443,-0.0026238164864480495,0.07394948601722717,0.6886927485466003,-0.061950068920850754,-0.004250131547451019,-1.9092742149950936e-05,-4.97199010848999,-0.2664217727033247,-5.238411881193315,XGBoost
SRS2822280,5,175037,2000,0,0.0,1.0,0.0,-8.0,0.0,2.0624544570640213e-06,5.236753338791936e-06,0.0,Reference zero,Shallow zero,0.0,-8.0,1.0,103.0,0.00018305703,0.64350456,0.00051597116,0.005605971,-0.820676326751709,-0.15761129558086395,-0.0015578196616843343,0.01811913587152958,0.4093601703643799,0.005708544049412012,0.21431785821914673,0.006552463863044977,-0.004233422689139843,-1.0984695109073073e-05,-4.97199010848999,-0.330031677010993,-5.302021785500983,XGBoost
SRS2822298,1,146247,2000,0,0.0,1.0,0.0,-8.0,0.0,3.845713547867667e-09,1.5846528393604032e-08,0.0,Reference zero,Shallow zero,0.0,-8.0,1.0,77.0,0.000114673334,0.2326284,0.0012743383,0.017979877,-1.0947550535202026,-0.21447157859802246,-0.003605671925470233,0.015859870240092278,-0.0847543403506279,-0.10786459594964981,-0.9293125867843628,-0.09055964648723602,-0.08709673583507538,-1.7793598090065643e-05,-4.97199010848999,-2.596578132808645,-7.568568241298635,XGBoost
SRS2821970,2,11043,2000,0,0.0,1.0,0.0003563277059237073,-3.448138220286694,0.0,4.454173140105902e-05,2.6018415129710698e-05,0.0,Rare (1e-4 to 1e-3),Shallow zero,0.0,-8.0,1.0,109.0,0.00011438911,0.72507554,0.00027012246,0.003013561,-0.7258158326148987,-0.13703396916389465,-0.0005299416952766478,0.01916361413896084,0.6612526774406433,-0.04282054677605629,0.4117724895477295,0.20595747232437134,-0.011475950479507446,-1.070918733603321e-05,-4.97199010848999,0.3804593035347352,-4.591530804955255,XGBoost
SRS2822111,3,9456,2000,0,0.0,1.0,1.335541428495112e-05,-4.874017574963585,0.0,3.2601501089632604e-07,4.0688952364917905e-07,0.0,Very rare (<1e-4),Shallow zero,0.0,-8.0,1.0,66.0,0.00011792643,0.6918429,0.0002351788,0.0014995105,-0.9311488270759583,-0.1789432018995285,-0.002953111659735441,0.013567970134317875,-0.4895964562892914,0.04927385598421097,0.206506609916687,-0.06598063558340073,-0.015297641046345234,-1.0636495062499307e-05,-4.97199010848999,-1.4145820740141062,-6.386572182504096,XGBoost
SRS2822253,2,145222,2000,0,0.0,1.0,0.0,-8.0,0.0,8.717493752709657e-06,1.480710599791264e-05,0.0,Reference zero,Shallow zero,0.0,-8.0,1.0,108.0,0.0007604187,0.6918429,0.0026780718,0.031470962,-0.7907285690307617,-0.15338265895843506,-0.0027412085328251123,0.03043930046260357,0.6554346084594727,0.09092230349779129,0.4078733026981354,-0.11933251470327377,0.017165103927254677,-1.6982765373541042e-05,-4.97199010848999,0.13563268505458836,-4.836357423435402,XGBoost
SRS2822025,5,182860,2000,0,0.0,1.0,0.00016960240350834686,-3.770542391594264,0.0,3.3939570225263975e-05,3.256851331448384e-05,0.0,Rare (1e-4 to 1e-3),Shallow zero,0.0,-8.0,1.0,68.0,0.0008390357,0.9667674,0.0023867982,0.034942154,-0.7311791777610779,-0.1454092562198639,-0.002734679263085127,0.020399169996380806,-0.26915550231933594,0.14134234189987183,1.4581844806671143,0.0014743802603334188,-0.011025454849004745,-3.251795715186745e-05,-4.97199010848999,0.46186378445418086,-4.510126324035809,XGBoost
SRS2822275,4,232457,2000,0,0.0,1.0,0.0,-8.0,0.0,0.0,1.5502749114197637e-09,0.0,Reference zero,Shallow zero,0.0,-8.0,1.0,65.0,8.3914376e-05,0.43806645,0.00015031584,0.0009858626,-1.0587633848190308,-0.20782159268856049,-0.0028133210726082325,0.013912733644247055,-0.7012527585029602,-0.042007431387901306,-0.5974462628364563,-0.21061435341835022,-0.16033154726028442,-9.76437240751693e-06,-4.97199010848999,-2.9671476827143124,-7.939137791204303,XGBoost
SRS2822183,5,7129,2000,0,0.0,1.0,6.893778365025564e-05,-4.161479689806253,0.0,7.743277785134425e-07,1.8094862765053619e-06,0.0,Very rare (<1e-4),Shallow zero,0.0,-8.0,1.0,105.0,0.00014564939,0.47734138,0.0005902907,0.006327274,-0.8956055045127869,-0.16304829716682434,-0.0022872923873364925,0.017945026978850365,0.4896405041217804,-0.019328191876411438,-0.2160802185535431,0.01886225864291191,-0.014968862757086754,-1.0475040653545875e-05,-4.97199010848999,-0.7848810525510999,-5.75687116104109,XGBoost
SRS2821972,2,232457,2000,0,0.0,1.0,0.00022407499043013065,-3.649587232227444,0.0,5.381681841833908e-06,3.443809164848631e-06,0.0,Rare (1e-4 to 1e-3),Shallow zero,0.0,-8.0,1.0,94.0,8.3914376e-05,0.43806645,0.00015031584,0.0009858626,-0.8756150603294373,-0.1609324812889099,-0.0016066305106505752,0.015729587525129318,0.45703330636024475,-0.0885746106505394,-0.1851438581943512,0.2833351194858551,0.051210056990385056,-1.1186594747414347e-05,-4.97199010848999,-0.5045757572070215,-5.476565865697012,XGBoost
SRS2821843,5,118090,2000,135,0.0675,0.0,0.0665257550581566,-1.1770101222838985,0.0675,0.07102171884446708,0.07020881906806216,0.0,Dominant (>=1e-2),Detected in shallow,4.912655,-1.1706961,0.047169812,105.0,0.050860923,0.95770395,0.060766596,0.24860331,2.680262565612793,0.5135647654533386,0.0034571432042866945,-0.009398069232702255,0.15191355347633362,0.03152383491396904,0.47468331456184387,-0.038944143801927567,-0.0032195565290749073,-1.3645145372720435e-05,-4.97199010848999,3.8038297625134874,-1.1681603459765029,XGBoost
SRS2822220,5,83909,2000,0,0.0,1.0,0.0,-8.0,0.0,1.659483125528882e-08,4.006826394181934e-08,0.0,Reference zero,Shallow zero,0.0,-8.0,1.0,56.0,0.0002642183,0.62537766,0.000567219,0.0059502665,-1.0017181634902954,-0.19660067558288574,-0.0026407986879348755,0.018487807363271713,-0.8447245359420776,-0.018864428624510765,-0.07456611096858978,-0.13102176785469055,-0.10205867141485214,-9.259416401619092e-06,-4.97199010848999,-2.353716604618967,-7.325706713108957,XGBoost
SRS2822218,4,168997,2000,0,0.0,1.0,0.0,-8.0,0.0,5.713791158028165e-07,5.239286566514464e-07,0.0,Reference zero,Shallow zero,0.0,-8.0,1.0,60.0,0.000349423,0.51963747,0.0011893368,0.011677807,-0.9953173995018005,-0.19511747360229492,-0.0032439613714814186,0.0247015580534935,-0.16706539690494537,0.05461057275533676,-0.21740636229515076,0.10821671783924103,0.04294809326529503,-1.5955734852468595e-05,-4.97199010848999,-1.3476896074971592,-6.319679715987149,XGBoost
SRS2822269,4,99344,2000,0,0.0,1.0,0.0,-8.0,0.0,8.396804723878445e-08,1.674336797806632e-07,0.0,Reference zero,Shallow zero,0.0,-8.0,1.0,75.0,9.211406e-05,0.6283988,0.000105408566,0.0006966057,-0.9190101623535156,-0.18001443147659302,-0.0023400704376399517,0.01327234786003828,-0.5014197826385498,-0.04197024181485176,-0.045919548720121384,-0.13858821988105774,-0.0010302249575033784,-1.2628070180653594e-05,-4.97199010848999,-1.817032962489975,-6.789023070979965,XGBoost
SRS2822125,3,28602,2000,2,0.001,0.0,0.001142426284943964,-2.942168011712258,0.001,0.001302435399882913,0.0011965859720478365,0.0,Common (1e-3 to 1e-2),Detected in shallow,1.0986123,-2.9999957,0.53246754,76.0,0.014775581,1.0,0.0135069,0.05472452,0.87313312292099,0.16219358146190643,0.003275497118011117,-0.014219040051102638,-0.04597482085227966,0.17035233974456787,0.8789697885513306,0.00574914738535881,-0.009081201627850533,-0.0009551297989673913,-4.97199010848999,2.0234432848519646,-2.9485468236380257,XGBoost
SRS2822149,5,222950,2000,1,0.0005,0.0,0.00015243404505514848,-3.816889535878469,0.0005,0.0003181516536322034,0.0003276955400242362,0.0,Rare (1e-4 to 1e-3),Detected in shallow,0.6931472,-3.3010213,0.9052632,94.0,0.00013022231,0.40785497,0.00025886897,0.001530232,1.1416869163513184,0.20823456346988678,0.003982197027653456,-0.00404265895485878,0.19187122583389282,-0.05949727073311806,-0.11063545197248459,0.13051912188529968,0.00881181750446558,-3.5098608350381255e-05,-4.97199010848999,1.5108953618037049,-3.4610947466862854,XGBoost
SRS2822077,3,192431,2000,0,0.0,1.0,0.0005346564297782245,-3.2719170831892845,0.0,2.6962238656400107e-05,1.2562897600409946e-05,0.0,Rare (1e-4 to 1e-3),Shallow zero,0.0,-8.0,1.0,61.0,0.00016615065,0.6978852,0.00025861867,0.0016578492,-0.834540069103241,-0.15928113460540771,0.003260235767811537,0.015990467742085457,0.031189030036330223,0.22402547299861908,0.7131491899490356,-0.021653305739164352,0.08038656413555145,-9.86903796729166e-06,-4.97199010848999,0.05251658214365307,-4.919473526346337,XGBoost
SRS2821816,1,78621,2000,0,0.0,1.0,4.6938807441365604e-05,-4.328375434882687,0.0,1.3557158610074812e-06,1.256493423878734e-06,0.0,Very rare (<1e-4),Shallow zero,0.0,-8.0,1.0,89.0,0.00013518828,0.5679758,0.00035417997,0.0035969252,-0.9024975299835205,-0.17096173763275146,-0.0020137240644544363,0.018256312236189842,0.1172592043876648,-0.02953232079744339,-0.011286198161542416,0.05692581087350845,8.401483501074836e-05,-1.1610644833126571e-05,-4.97199010848999,-0.9237777789521715,-5.895767887442162,XGBoost
SRS2821894,4,117212,2000,0,0.0,1.0,9.460936842990497e-05,-4.024019955128319,0.0,3.977455575187736e-05,4.346680574036315e-05,0.0,Very rare (<1e-4),Shallow zero,0.0,-8.0,1.0,63.0,0.00020029076,0.9305136,0.0001987851,0.0013378164,-0.6870094537734985,-0.1345067173242569,-0.0013474070001393557,0.019562436267733574,-0.0997975543141365,0.1214539185166359,1.3119075298309326,0.09177547693252563,0.011811534874141216,-1.170029463537503e-05,-4.97199010848999,0.6338380637153023,-4.338152044774688,XGBoost
SRS2822053,3,39261,2000,1,0.0005,0.0,0.0009368412834725584,-3.028329343896899,0.0005,0.0006976429277259601,0.0004899997325081615,0.0,Rare (1e-4 to 1e-3),Detected in shallow,0.6931472,-3.3010213,0.86567163,66.0,0.00059366494,0.81570995,0.00085873617,0.004203242,1.0317378044128418,0.18649402260780334,0.004590596538037062,0.008773102425038815,-0.0978565588593483,0.11648168414831161,0.26071563363075256,0.04331519454717636,0.05725230276584625,-9.603860962670296e-05,-4.97199010848999,1.6114077436068328,-3.3605823648831574,XGBoost
SRS2822122,1,210905,2000,0,0.0,1.0,1.2681986506366353e-05,-4.896470398296629,0.0,1.5881984055775023e-06,1.4695796136733731e-06,0.0,Very rare (<1e-4),Shallow zero,0.0,-8.0,1.0,91.0,0.00011278986,0.6163142,0.00036509807,0.0045757582,-0.8826916813850403,-0.17153729498386383,-0.0016635910142213106,0.018997913226485252,0.0917138010263443,-0.08611808717250824,0.10731618851423264,0.02998540736734867,0.014029462821781635,-1.2020866051898338e-05,-4.97199010848999,-0.8799799024654931,-5.851970010955483,XGBoost
SRS2822218,3,260520,2000,8,0.004,0.0,0.0037698390568710344,-2.4236760384096834,0.004,0.004209064063906758,0.004566409585232436,0.0,Common (1e-3 to 1e-2),Detected in shallow,2.1972246,-2.397939,0.36666667,59.0,0.00070851785,0.52567977,0.001622775,0.0094716055,2.1607449054718018,0.4052012860774994,0.0032860503997653723,-0.04972810670733452,-0.02621021866798401,0.05589624121785164,-0.04885684698820114,0.04633256793022156,0.04359874501824379,8.093496035144199e-06,-4.97199010848999,2.590272717247899,-2.3817173912420913,XGBoost
SRS2822279,2,139050,2000,0,0.0,1.0,0.0,-8.0,0.0,2.871311131656462e-08,4.872390171966643e-08,0.0,Reference zero,Shallow zero,0.0,-8.0,1.0,105.0,0.000108924454,0.1691843,0.0010676667,0.013813187,-1.060465931892395,-0.20708537101745605,-0.0016788598150014877,0.01838877610862255,0.27293387055397034,-0.15885472297668457,-1.0859469175338745,-0.07335198670625687,0.014423011802136898,-1.0856140761461575e-05,-4.97199010848999,-2.2816489876177,-7.25363909610769,XGBoost
SRS2822269,4,79943,2000,2,0.001,0.0,0.0005763391282655634,-3.2393143593787985,0.001,0.000665038473840724,0.0007774887425759144,0.0,Rare (1e-4 to 1e-3),Detected in shallow,1.0986123,-2.9999957,0.59210527,75.0,0.001270166,0.20845921,0.0076001454,0.09180757,1.8721429109573364,0.3588618338108063,0.004864197224378586,0.008626218885183334,-0.03185458853840828,0.04631920903921127,-0.3912074863910675,-0.016182757914066315,-0.029027529060840607,-0.0002894685312639922,-4.97199010848999,1.8222525394812692,-3.149737569008721,XGBoost
SRS2822026,4,260520,2000,5,0.0025,0.0,0.0012163236378611858,-2.9149472826226908,0.0025,0.002701791103732051,0.0024094502749959236,0.0,Common (1e-3 to 1e-2),Detected in shallow,1.7917595,-2.6020582,0.46031746,62.0,0.00070851785,0.52567977,0.001622775,0.0094716055,1.960891842842102,0.3492182791233063,0.0033919450361281633,-0.0450013130903244,0.02041279710829258,0.055560797452926636,-0.05120052769780159,0.04496460780501366,0.049384705722332,-2.7471374778542668e-05,-4.97199010848999,2.387595662927197,-2.5843944455627934,XGBoost
SRS2822180,3,207119,2000,0,0.0,1.0,0.00029017573768113313,-3.5373239364833826,0.0,2.8990693661594356e-05,1.529913556965624e-05,0.0,Rare (1e-4 to 1e-3),Shallow zero,0.0,-8.0,1.0,67.0,0.0020778195,0.8912387,0.0024632458,0.01316057,-0.8133317828178406,-0.15619635581970215,-0.003735625883564353,0.04564160853624344,-0.306984543800354,0.136158287525177,1.1184636354446411,0.016855506226420403,0.008008114993572235,-2.5818437279667705e-05,-4.97199010848999,0.04485302596731344,-4.927137082522677,XGBoost
SRS2821816,4,101509,2000,0,0.0,1.0,0.0,-8.0,0.0,2.414835299582122e-09,2.105053139145679e-08,0.0,Reference zero,Shallow zero,0.0,-8.0,1.0,84.0,0.00035061495,0.29305136,0.0015501347,0.015001633,-1.106530785560608,-0.21727494895458221,-0.0029750498943030834,0.017801212146878242,-0.134391650557518,-0.08604729920625687,-0.855085551738739,-0.10259625315666199,-0.04704544320702553,-1.8240967619931325e-05,-4.97199010848999,-2.5341640110964363,-7.5061541195864265,XGBoost
SRS2821835,5,66728,2000,0,0.0,1.0,0.0,-8.0,0.0,1.0445161946795961e-07,1.1607036225016412e-07,0.0,Reference zero,Shallow zero,0.0,-8.0,1.0,52.0,0.00038362664,0.6978852,0.00076735264,0.0055927797,-0.9597053527832031,-0.19118717312812805,-0.002243404509499669,0.019063999876379967,-0.8234196901321411,-0.08734165877103806,0.2498723864555359,-0.02983051724731922,-0.1261315941810608,-7.886321327532642e-06,-4.97199010848999,-1.9509308907418017,-6.922920999231792,XGBoost
SRS2822133,3,95092,2000,0,0.0,1.0,7.392485538450167e-05,-4.131150772262433,0.0,2.8472748515025855e-06,1.0855750597219311e-06,0.0,Very rare (<1e-4),Shallow zero,0.0,-8.0,1.0,106.0,0.0002155104,0.50453174,0.0010910212,0.017478416,-0.9102954864501953,-0.17529261112213135,-0.0019951288122683764,0.021556418389081955,0.4155750572681427,-0.02265983633697033,-0.30672022700309753,-0.11163181811571121,0.07808127999305725,-1.1054508831875864e-05,-4.97199010848999,-1.013393406698924,-5.985383515188914,XGBoost
SRS2821931,2,6864,2000,0,0.0,1.0,0.0,-8.0,0.0,1.3921780319966382e-07,7.815255581251884e-08,0.0,Reference zero,Shallow zero,0.0,-8.0,1.0,97.0,0.00012869238,0.29305136,0.0003793533,0.0027095443,-1.039795160293579,-0.20020383596420288,-0.003234121948480606,0.011122559197247028,0.15994910895824432,-0.07690063118934631,-0.8865958452224731,0.008036591112613678,-0.06121489033102989,-1.08068552435725e-05,-4.97199010848999,-2.0888470325362505,-7.060837141026241,XGBoost
SRS2821854,1,34262,2000,6,0.003,0.0,0.003208646457823186,-2.493676779152095,0.003,0.0017613213979841595,0.0017987563094245369,0.0,Common (1e-3 to 1e-2),Detected in shallow,1.9459101,-2.5228772,0.45652175,91.0,0.000748398,0.93957704,0.0009992564,0.014535054,1.4325193166732788,0.280750036239624,0.004043509718030691,-0.01634029485285282,0.02961820363998413,0.01014197338372469,0.4966873824596405,-0.04599465802311897,0.016107166185975075,-3.9228230889420956e-05,-4.97199010848999,2.2074934071933967,-2.7644967012965935,XGBoost
SRS2822000,2,132485,2000,0,0.0,1.0,0.0,-8.0,0.0,9.270270254948888e-08,7.27503211896471e-08,0.0,Reference zero,Shallow zero,0.0,-8.0,1.0,103.0,9.7242526e-05,0.2900302,0.0008348413,0.012584948,-1.0298161506652832,-0.19996775686740875,-0.0030682908836752176,0.015115921385586262,0.13386036455631256,-0.1518668681383133,-0.8030555844306946,-0.04752659425139427,-0.03545335680246353,-9.718507499201223e-06,-4.97199010848999,-2.1217880346048332,-7.0937781430948235,XGBoost
SRS2821901,5,189417,2000,0,0.0,1.0,1.0248631807653678e-05,-4.988910557158755,0.0,8.871722148884076e-08,2.598153127186768e-07,0.0,Very rare (<1e-4),Shallow zero,0.0,-8.0,1.0,85.0,0.0001201573,0.4954683,0.00021578823,0.0018350831,-0.9763756394386292,-0.1883201003074646,-0.0035195951350033283,0.014132274314761162,-0.21802392601966858,-0.007793020457029343,-0.2382504940032959,0.04478223994374275,0.0043496196158230305,-1.1526746675372124e-05,-4.97199010848999,-1.5690301682334393,-6.54102027672343,XGBoost
SRS2821946,5,99800,2000,0,0.0,1.0,0.0,-8.0,0.0,6.071184646898815e-08,6.147083558654621e-08,0.0,Reference zero,Shallow zero,0.0,-8.0,1.0,46.0,0.00017894566,0.42598188,0.0008085372,0.008019752,-1.0553582906723022,-0.20578421652317047,-0.0036206007935106754,0.01808146946132183,-0.5367394685745239,0.007248942274600267,-0.3907563388347626,0.03280435875058174,-0.0581531748175621,-5.539991434488911e-06,-4.97199010848999,-2.1922828597207626,-7.164272968210753,XGBoost
SRS2822243,2,97979,2000,0,0.0,1.0,0.0,-8.0,0.0,1.1052791634991726e-07,7.769595723774211e-08,0.0,Reference zero,Shallow zero,0.0,-8.0,1.0,81.0,0.0001398357,0.4410876,0.00060515414,0.0063766507,-1.0312210321426392,-0.2021969109773636,-0.00214006588794291,0.01881648413836956,-0.29933953285217285,-0.05995982140302658,-0.4999706745147705,-0.011991151608526707,-0.0057565984316170216,-1.3016962839174084e-05,-4.97199010848999,-2.093772320642529,-7.065762429132519,XGBoost
SRS2821901,5,4843,2000,0,0.0,1.0,4.099452723061471e-05,-4.387168191018538,0.0,2.107959020228858e-06,3.426310764044078e-06,0.0,Very rare (<1e-4),Shallow zero,0.0,-8.0,1.0,85.0,0.0002651976,0.7945619,0.00094802177,0.00783778,-0.8381990194320679,-0.1640312671661377,-0.0010998245561495423,0.014120249077677727,-0.16599877178668976,0.0769471600651741,0.6051542162895203,-4.5823831896996126e-05,0.010119770653545856,-1.4103270586929284e-05,-4.97199010848999,-0.46304741395761084,-5.435037522447601,XGBoost
SRS2821968,5,77276,2000,0,0.0,1.0,0.0,-8.0,0.0,0.0,1.480577810200327e-09,0.0,Reference zero,Shallow zero,0.0,-8.0,1.0,57.0,0.0002371714,0.1450151,0.0017030517,0.0159834,-1.1469792127609253,-0.22410796582698822,-0.0005166863556951284,0.018989475443959236,-0.3484911024570465,-0.05356842651963234,-1.0163551568984985,-0.06260949373245239,-0.13783390820026398,-1.4492869922833052e-05,-4.97199010848999,-2.971486970177466,-7.943477078667456,XGBoost
SRS2821824,2,233976,2000,7,0.0035,0.0,0.0034719840888827926,-2.4594210228871844,0.0035,0.0029666608020697737,0.0029834020670358678,0.0,Common (1e-3 to 1e-2),Detected in shallow,2.0794415,-2.4559307,0.36893204,102.0,0.0008927084,0.6465257,0.0014619017,0.00867638,1.9205173254013062,0.3597114682197571,0.004090726841241121,-0.020013609901070595,0.1682715117931366,-0.0122291324660182,0.060826074331998825,-0.0395096130669117,0.006765905302017927,-1.584251003805548e-05,-4.97199010848999,2.448414813945419,-2.523575294544571,XGBoost
SRS2821901,2,192138,2000,0,0.0,1.0,0.0,-8.0,0.0,3.990569888402341e-08,3.9058126860749414e-08,0.0,Reference zero,Shallow zero,0.0,-8.0,1.0,82.0,9.820939e-05,0.21450152,0.0008801074,0.014593427,-1.100135326385498,-0.21678566932678223,-0.002935063326731324,0.015349667519330978,-0.03547971323132515,-0.06943850219249725,-0.8761274218559265,-0.006574781145900488,-0.029237251728773117,-1.2911500562040601e-05,-4.97199010848999,-2.321376973174665,-7.293367081664655,XGBoost
SRS2821946,5,149687,2000,0,0.0,1.0,0.0,-8.0,0.0,1.974567118243016e-07,3.468393288531206e-08,0.0,Reference zero,Shallow zero,0.0,-8.0,1.0,46.0,0.00020057724,0.29909366,0.0010210794,0.011921377,-1.0978806018829346,-0.2170664221048355,-0.002871814649552107,0.015839824452996254,-0.36757588386535645,-0.04968644678592682,-0.7231079936027527,0.10146750509738922,-0.05353882163763046,-9.192833203996997e-06,-4.97199010848999,-2.394429847811807,-7.366419956301797,XGBoost
SRS2821908,3,250171,2000,0,0.0,1.0,4.2527080637420184e-05,-4.371232319477142,0.0,3.670249484760457e-05,1.523236847560806e-05,0.0,Very rare (<1e-4),Shallow zero,0.0,-8.0,1.0,86.0,0.0027770875,0.92749244,0.008362512,0.09246352,-0.7833762168884277,-0.15393395721912384,-0.0030809417366981506,0.028705716133117676,-0.18077470362186432,0.129634827375412,1.1706695556640625,-0.04796869307756424,-0.030642617493867874,-0.00016069049888756126,-4.97199010848999,0.12907227863615844,-4.842917829853832,XGBoost
SRS2822262,4,187492,2000,1,0.0005,0.0,0.000633282143026772,-3.1983959000372386,0.0005,0.00012551110158855674,0.00012994224649289827,0.0,Rare (1e-4 to 1e-3),Detected in shallow,0.6931472,-3.3010213,0.953125,63.0,0.00012210515,0.60120845,0.00041626513,0.0043488,0.932660698890686,0.18147994577884674,0.005118167959153652,-0.013443071395158768,-0.046575166285037994,-0.12037280201911926,0.10590401291847229,0.04615853726863861,0.009552410803735256,-3.9055172237567604e-05,-4.97199010848999,1.100443678747979,-3.8715464297420112,XGBoost
SRS2822149,1,112852,2000,2,0.001,0.0,0.0004681902812408132,-3.329568329765203,0.001,0.0005837683713721321,0.0005670216277131461,0.0,Rare (1e-4 to 1e-3),Detected in shallow,1.0986123,-2.9999957,0.62,99.0,0.00033432082,0.6646526,0.00087694323,0.012987667,1.2100510597229004,0.21313488483428955,0.0017607067711651325,-0.028118373826146126,0.19334587454795837,-0.010220589116215706,0.13975384831428528,0.005662209820002317,0.015722425654530525,-0.00013492608559317887,-4.97199010848999,1.7409571206371766,-3.2310329878528137,XGBoost
SRS2822218,4,121481,2000,0,0.0,1.0,2.230673998148541e-05,-4.651369246627695,0.0,9.205960912970689e-08,8.856203790940105e-08,0.0,Very rare (<1e-4),Shallow zero,0.0,-8.0,1.0,60.0,0.0008315501,0.3323263,0.0020638965,0.011999596,-1.0988972187042236,-0.21257641911506653,-0.003078455338254571,0.01951676234602928,-0.047690823674201965,0.04403821378946304,-0.6809816956520081,-0.06259170919656754,-0.03500478342175484,-2.143182064173743e-05,-4.97199010848999,-2.0772875607872265,-7.049277669277217,XGBoost
SRS2822023,5,27862,2000,1,0.0005,0.0,0.00021760733481789894,-3.6623065128529775,0.0005,9.711500985982805e-05,0.0001253618458921822,0.0,Rare (1e-4 to 1e-3),Detected in shallow,0.6931472,-3.3010213,0.89041096,72.0,0.00014364219,0.6586103,0.0002519463,0.0024388528,1.1117106676101685,0.22887614369392395,0.003643427975475788,-0.016759570688009262,-0.22435817122459412,-0.07200581580400467,0.02965545654296875,-0.024142740294337273,0.015635261312127113,-4.306540358811617e-05,-4.97199010848999,1.0522115937201306,-3.9197785147698596,XGBoost
SRS2821871,4,207119,2000,0,0.0,1.0,0.0008625375144740885,-3.0642169719584134,0.0,4.144135855344432e-05,9.84415632000232e-05,0.0,Rare (1e-4 to 1e-3),Shallow zero,0.0,-8.0,1.0,96.0,0.0020778195,0.8912387,0.0024632458,0.01316057,-0.7140628099441528,-0.1355796903371811,-0.002540365792810917,0.05798019468784332,0.4043939709663391,0.23496569693088531,1.0589218139648438,-0.040512554347515106,0.11130928248167038,-2.0385759853525087e-05,-4.97199010848999,0.9748551528500684,-3.997134955639922,XGBoost
SRS2821890,2,242803,2000,0,0.0,1.0,5.515111405250386e-05,-4.258366971249466,0.0,5.141315361536198e-06,7.513323969431773e-06,0.0,Very rare (<1e-4),Shallow zero,0.0,-8.0,1.0,105.0,0.00056018727,0.673716,0.0013985957,0.011823229,-0.8263983726501465,-0.16056446731090546,-0.0025620236992836,0.02381608448922634,0.5142014026641846,0.06461790949106216,0.40299421548843384,-0.135033518075943,-0.05833902582526207,-1.626429002499208e-05,-4.97199010848999,-0.17728405971865868,-5.149274168208649,XGBoost
SRS2821968,5,9456,2000,3,0.0015,0.0,0.0005667809674951115,-3.24657707938133,0.0015,0.0007129996679577284,0.0005271027382128821,0.0,Rare (1e-4 to 1e-3),Detected in shallow,1.3862944,-2.823906,0.82758623,57.0,0.00011792643,0.6918429,0.0002351788,0.0014995105,1.7184522151947021,0.32560619711875916,0.0037712922785431147,0.031792979687452316,-0.33405813574790955,-0.053971439599990845,0.05256381258368492,-0.06842537969350815,-0.009189336560666561,-7.103326061042026e-05,-4.97199010848999,1.6664711720004561,-3.305518936489534,XGBoost
SRS2821875,2,88503,2000,0,0.0,1.0,0.0,-8.0,0.0,1.6837594196487632e-06,3.1921642943235932e-06,0.0,Reference zero,Shallow zero,0.0,-8.0,1.0,102.0,0.00044400847,0.776435,0.0010493724,0.009021864,-0.8079664707183838,-0.1598902940750122,-0.0017822310328483582,0.018227895721793175,0.11432316899299622,0.06372714042663574,0.4889761805534363,-0.16964852809906006,-0.09893662482500076,-1.3391352695180103e-05,-4.97199010848999,-0.5529831544081389,-5.524973262898129,XGBoost
SRS2822236,4,230879,2000,0,0.0,1.0,1.267073819720737e-05,-4.896855463674951,0.0,1.1918409918050048e-06,1.8863617496367705e-06,0.0,Very rare (<1e-4),Shallow zero,0.0,-8.0,1.0,61.0,0.0015856185,0.8126888,0.0057585547,0.060026452,-0.8530977368354797,-0.16989025473594666,-0.002234055893495679,0.03271563723683357,-0.3896125555038452,0.0030166497454047203,0.6290975213050842,-0.0010251692729070783,0.013432391919195652,-2.282357309013605e-05,-4.97199010848999,-0.7376203956082463,-5.709610504098237,XGBoost
SRS2822279,1,242803,2000,0,0.0,1.0,9.323487730290148e-06,-5.0299560391068985,0.0,1.1543551362902747e-05,1.1294752384472003e-05,0.0,Very rare (<1e-4),Shallow zero,0.0,-8.0,1.0,107.0,0.00056018727,0.673716,0.0013985957,0.011823229,-0.8083092570304871,-0.15441280603408813,-0.0025096528697758913,0.023771140724420547,0.6265261769294739,0.07134965062141418,0.43589213490486145,-0.13360655307769775,-0.05714523419737816,-1.630176484468393e-05,-4.97199010848999,0.0015392982058983762,-4.970450810284092,XGBoost
SRS2821854,2,181023,2000,0,0.0,1.0,0.0,-8.0,0.0,4.6266626025900074e-07,3.532395816273989e-07,0.0,Reference zero,Shallow zero,0.0,-8.0,1.0,89.0,0.0005816964,0.6404834,0.0010030159,0.0040213442,-0.9316058158874512,-0.17746137082576752,-0.004023463930934668,0.020703338086605072,-0.15461720526218414,-0.08498578518629074,0.043867193162441254,-0.1442626267671585,-0.046984728425741196,-1.84937562153209e-05,-4.97199010848999,-1.479388958792697,-6.451379067282687,XGBoost
SRS2821970,4,258891,2000,0,0.0,1.0,0.0,-8.0,0.0,8.91385081923587e-08,1.1885669850205262e-07,0.0,Reference zero,Shallow zero,0.0,-8.0,1.0,113.0,0.00010790843,0.38670695,0.0002697227,0.0033856751,-0.9732089042663574,-0.18968170881271362,-0.0014403819805011153,0.016562381759285927,0.3128476142883301,-0.15055227279663086,-0.91217440366745,0.04934588447213173,-0.07848156243562698,-1.0415301403554622e-05,-4.97199010848999,-1.9267937687409358,-6.898783877230926,XGBoost
SRS2822280,5,409,2000,0,0.0,1.0,0.0,-8.0,0.0,1.0282145152907241e-06,1.0224719340364063e-06,0.0,Reference zero,Shallow zero,0.0,-8.0,1.0,103.0,0.0003689609,0.50151056,0.0015162228,0.014549168,-0.928995668888092,-0.17750941216945648,-0.002432712120935321,0.024822309613227844,0.3637514114379883,-0.010264884680509567,-0.22899335622787476,-0.14992111921310425,0.07368926703929901,-1.2377689017739613e-05,-4.97199010848999,-1.035866542898475,-6.007856651388465,XGBoost
SRS2821871,2,164928,2000,2,0.001,0.0,0.0010279556679348724,-2.988021389694265,0.001,0.0006296738176460038,0.0005538492268457404,0.0,Common (1e-3 to 1e-2),Detected in shallow,1.0986123,-2.9999957,0.6372549,101.0,0.00087888475,0.8791541,0.0013569267,0.01291505,1.113187551498413,0.2089831531047821,0.002347279340028763,-0.007659839931875467,0.0765506848692894,0.05863717943429947,0.3461885452270508,-0.041721321642398834,-0.03299616277217865,-0.00017878600920084864,-4.97199010848999,1.7233382831182098,-3.2486518253717804,XGBoost
SRS2822236,5,57440,2000,0,0.0,1.0,0.00016471959656369582,-3.7832283651924947,0.0,8.051174139138215e-05,6.660933520448805e-05,0.0,Rare (1e-4 to 1e-3),Shallow zero,0.0,-8.0,1.0,67.0,0.0019832102,0.9848943,0.010929906,0.19425108,-0.7055068612098694,-0.14341263473033905,-0.002407150575891137,0.03133807331323624,-0.3735213875770569,0.19767895340919495,1.742911458015442,0.026094308122992516,0.016615133732557297,-8.291558333439752e-05,-4.97199010848999,0.789706976916932,-4.182283131573058,XGBoost
SRS2822129,3,117212,2000,1,0.0005,0.0,0.00045014189255308736,-3.3466409196311293,0.0005,0.00031717003819082277,0.00029312842840642706,0.0,Rare (1e-4 to 1e-3),Detected in shallow,0.6931472,-3.3010213,0.8839286,111.0,0.00020029076,0.9305136,0.0001987851,0.0013378164,0.5915457606315613,0.11603567004203796,0.0029006381519138813,-0.011559123173356056,0.26574257016181946,-0.030787786468863487,0.42078202962875366,0.08366377651691437,-0.008397587575018406,-3.18619713652879e-05,-4.97199010848999,1.4298940859443974,-3.542096022545593,XGBoost
SRS2822279,5,189417,2000,2,0.001,0.0,0.00022376370552696352,-3.6501909464736357,0.001,0.00037886628850821493,0.00048150279750103323,0.0,Rare (1e-4 to 1e-3),Detected in shallow,1.0986123,-2.9999957,0.6880734,108.0,0.0001201573,0.4954683,0.00021578823,0.0018350831,1.1678649187088013,0.20665518939495087,0.0006981141632422805,-0.0221073217689991,0.3168257474899292,-0.08003979176282883,-0.04070964455604553,0.07515229284763336,0.0033924232702702284,-0.00010725703759817407,-4.97199010848999,1.6276246707493556,-3.3443654377406347,XGBoost
SRS2821881,2,124698,2000,0,0.0,1.0,0.00015253720212874138,-3.8165957533522312,0.0,6.996562385815864e-05,5.7509156577120547e-05,0.0,Rare (1e-4 to 1e-3),Shallow zero,0.0,-8.0,1.0,56.0,0.001882135,0.9667674,0.0028303303,0.021146027,-0.7180300951004028,-0.13780577480793,-0.0021846964955329895,0.0267467238008976,-0.34436577558517456,0.16882315278053284,1.658084511756897,0.001925842254422605,0.04133257269859314,-2.8845082852058113e-05,-4.97199010848999,0.6944976162194507,-4.2774924922705395,XGBoost
SRS2822122,4,29321,2000,0,0.0,1.0,0.0,-8.0,0.0,7.556667366597563e-08,1.8671348907554034e-07,0.0,Reference zero,Shallow zero,0.0,-8.0,1.0,90.0,0.00011174009,0.61329305,0.00031581044,0.0026350203,-0.9085174202919006,-0.18108654022216797,-0.002486123703420162,0.012578718364238739,-0.2014552503824234,-0.24100318551063538,-0.07238181680440903,-0.09412281215190887,-0.06539582461118698,-1.1707253179338295e-05,-4.97199010848999,-1.753881962566993,-6.725872071056983,XGBoost
SRS2822279,3,192431,2000,0,0.0,1.0,0.0,-8.0,0.0,2.6333003957737605e-06,2.525953280341826e-06,0.0,Reference zero,Shallow zero,0.0,-8.0,1.0,108.0,0.00016615065,0.6978852,0.00025861867,0.0016578492,-0.7932392358779907,-0.15253208577632904,-0.0019828451331704855,0.01705787517130375,0.3438088297843933,-0.26167356967926025,0.28247958421707153,0.018558109179139137,-0.10309361666440964,-1.070918733603321e-05,-4.97199010848999,-0.6506276639665884,-5.622617772456579,XGBoost
SRS2822218,4,149360,2000,5,0.0025,0.0,0.002732575647731963,-2.563426217025305,0.0025,0.0026744592443121245,0.002635453040553868,0.0,Common (1e-3 to 1e-2),Detected in shallow,1.7917595,-2.6020582,0.40983605,60.0,0.0036443758,0.9818731,0.0039649075,0.022232069,1.5095012187957764,0.2702898681163788,0.0042596664279699326,-0.020197324454784393,-0.11555080860853195,0.053385354578495026,0.6384496092796326,0.016671476885676384,-0.011987290345132351,-8.87893111212179e-05,-4.97199010848999,2.344732981364359,-2.627257127125631,XGBoost
SRS2821894,2,80933,2000,0,0.0,1.0,2.102430409553444e-05,-4.677071851722514,0.0,8.455192907504729e-07,1.0702563439251024e-06,0.0,Very rare (<1e-4),Shallow zero,0.0,-8.0,1.0,67.0,8.703334e-05,0.5347432,0.00016003146,0.0009555507,-0.9269347786903381,-0.17872443795204163,-0.002726692706346512,0.015058326534926891,-0.25602278113365173,0.017570743337273598,-0.003716433420777321,0.013609545305371284,0.3175850510597229,-1.0741810001491103e-05,-4.97199010848999,-1.0043121994758621,-5.976302307965852,XGBoost
SRS2822168,4,250171,2000,0,0.0,1.0,2.4052627148200257e-05,-4.618656958306246,0.0,4.195385610659265e-06,1.8952516844735695e-05,0.0,Very rare (<1e-4),Shallow zero,0.0,-8.0,1.0,70.0,0.0027770875,0.92749244,0.008362512,0.09246352,-0.7737165689468384,-0.15506352484226227,-0.003558689495548606,0.024011986330151558,-0.17691542208194733,0.06624904274940491,1.2153215408325195,-0.015197240747511387,-0.039803799241781235,-0.00016794924158602953,-4.97199010848999,0.14115937531460077,-4.8308307331753895,XGBoost
SRS2822111,1,177245,2000,0,0.0,1.0,0.0,-8.0,0.0,1.0814761234756997e-07,1.503767618898717e-07,0.0,Reference zero,Shallow zero,0.0,-8.0,1.0,68.0,0.00019939797,0.6646526,0.0002640013,0.0018696646,-0.9479591846466064,-0.18622292578220367,-0.005015961825847626,0.018212808296084404,-0.6627010107040405,-0.02094274014234543,0.11768385767936707,-0.10035286098718643,-0.04272698611021042,-1.1872650247823913e-05,-4.97199010848999,-1.830036876873237,-6.802026985363227,XGBoost
SRS2821894,2,257397,2000,0,0.0,1.0,0.0,-8.0,0.0,5.0407020142920686e-08,1.1749306083655981e-08,0.0,Reference zero,Shallow zero,0.0,-8.0,1.0,67.0,0.00015708068,0.19033232,0.0016443494,0.023730317,-1.1373902559280396,-0.22496849298477173,-0.003129892982542515,0.01747715100646019,-0.2929818332195282,-0.04742752015590668,-0.9521287679672241,-0.02139362506568432,-0.03393767401576042,-1.7011032468872145e-05,-4.97199010848999,-2.695897922345466,-7.6678880308354564,XGBoost
SRS2822253,2,99800,2000,1,0.0005,0.0,8.343763037129746e-05,-4.078585991294875,0.0005,0.00018942611984185795,0.00020159570706544956,0.0,Very rare (<1e-4),Detected in shallow,0.6931472,-3.3010213,0.88990825,108.0,0.00017894566,0.42598188,0.0008085372,0.008019752,1.1286892890930176,0.23173639178276062,0.0026407395489513874,-0.011217483319342136,0.2498326152563095,-0.06488872319459915,-0.1946409046649933,-0.04057670384645462,-0.032173022627830505,-3.398601256776601e-05,-4.97199010848999,1.2693682120152516,-3.7026218964747386,XGBoost
SRS2821972,1,224005,2000,0,0.0,1.0,0.00018672915869177555,-3.7287646021337615,0.0,2.1034424664222593e-07,6.230679968943105e-07,0.0,Rare (1e-4 to 1e-3),Shallow zero,0.0,-8.0,1.0,104.0,0.0001551267,0.40785497,0.0004021337,0.003324249,-0.9408858418464661,-0.17984558641910553,-0.0023942780680954456,0.01590709201991558,0.4103955626487732,-0.03423164412379265,-0.44149160385131836,0.011698892340064049,-0.08376923203468323,-1.032865111483261e-05,-4.97199010848999,-1.2446269679858233,-6.2166170764758135,XGBoost
SRS2822063,2,87310,2000,8,0.004,0.0,0.0029435395515302015,-2.53112864890396,0.004,0.002460999779393801,0.0040665220653275215,0.0,Common (1e-3 to 1e-2),Detected in shallow,2.1972246,-2.397939,0.3292683,81.0,0.0025290293,0.9909366,0.003434524,0.030143272,1.5170807838439941,0.30419841408729553,0.002857680432498455,-0.009992333129048347,-0.07625725120306015,0.024737538769841194,0.6934559941291809,0.0056801773607730865,-0.002662037732079625,-6.454114918597043e-05,-4.97199010848999,2.4590344254102092,-2.512955683079781,XGBoost
SRS2822089,4,170659,2000,1,0.0005,0.0,0.0013382843571522814,-2.8734483532146853,0.0005,0.0006626782356951084,0.0006431243612766311,0.0,Common (1e-3 to 1e-2),Detected in shallow,0.6931472,-3.3010213,0.78504676,106.0,0.0006393987,0.7945619,0.0008578754,0.004933903,0.894634485244751,0.1514900028705597,0.002546312753111124,-0.0208328478038311,0.2699473202228546,0.12294541299343109,0.25131919980049133,0.047775331884622574,0.04636971652507782,-4.537544009508565e-05,-4.97199010848999,1.766149559050973,-3.205840549439017,XGBoost
SRS2821908,5,33751,2000,2,0.001,0.0,0.00034629194233327866,-3.460545072579158,0.001,0.0009300506011200783,0.0006610960520971739,0.0,Rare (1e-4 to 1e-3),Detected in shallow,1.0986123,-2.9999957,0.67105263,75.0,0.0072486117,0.93353474,0.016732449,0.1843302,1.1956321001052856,0.22754471004009247,0.004042025189846754,0.004403912462294102,-0.09304405748844147,0.07942920178174973,0.43328550457954407,-0.031017551198601723,-0.04388440027832985,-0.0005054991343058646,-4.97199010848999,1.7758859460591339,-3.1961041624308564,XGBoost
SRS2821928,4,14807,2000,33,0.0165,0.0,0.018808023473952572,-1.7256566109386278,0.0165,0.017053564032141953,0.01734266839107097,0.0,Dominant (>=1e-2),Detected in shallow,3.5263605,-1.7825158,0.14563107,102.0,0.028244438,1.0,0.015117702,0.08728682,1.8522167205810547,0.3775274157524109,0.0030495980754494667,-0.016531437635421753,0.10886963456869125,0.09989596158266068,0.7729583978652954,-0.018779272213578224,0.019382232800126076,0.0002154868998331949,-4.97199010848999,3.1988047382765217,-1.7731853702134686,XGBoost
SRS2822279,1,254595,2000,1,0.0005,0.0,0.00011188185276348176,-3.951201534818187,0.0005,8.536342073781765e-05,0.00012890297603552217,0.0,Rare (1e-4 to 1e-3),Detected in shallow,0.6931472,-3.3010213,0.8703704,107.0,0.00016204137,0.6767372,0.00091449963,0.011823002,0.8349375128746033,0.16627444326877594,0.001298102899454534,-0.041963979601860046,0.23509366810321808,-0.1426098495721817,0.10734778642654419,-0.05802236124873161,-0.04376712441444397,-3.295178976259194e-05,-4.97199010848999,1.058555246945616,-3.913434861544374,XGBoost
SRS2822063,5,9456,2000,0,0.0,1.0,0.0,-8.0,0.0,8.108951161739472e-07,1.030852848535993e-06,0.0,Reference zero,Shallow zero,0.0,-8.0,1.0,71.0,0.00011792643,0.6918429,0.0002351788,0.0014995105,-0.9008681178092957,-0.17281286418437958,-0.0029828797560185194,0.013041332364082336,-0.2806318402290344,0.032860416918992996,0.22819124162197113,-0.049502160400152206,0.0029456487391144037,-1.3344129001779947e-05,-4.97199010848999,-1.1297725668637213,-6.1017626753537115,XGBoost
SRS2821987,4,233986,2000,0,0.0,1.0,0.0,-8.0,0.0,2.0364367468537756e-07,2.2831757558553428e-07,0.0,Reference zero,Shallow zero,0.0,-8.0,1.0,82.0,0.0006277565,0.6283988,0.002203262,0.036441606,-0.9883957505226135,-0.19724489748477936,-0.004035584628582001,0.02299012430012226,-0.22918561100959778,-0.05609035864472389,-0.03515896201133728,-0.09992562979459763,-0.08544136583805084,-2.4597320589236915e-05,-4.97199010848999,-1.6725126329547493,-6.6445027414447395,XGBoost
SRS2822268,4,246206,2000,0,0.0,1.0,0.0,-8.0,0.0,2.842756867318852e-08,7.775795513054624e-08,0.0,Reference zero,Shallow zero,0.0,-8.0,1.0,73.0,0.00010897582,0.40785497,0.0003131337,0.0027118293,-1.0331841707229614,-0.2028631865978241,-0.003300804877653718,0.014185367152094841,-0.15268686413764954,-0.016523852944374084,-0.6630099415779114,-0.04031909629702568,-0.00027638993924483657,-1.2437821169442032e-05,-4.97199010848999,-2.0979913777637194,-7.06998148625371,XGBoost
SRS2821905,3,193619,2000,2,0.001,0.0,0.00030986019403150247,-3.5088201959136245,0.001,0.00048697090748206246,0.0005598692829521997,0.0,Rare (1e-4 to 1e-3),Detected in shallow,1.0986123,-2.9999957,0.6329114,78.0,0.00029514902,0.85800606,0.00055677164,0.0040507177,1.1309717893600464,0.21212808787822723,0.0023557834792882204,-0.01628110744059086,0.041837431490421295,-0.029813075438141823,0.3191668391227722,0.029252875596284866,0.024167705327272415,-0.00014561737771146,-4.97199010848999,1.7136407119978685,-3.2583493964921217,XGBoost
SRS2821972,2,211915,2000,1,0.0005,0.0,0.00039213123325272865,-3.4065574896747313,0.0005,0.00028716449996315797,0.00030015512383248667,0.0,Rare (1e-4 to 1e-3),Detected in shallow,0.6931472,-3.3010213,0.9157895,94.0,0.00017470912,0.63141996,0.00026357675,0.0017431062,0.9097594022750854,0.1714099496603012,0.003350042039528489,-0.0401703305542469,0.21817417442798615,-0.04011277109384537,0.05311426892876625,0.13753987848758698,0.021418612450361252,-3.5858494811691344e-05,-4.97199010848999,1.4344473681267118,-3.5375427403632784,XGBoost
SRS2822026,3,18617,2000,0,0.0,1.0,3.8309405916887744e-05,-4.416581232605431,0.0,1.7796447366110684e-06,3.3372737862422715e-06,0.0,Very rare (<1e-4),Shallow zero,0.0,-8.0,1.0,67.0,0.00026235575,0.83383685,0.0003444772,0.0024863302,-0.8123891949653625,-0.1626676321029663,-0.0012501722667366266,0.01503797434270382,-0.4380338191986084,0.05795171111822128,0.805149495601654,0.013903862796723843,0.038928497582674026,-1.2032873200951144e-05,-4.97199010848999,-0.4833813099648978,-5.455371418454888,XGBoost
SRS2822220,3,254595,2000,0,0.0,1.0,0.0,-8.0,0.0,4.4076031732981935e-07,4.3398275154652805e-07,0.0,Reference zero,Shallow zero,0.0,-8.0,1.0,62.0,0.00016204137,0.6767372,0.00091449963,0.011823002,-0.9290822744369507,-0.1814465969800949,-0.0024048679042607546,0.024612348526716232,-0.3529457747936249,-0.041003089398145676,0.12051443755626678,0.001851613400503993,-0.0455077588558197,-1.006496404443169e-05,-4.97199010848999,-1.405422027849454,-6.377412136339444,XGBoost
SRS2822275,1,249900,2000,0,0.0,1.0,1.144086218337414e-05,-4.941161812242452,0.0,9.901706776248313e-05,4.3758667200050874e-05,0.0,Very rare (<1e-4),Shallow zero,0.0,-8.0,1.0,70.0,0.0007808646,0.94864047,0.0021385648,0.02629283,-0.7208871841430664,-0.143148735165596,-0.0027357907965779305,0.02442566491663456,-0.11484687030315399,0.17826144397258759,1.4071077108383179,0.000806059455499053,-0.005114097148180008,-3.210028444300406e-05,-4.97199010848999,0.6238361013420217,-4.3481540071479685,XGBoost
SRS2822060,4,233398,2000,5,0.0025,0.0,0.0038008246882214763,-2.420121018993179,0.0025,0.003393236992075028,0.0032417916514688432,0.0,Common (1e-3 to 1e-2),Detected in shallow,1.7917595,-2.6020582,0.4,84.0,0.0032046454,0.9969789,0.002819524,0.01891308,1.3249410390853882,0.26216500997543335,0.0029125739820301533,-0.016437191516160965,-0.0231579951941967,0.07456395030021667,0.7287490963935852,-0.006838734727352858,-0.003205300308763981,-0.00018989825912285596,-4.97199010848999,2.343502549731056,-2.628487558758934,XGBoost
SRS2821894,2,97600,2000,0,0.0,1.0,0.0,-8.0,0.0,2.0063012328298188e-08,4.508416704963164e-08,0.0,Reference zero,Shallow zero,0.0,-8.0,1.0,67.0,8.888311e-05,0.32930514,0.00070713804,0.011762583,-1.0832749605178833,-0.21192564070224762,-0.002236459404230118,0.017504051327705383,-0.30370211601257324,-0.05819882079958916,-0.6481698751449585,-0.014484330080449581,0.00941031239926815,-1.036697176459711e-05,-4.97199010848999,-2.2950882059067226,-7.267078314396713,XGBoost
SRS2821970,4,409,2000,0,0.0,1.0,1.9260957076957154e-05,-4.715096715914369,0.0,1.449554981764427e-05,3.5396790966584133e-06,0.0,Very rare (<1e-4),Shallow zero,0.0,-8.0,1.0,113.0,0.0003689609,0.50151056,0.0015162228,0.014549168,-0.8620602488517761,-0.16290928423404694,-0.0011764121009036899,0.025452351197600365,0.7727572321891785,-0.03461431339383125,-0.20140883326530457,-0.09771287441253662,0.07424988597631454,-1.2282352145120967e-05,-4.97199010848999,-0.48743477924745093,-5.459424887737441,XGBoost
SRS2821844,1,43797,2000,0,0.0,1.0,0.0,-8.0,0.0,8.035123150879822e-08,9.71293826462365e-08,0.0,Reference zero,Shallow zero,0.0,-8.0,1.0,94.0,0.00024350325,0.35347432,0.0016826089,0.018238604,-1.0373883247375488,-0.20052435994148254,-0.00255865091457963,0.022339466959238052,0.09846992790699005,-0.05237000063061714,-0.766349196434021,-0.1371600478887558,0.06542404741048813,-1.3841951840731781e-05,-4.97199010848999,-2.0101309802221294,-6.98212108871212,XGBoost
SRS2822243,1,79943,2000,1,0.0005,0.0,0.00022229061933586402,-3.6530593273425143,0.0005,0.00029653648854344314,0.00027227240791201737,0.0,Rare (1e-4 to 1e-3),Detected in shallow,0.6931472,-3.3010213,0.8815789,75.0,0.001270166,0.20845921,0.0076001454,0.09180757,1.5176725387573242,0.3052622675895691,0.006395157892256975,0.03891780227422714,-0.04385462775826454,0.0950789824128151,-0.44172558188438416,-0.024450745433568954,-0.05619548633694649,-0.0002588026982266456,-4.97199010848999,1.3968415048148017,-3.5751486036751885,XGBoost
SRS2822180,4,146247,2000,0,0.0,1.0,0.0,-8.0,0.0,3.891415915610339e-10,1.901963551267352e-08,0.0,Reference zero,Shallow zero,0.0,-8.0,1.0,75.0,0.000114673334,0.2326284,0.0012743383,0.017979877,-1.1098779439926147,-0.21778227388858795,-0.0037927895318716764,0.015170855447649956,-0.2040967047214508,-0.09955241531133652,-0.8811858296394348,-0.06156810745596886,-0.0726766362786293,-1.7876922356663272e-05,-4.97199010848999,-2.6353797222946014,-7.607369830784592,XGBoost
SRS2821991,1,168997,2000,0,0.0,1.0,0.0,-8.0,0.0,8.868889114200559e-08,1.7699090439764882e-07,0.0,Reference zero,Shallow zero,0.0,-8.0,1.0,94.0,0.000349423,0.51963747,0.0011893368,0.011677807,-0.9699872136116028,-0.18613159656524658,-0.0034338843543082476,0.020952241495251656,0.004654656630009413,-0.05330764502286911,-0.31870585680007935,-0.19791986048221588,-0.06875376403331757,-1.4368180018209387e-05,-4.97199010848999,-1.7726472909243967,-6.744637399414387,XGBoost
SRS2822125,4,250171,2000,0,0.0,1.0,2.284852569887928e-05,-4.640951783629668,0.0,7.103632939067933e-06,1.5635815237965827e-05,0.0,Very rare (<1e-4),Shallow zero,0.0,-8.0,1.0,71.0,0.0027770875,0.92749244,0.008362512,0.09246352,-0.7768281698226929,-0.1558356136083603,-0.003314511850476265,0.025580737739801407,-0.21505899727344513,0.08783481270074844,1.2132681608200073,-0.016222823411226273,-0.02187862992286682,-0.00016818816948216408,-4.97199010848999,0.13737677720200736,-4.834613331287983,XGBoost
SRS2822185,5,219738,2000,2,0.001,0.0,0.00046755753974239093,-3.3301556467832794,0.001,0.00046152637055968594,0.0004373268854789157,0.0,Rare (1e-4 to 1e-3),Detected in shallow,1.0986123,-2.9999957,0.6,119.0,0.00020342889,0.6797583,0.00060650357,0.005251475,1.1081348657608032,0.19307418167591095,0.004877238068729639,-0.015904799103736877,0.28865817189216614,-0.10885454714298248,0.11166539043188095,0.009978006593883038,0.011048872023820877,-0.00010562022362137213,-4.97199010848999,1.602571759976854,-3.369418348513136,XGBoost
SRS2822125,4,34262,2000,2,0.001,0.0,0.0009710623422023694,-3.012748415149669,0.001,0.0007311188171301897,0.0007855696887967597,0.0,Rare (1e-4 to 1e-3),Detected in shallow,1.0986123,-2.9999957,0.5416667,71.0,0.000748398,0.93957704,0.0009992564,0.014535054,1.090293526649475,0.2075781524181366,0.0022141600493341684,-0.004106798674911261,-0.07414780557155609,0.09519416838884354,0.5043401122093201,0.027966678142547607,-0.010840744711458683,-0.0003424984752200544,-4.97199010848999,1.838148950424511,-3.1338411580654792,XGBoost
SRS2821875,2,44470,2000,1,0.0005,0.0,0.001631949255615599,-2.7872906882795867,0.0005,0.00036918656944499097,0.00040038990600728137,0.0,Common (1e-3 to 1e-2),Detected in shallow,0.6931472,-3.3010213,0.69902915,102.0,0.005257806,0.95468277,0.04177827,0.58801854,0.6901751756668091,0.13195616006851196,0.0021329442970454693,-0.025958986952900887,0.17285217344760895,0.17298182845115662,0.5474550127983093,-0.08019483089447021,-0.06727457046508789,-0.00015031799557618797,-4.97199010848999,1.5439745884214062,-3.428015520068584,XGBoost
SRS2822269,5,10583,2000,0,0.0,1.0,0.00023225606661448074,-3.634014234704943,0.0,4.3320826897561225e-05,2.505863522796189e-05,0.0,Rare (1e-4 to 1e-3),Shallow zero,0.0,-8.0,1.0,70.0,0.00013444255,0.8036254,0.00018458762,0.0013976498,-0.7527833580970764,-0.14817000925540924,-0.0019047559471800923,0.01506930310279131,0.06258980184793472,0.1428232192993164,0.8514499664306641,0.13605844974517822,0.05080706998705864,-1.3017498531553429e-05,-4.97199010848999,0.35592666961474606,-4.616063438875244,XGBoost
SRS2821987,3,207119,2000,0,0.0,1.0,0.0006036871352723557,-3.2191808850018524,0.0,5.226289441889811e-05,3.2245028892370166e-05,0.0,Rare (1e-4 to 1e-3),Shallow zero,0.0,-8.0,1.0,82.0,0.0020778195,0.8912387,0.0024632458,0.01316057,-0.7712793350219727,-0.15119948983192444,-0.0033581056632101536,0.05098528042435646,-0.009025393053889275,0.17944732308387756,1.084747314453125,0.01615341752767563,0.06246497854590416,-2.6976911613019183e-05,-4.97199010848999,0.45890901355232927,-4.513081094937661,XGBoost
SRS2822089,1,21282,2000,9,0.0045,0.0,0.00575839255084538,-2.2396979783082402,0.0045,0.00425079909483278,0.00468767813368216,0.0,Common (1e-3 to 1e-2),Detected in shallow,2.3025851,-2.3467865,0.2735043,116.0,0.0059784423,1.0,0.009820049,0.063084744,1.3090211153030396,0.2637280225753784,-0.0008343203226104379,-0.02956211194396019,0.253833144903183,0.09322560578584671,0.7383135557174683,-0.004711958114057779,0.016329344362020493,-0.00022020901087671518,-4.97199010848999,2.6391221892554313,-2.332867919234559,XGBoost
SRS2822230,2,121481,2000,0,0.0,1.0,0.0,-8.0,0.0,2.746606250722175e-08,2.2921232588851864e-08,0.0,Reference zero,Shallow zero,0.0,-8.0,1.0,94.0,0.0008315501,0.3323263,0.0020638965,0.011999596,-1.1016095876693726,-0.21222259104251862,-0.0041567739099264145,0.01894458383321762,0.054568808525800705,-0.13245172798633575,-0.8871126770973206,-0.17843922972679138,-0.08557716012001038,-1.8220693164039403e-05,-4.97199010848999,-2.5280745758864214,-7.500064684376412,XGBoost
SRS2822023,4,76191,2000,0,0.0,1.0,7.253577827263298e-06,-5.13884940576149,0.0,1.036114434668527e-06,1.3175245352316093e-06,0.0,Very rare (<1e-4),Shallow zero,0.0,-8.0,1.0,76.0,0.0002196381,0.6797583,0.000464206,0.003358246,-0.8862502574920654,-0.1778729110956192,-0.0018648263067007065,0.01483429316431284,-0.12260091304779053,0.054084762930870056,0.16230173408985138,0.036080796271562576,0.0123971626162529,-1.3422293704934418e-05,-4.97199010848999,-0.908903581163031,-5.880893689653021,XGBoost
SRS2821932,5,162670,2000,0,0.0,1.0,0.0,-8.0,0.0,6.67007123313954e-08,5.026877076666183e-08,0.0,Reference zero,Shallow zero,0.0,-8.0,1.0,95.0,8.661241e-05,0.25075528,0.00042240985,0.0052573383,-1.056058645248413,-0.20985086262226105,-0.0032942520920187235,0.015133287757635117,0.0437651053071022,-0.21400676667690277,-0.8349294066429138,0.02107863314449787,-0.018770268186926842,-1.1600364814512432e-05,-4.97199010848999,-2.2569447756250156,-7.228934884115006,XGBoost
SRS2822000,1,191749,2000,0,0.0,1.0,5.747346641633779e-05,-4.240457050557032,0.0,9.220805639590672e-07,6.523937651319724e-06,0.0,Very rare (<1e-4),Shallow zero,0.0,-8.0,1.0,111.0,0.000106297426,0.8187311,0.00020665507,0.0019332344,-0.7402077317237854,-0.13922682404518127,-0.002257946413010359,0.015713151544332504,0.22767578065395355,-0.17819911241531372,0.5322675108909607,0.0968318060040474,-0.03345136716961861,-1.0639048923621885e-05,-4.97199010848999,-0.22086537172253884,-5.192855480212529,XGBoost
SRS2822243,4,150643,2000,0,0.0,1.0,0.00022229061933586402,-3.6530593273425143,0.0,2.7535748853822193e-07,1.5108521632693756e-07,0.0,Rare (1e-4 to 1e-3),Shallow zero,0.0,-8.0,1.0,78.0,0.00023797093,0.36555892,0.000909429,0.007656417,-1.0422371625900269,-0.20084232091903687,-0.0012919593136757612,0.017598750069737434,0.07506967335939407,-0.047401200979948044,-0.634760856628418,0.01410237979143858,0.00344867748208344,-1.462244563299464e-05,-4.97199010848999,-1.816328642174085,-6.788318750664075,XGBoost
SRS2821892,4,145222,2000,0,0.0,1.0,0.0,-8.0,0.0,3.133656612061036e-05,2.9611129157730953e-05,0.0,Reference zero,Shallow zero,0.0,-8.0,1.0,113.0,0.0007604187,0.6918429,0.0026780718,0.031470962,-0.759143054485321,-0.14510637521743774,-0.002400079043582082,0.029866408556699753,0.8418088555335999,0.08752630650997162,0.4394315481185913,-0.08532340824604034,0.027205871418118477,-1.6982765373541042e-05,-4.97199010848999,0.43384909037922625,-4.538141018110764,XGBoost
SRS2822025,2,219738,2000,2,0.001,0.0,0.00024228914786906695,-3.6156481132104625,0.001,0.0004675149007296035,0.000524560001669155,0.0,Rare (1e-4 to 1e-3),Detected in shallow,1.0986123,-2.9999957,0.7941176,67.0,0.00020342889,0.6797583,0.00060650357,0.005251475,1.5157746076583862,0.2970605790615082,0.002987863263115287,0.03332268074154854,-0.21135641634464264,-0.05638119950890541,0.07641520351171494,-0.005943714175373316,0.02023179456591606,-0.00013954601308796555,-4.97199010848999,1.67197185276018,-3.3000182557298103,XGBoost
SRS2822268,2,58120,2000,88,0.044,0.0,0.048637215874980384,-1.3130312039151373,0.044,0.045034788380575695,0.045107566335382966,0.0,Dominant (>=1e-2),Detected in shallow,4.4886365,-1.3565472,0.077922076,76.0,0.033133868,1.0,0.024756478,0.12525266,2.302940607070923,0.46073615550994873,0.0044215102680027485,-0.00881243497133255,-0.03272772580385208,0.08203069120645523,0.8035345077514648,-0.004593550227582455,-0.0018937215209007263,-0.00020798550394829363,-4.97199010848999,3.6054280537791783,-1.366562054710812,XGBoost
SRS2822185,2,184673,2000,0,0.0,1.0,0.0,-8.0,0.0,4.2111606969914704e-08,3.785373854297244e-08,0.0,Reference zero,Shallow zero,0.0,-8.0,1.0,114.0,0.00011717566,0.1389728,0.0008720867,0.011156369,-1.055117130279541,-0.2045663297176361,-0.00042791449232026935,0.016615726053714752,0.46332162618637085,-0.1621123105287552,-1.2791602611541748,-0.08050467818975449,-0.044454578310251236,-9.779644642549101e-06,-4.97199010848999,-2.34641563007699,-7.31840573856698,XGBoost
SRS2822129,5,189417,2000,0,0.0,1.0,0.00017614247969468638,-3.754111238885582,0.0,3.57868481829101e-05,1.5410097782535995e-05,0.0,Rare (1e-4 to 1e-3),Shallow zero,0.0,-8.0,1.0,102.0,0.0001201573,0.4954683,0.00021578823,0.0018350831,-0.832893967628479,-0.15072351694107056,-0.0019453450804576278,0.020600691437721252,0.6520189642906189,0.1366434246301651,-0.034584447741508484,0.31937268376350403,0.03748335689306259,-1.0656422091415152e-05,-4.97199010848999,0.14596118720146478,-4.8260289212885255,XGBoost
SRS2821844,2,258109,2000,23,0.0115,0.0,0.01064154564089145,-1.9729948798538783,0.0115,0.010772931875271018,0.010678805298149368,0.0,Dominant (>=1e-2),Detected in shallow,3.1780539,-1.9393017,0.2038835,102.0,0.0034453676,0.8066465,0.027661143,0.4874152,2.2297236919403076,0.42248615622520447,0.005337029229849577,0.006193770095705986,0.13896077871322632,0.008403458632528782,0.2552289366722107,-0.04768859222531319,-0.018552564084529877,0.00014961503620725125,-4.97199010848999,3.0002422802353976,-1.9717478282545926,XGBoost
SRS2822230,1,131147,2000,0,0.0,1.0,0.0,-8.0,0.0,0.000237814000035173,4.1596177976326676e-05,0.0,Reference zero,Shallow zero,0.0,-8.0,1.0,105.0,0.0017128239,0.7975831,0.0018259292,0.009078717,-0.7500999569892883,-0.14448733627796173,-0.0022027732338756323,0.04068933054804802,0.5544407963752747,0.23518148064613342,0.703410267829895,-0.09733578562736511,0.024216104298830032,-1.755017729010433e-05,-4.97199010848999,0.5637945773924002,-4.40819553109759,XGBoost
SRS2822262,5,254706,2000,1,0.0005,0.0,0.000316641071513386,-3.4994190380280616,0.0005,6.280332953710907e-05,8.543749210796325e-05,0.0,Rare (1e-4 to 1e-3),Detected in shallow,0.6931472,-3.3010213,0.78125,63.0,0.002394805,0.43202418,0.02663624,0.37152678,1.3177603483200073,0.25869765877723694,0.00425310293212533,-0.0005244925268925726,-0.24158969521522522,0.04612353444099426,-0.2903006970882416,-0.06274154037237167,-0.1151287779211998,-8.359335333807394e-05,-4.97199010848999,0.9164658479930949,-4.055524260496895,XGBoost
SRS2821892,4,26279,2000,0,0.0,1.0,0.0,-8.0,0.0,4.1950361270200106e-05,2.944239436522841e-05,0.0,Reference zero,Shallow zero,0.0,-8.0,1.0,113.0,0.000125958,0.73413897,0.00025362414,0.0020910723,-0.7095361948013306,-0.13347187638282776,-3.612951695686206e-05,0.017925642430782318,0.6678066849708557,-0.03771454095840454,0.49810990691185,0.1877501755952835,-0.05945945531129837,-1.0705577551561873e-05,-4.97199010848999,0.43136350736040185,-4.540626601129588,XGBoost
SRS2821816,2,86908,2000,0,0.0,1.0,2.3469403720682802e-05,-4.629312936560086,0.0,7.684569552365051e-06,9.020783135053564e-06,0.0,Very rare (<1e-4),Shallow zero,0.0,-8.0,1.0,86.0,0.00024435003,0.8549849,0.0004383499,0.0030002962,-0.7841890454292297,-0.15532681345939636,-0.0011824836255982518,0.015281242318451405,-0.09808569401502609,0.05761837214231491,0.8051638603210449,0.05446861684322357,0.03777153417468071,-1.2315084859437775e-05,-4.97199010848999,-0.06849272581439436,-5.040482834304385,XGBoost
SRS2822122,4,11043,2000,0,0.0,1.0,3.804595951909906e-05,-4.4195773235558145,0.0,7.742990514028693e-06,4.286427252788072e-06,0.0,Very rare (<1e-4),Shallow zero,0.0,-8.0,1.0,90.0,0.00011438911,0.72507554,0.00027012246,0.003013561,-0.8145407438278198,-0.15940092504024506,-0.0008032399928197265,0.018006136640906334,0.1130627691745758,-0.045953381806612015,0.3387075662612915,0.10805577784776688,0.02723587304353714,-1.203767806146061e-05,-4.97199010848999,-0.4156422053774804,-5.387632313867471,XGBoost
SRS2821991,5,112467,2000,0,0.0,1.0,3.842865240323185e-05,-4.41523184639629,0.0,2.813892459064548e-05,2.6995910673736373e-05,0.0,Very rare (<1e-4),Shallow zero,0.0,-8.0,1.0,99.0,0.00029495728,0.7613293,0.00051007455,0.004944688,-0.7615019083023071,-0.1462361067533493,-0.0013601152459159493,0.030176738277077675,0.39160093665122986,0.11488451063632965,0.5828896760940552,0.12502169609069824,0.043936073780059814,-1.16894034363213e-05,-4.97199010848999,0.3793998118244417,-4.5925902966655485,XGBoost
SRS2821928,5,71581,2000,0,0.0,1.0,0.0,-8.0,0.0,5.721504641358581e-07,3.927984860066357e-07,0.0,Reference zero,Shallow zero,0.0,-8.0,1.0,108.0,9.82684e-05,0.34743202,0.00092708867,0.015995827,-0.971538782119751,-0.18622803688049316,-0.000960883975494653,0.01974198780953884,0.4331475794315338,-0.11274745315313339,-0.6940475702285767,-0.03760208934545517,0.11765507608652115,-9.97568804450566e-06,-4.97199010848999,-1.4325901480633547,-6.404580256553345,XGBoost
SRS2822089,3,11812,2000,0,0.0,1.0,3.769815090569807e-05,-4.423564763567361,0.0,3.3509986233098776e-07,3.808753688343268e-07,0.0,Very rare (<1e-4),Shallow zero,0.0,-8.0,1.0,115.0,0.00015262818,0.6344411,0.00022379225,0.0014181123,-0.8387397527694702,-0.16257256269454956,-0.0036727299448102713,0.01726570725440979,0.0593353696167469,-0.3266112506389618,-0.01779867894947529,0.014952993020415306,-0.1957153081893921,-1.0445564839756116e-05,-4.97199010848999,-1.453566658859927,-6.425556767349917,XGBoost
SRS2822116,1,57104,2000,1,0.0005,0.0,0.00027433973811106534,-3.5616954500367863,0.0005,0.00030440098524261435,0.0002828234722923399,0.0,Rare (1e-4 to 1e-3),Detected in shallow,0.6931472,-3.3010213,0.8428571,69.0,0.0009905924,0.7945619,0.0049250983,0.04493171,0.9831724762916565,0.1991250365972519,0.003535170340910554,0.0066980235278606415,-0.07839442044496536,0.14059582352638245,0.22555842995643616,-0.032976698130369186,-0.035146571695804596,-0.0001305597397731617,-4.97199010848999,1.4120367102295859,-3.5599533982604044,XGBoost
SRS2821870,4,149360,2000,12,0.006,0.0,0.00445329422686238,-2.3513176350878524,0.006,0.005399238030201121,0.005473534697703107,0.0,Common (1e-3 to 1e-2),Detected in shallow,2.5649493,-2.221848,0.31,99.0,0.0036443758,0.9818731,0.0039649075,0.022232069,1.6286416053771973,0.3046656847000122,0.002102809026837349,-0.01890454813838005,0.13700729608535767,0.05329180881381035,0.5918332934379578,-0.01804303005337715,0.01985855959355831,-1.2097340913896915e-05,-4.97199010848999,2.70044138150206,-2.2715487269879304,XGBoost
SRS2822129,1,78621,2000,1,0.0005,0.0,0.0015461395439866914,-2.8107485033107618,0.0005,0.0002087284573638792,0.00023544270729326938,0.0,Common (1e-3 to 1e-2),Detected in shallow,0.6931472,-3.3010213,0.94495416,108.0,0.00013518828,0.5679758,0.00035417997,0.0035969252,0.9378194212913513,0.17701902985572815,0.003138568252325058,-0.01772277243435383,0.3076682686805725,-0.08447373658418655,-0.03541063144803047,0.05217756703495979,-0.004668975714594126,-3.139228647341952e-05,-4.97199010848999,1.3355153466472984,-3.636474761842692,XGBoost
SRS2822230,3,262354,2000,0,0.0,1.0,3.7644224434866085e-05,-4.424186293146339,0.0,1.5980392378956e-08,8.667183321809333e-08,0.0,Very rare (<1e-4),Shallow zero,0.0,-8.0,1.0,96.0,0.00025522517,0.50453174,0.00059355877,0.0035999343,-0.9534594416618347,-0.18621207773685455,-0.0040892502292990685,0.018732517957687378,0.0030449265614151955,-0.2226509153842926,-0.42679399251937866,-0.15330438315868378,-0.13875369727611542,-1.1921964869543444e-05,-4.97199010848999,-2.0634982354122258,-7.035488343902216,XGBoost
SRS2821870,1,4843,2000,0,0.0,1.0,0.00012108654997511,-3.9168682296737565,0.0,6.107105651293587e-06,4.799817861826865e-06,0.0,Rare (1e-4 to 1e-3),Shallow zero,0.0,-8.0,1.0,91.0,0.0002651976,0.7945619,0.00094802177,0.00783778,-0.8122459650039673,-0.15870888531208038,-0.0011622080346569419,0.018339477479457855,0.014673654921352863,0.08395766466856003,0.5594708323478699,-0.04915956035256386,-0.009144594892859459,-1.4062867194297723e-05,-4.97199010848999,-0.3539936470460816,-5.325983755536072,XGBoost
SRS2822000,2,9456,2000,0,0.0,1.0,7.663128855511705e-05,-4.115537202159254,0.0,6.959302600044778e-06,1.1329004006862317e-05,0.0,Very rare (<1e-4),Shallow zero,0.0,-8.0,1.0,103.0,0.00011792643,0.6918429,0.0002351788,0.0014995105,-0.7809176445007324,-0.14784550666809082,-0.0009389586630277336,0.020273083820939064,0.4567820727825165,-0.05187903717160225,0.30938613414764404,0.22307761013507843,-0.014513162896037102,-1.0920792192337103e-05,-4.97199010848999,0.013413670194495353,-4.958576438295495,XGBoost
SRS2822053,5,157587,2000,0,0.0,1.0,0.0,-8.0,0.0,9.308117408882535e-07,1.6193488792147485e-06,0.0,Reference zero,Shallow zero,0.0,-8.0,1.0,64.0,0.00065411127,0.8036254,0.001915937,0.02106427,-0.8788290023803711,-0.1735251098871231,-0.003269707318395376,0.027412349358201027,-0.3115490972995758,0.03464338555932045,0.5712990164756775,-0.07313760370016098,-0.04327992722392082,-2.2399366571335122e-05,-4.97199010848999,-0.8502580957829196,-5.82224820427291,XGBoost
SRS2821824,1,189417,2000,0,0.0,1.0,0.0002314656059255195,-3.635494770391835,0.0,4.76437066783981e-05,4.480637865440566e-05,0.0,Rare (1e-4 to 1e-3),Shallow zero,0.0,-8.0,1.0,114.0,0.0001201573,0.4954683,0.00021578823,0.0018350831,-0.7586970925331116,-0.14050231873989105,0.0012735507916659117,0.02205147035419941,1.0471999645233154,0.11806534975767136,0.0038087263237684965,0.3277755081653595,-0.004094169475138187,-1.0347132956667338e-05,-4.97199010848999,0.6168706420348826,-4.355119466455108,XGBoost
SRS2821901,1,192431,2000,1,0.0005,0.0,0.0007891446491893332,-3.102837880557126,0.0005,0.00028820602158959177,0.00020708047517296315,0.0,Rare (1e-4 to 1e-3),Detected in shallow,0.6931472,-3.3010213,0.9404762,83.0,0.00016615065,0.6978852,0.00025861867,0.0016578492,1.059650182723999,0.20773977041244507,0.0025691483169794083,-0.004693104885518551,-0.02435285411775112,-0.07961005717515945,0.13362878561019897,0.018514011055231094,0.004094678442925215,-4.6287230361485854e-05,-4.97199010848999,1.3174942731529882,-3.654495835337002,XGBoost
SRS2822133,1,146804,2000,0,0.0,1.0,0.0,-8.0,0.0,1.7822040408697238e-06,2.0436068671149956e-06,0.0,Reference zero,Shallow zero,0.0,-8.0,1.0,109.0,0.00011880644,0.6978852,0.00040704882,0.0048127845,-0.7967081069946289,-0.15373410284519196,-0.002215159824118018,0.02001602202653885,0.2745778262615204,-0.2784593105316162,0.328561931848526,-0.11580420285463333,-0.008107771165668964,-1.0822172043845057e-05,-4.97199010848999,-0.731883696251316,-5.703873804741306,XGBoost
SRS2822262,2,254096,2000,1,0.0005,0.0,4.74961607270079e-05,-4.323250066243576,0.0005,0.00014715740651152082,0.00014999671650538902,0.0,Very rare (<1e-4),Detected in shallow,0.6931472,-3.3010213,0.96825397,62.0,0.00011319857,0.7824773,0.00015489296,0.0012609025,0.9103608727455139,0.17642858624458313,0.0031304918229579926,-0.004797878209501505,-0.12109576165676117,-0.08301100134849548,0.2061622142791748,0.04103831946849823,0.03339739888906479,-3.5030185244977474e-05,-4.97199010848999,1.1615782120497897,-3.8104118964402005,XGBoost
SRS2821928,1,114712,2000,2,0.001,0.0,0.0006894671861721744,-3.161480099442379,0.001,0.0009935457898599888,0.0007929732663845207,0.0,Rare (1e-4 to 1e-3),Detected in shallow,1.0986123,-2.9999957,0.5648148,107.0,0.0020879398,0.72507554,0.0056613046,0.056530975,1.227697730064392,0.2173267900943756,0.004925173241645098,-0.0003970996185671538,0.24973325431346893,0.11051308363676071,0.13497979938983917,-0.05589289218187332,-0.015256687998771667,-0.0001804335624910891,-4.97199010848999,1.8734487173787784,-3.098541391111212,XGBoost
SRS2821931,5,176063,2000,0,0.0,1.0,0.0,-8.0,0.0,2.487977743569781e-08,7.42950189035382e-08,0.0,Reference zero,Shallow zero,0.0,-8.0,1.0,94.0,0.00018996943,0.50755286,0.0003739395,0.0021271715,-0.9501665234565735,-0.1964111626148224,-0.0029285517521202564,0.019528107717633247,-0.15607139468193054,-0.17586204409599304,-0.3306846618652344,-0.12156280130147934,-0.18004001677036285,-1.1639653166639619e-05,-4.97199010848999,-2.0942106884740497,-7.06620079696404,XGBoost
SRS2822185,2,237932,2000,1,0.0005,0.0,0.00018853126602515763,-3.7245935810251805,0.0005,0.0005747211616959419,0.0005533602448946342,0.0,Rare (1e-4 to 1e-3),Detected in shallow,0.6931472,-3.3010213,0.7826087,114.0,0.00034817832,0.72205436,0.000545729,0.0029964757,0.7762362957000732,0.14590661227703094,-0.0025498890317976475,-0.0026490248274058104,0.46340492367744446,0.05337398499250412,0.17978526651859283,0.09147312492132187,0.012175452895462513,-2.897550984926056e-05,-4.97199010848999,1.7171277716133773,-3.254862336876613,XGBoost
SRS2821932,1,44470,2000,10,0.005,0.0,0.004132190060732188,-2.3838186602480795,0.005,0.004224232755038721,0.004609694156859564,0.0,Common (1e-3 to 1e-2),Detected in shallow,2.3978953,-2.3010292,0.3207547,105.0,0.005257806,0.95468277,0.04177827,0.58801854,1.634508728981018,0.30983850359916687,0.0021756647620350122,-0.022619854658842087,0.17349040508270264,0.07529774308204651,0.503233790397644,-0.033454667776823044,-0.015222685411572456,-2.198353649873752e-05,-4.97199010848999,2.627225644520877,-2.3447644639691134,XGBoost
SRS2822183,1,148378,2000,21,0.0105,0.0,0.011041535014649278,-1.9569701526585033,0.0105,0.01042062742082148,0.00999429970029728,0.0,Dominant (>=1e-2),Detected in shallow,3.0910425,-1.9788103,0.19491525,117.0,0.00092931103,0.71299094,0.003108065,0.04048689,2.1005709171295166,0.3977538049221039,-0.00045770176802761853,-0.01731586642563343,0.3233063519001007,0.02337995171546936,0.1615118384361267,-0.0395003966987133,0.014531218446791172,0.00011723110219463706,-4.97199010848999,2.9638973487599287,-2.0080927597300615,XGBoost
SRS2822120,3,66728,2000,1,0.0005,0.0,0.0004953819394753355,-3.305051064100328,0.0005,0.0003481922193323216,0.00044733146840373873,0.0,Rare (1e-4 to 1e-3),Detected in shallow,0.6931472,-3.3010213,0.77884614,103.0,0.00038362664,0.6978852,0.00076735264,0.0055927797,0.9357675909996033,0.17045728862285614,0.0040015424601733685,-0.008998210541903973,0.23139417171478271,0.06843331456184387,0.14455504715442657,0.05951753258705139,0.018443377688527107,-3.083918272750452e-05,-4.97199010848999,1.623540816064633,-3.3484492924253573,XGBoost
SRS2821916,5,250391,2000,0,0.0,1.0,0.0,-8.0,0.0,1.1169728235290724e-08,1.3716170198912876e-08,0.0,Reference zero,Shallow zero,0.0,-8.0,1.0,59.0,0.00019800504,0.20845921,0.00077785284,0.0046076537,-1.1335276365280151,-0.2192234843969345,-0.003599342657253146,0.017705217003822327,-0.2727438509464264,-0.0413309670984745,-0.9854745864868164,-0.05629761889576912,0.009598979726433754,-9.850584319792688e-06,-4.97199010848999,-2.684903140863753,-7.656893249353743,XGBoost
SRS2822149,5,67192,2000,0,0.0,1.0,1.0888146075367749e-05,-4.962647375244445,0.0,8.359487116926996e-06,8.978455726462526e-06,0.0,Very rare (<1e-4),Shallow zero,0.0,-8.0,1.0,94.0,0.00011505669,0.7643505,0.00027008518,0.003118016,-0.7689197063446045,-0.14813701808452606,-0.0008144025923684239,0.019385112449526787,0.24835003912448883,-0.06412357836961746,0.49685725569725037,0.16869699954986572,-0.002223030664026737,-1.2043150491081178e-05,-4.97199010848999,-0.05094037238450255,-5.022930480874493,XGBoost
SRS2822053,3,228316,2000,2,0.001,0.0,0.0011450282353553491,-2.9411800110301254,0.001,0.0008473526319155278,0.00092318670851189,0.0,Common (1e-3 to 1e-2),Detected in shallow,1.0986123,-2.9999957,0.6119403,66.0,0.0015487785,0.9879154,0.0037244235,0.05982749,0.9609044790267944,0.18978509306907654,0.002256963634863496,-0.005080044735223055,-0.14479976892471313,0.114381805062294,0.7508106231689453,0.018498938530683517,0.0003038605791516602,-0.000561809167265892,-4.97199010848999,1.8865001402446069,-3.0854899682453834,XGBoost
SRS2822253,2,146804,2000,0,0.0,1.0,9.270847819033051e-06,-5.032412348532296,0.0,1.819054277697056e-06,1.6250459660901313e-06,0.0,Very rare (<1e-4),Shallow zero,0.0,-8.0,1.0,108.0,0.00011880644,0.6978852,0.00040704882,0.0048127845,-0.8004171252250671,-0.15529358386993408,-0.0020416018087416887,0.018929479643702507,0.23125703632831573,-0.29216426610946655,0.32368144392967224,-0.13644160330295563,-0.009059187024831772,-1.0822172043845057e-05,-4.97199010848999,-0.8215602296113502,-5.7935503381013405,XGBoost
SRS2822060,3,250391,2000,0,0.0,1.0,4.032705239492282e-05,-4.3942958407635855,0.0,9.117078803699518e-08,4.9232378932917147e-08,0.0,Very rare (<1e-4),Shallow zero,0.0,-8.0,1.0,83.0,0.00019800504,0.20845921,0.00077785284,0.0046076537,-1.1076072454452515,-0.2150621861219406,-0.003592765424400568,0.017793964594602585,0.03954576700925827,-0.06193040311336517,-1.011696457862854,-0.049791328608989716,0.020452013239264488,-1.3160803973732982e-05,-4.97199010848999,-2.37190180253765,-7.34389191102764,XGBoost
SRS2821970,3,264947,2000,0,0.0,1.0,0.0003466972273852288,-3.4600371050387064,0.0,5.891979142769395e-05,7.473040025075303e-05,0.0,Rare (1e-4 to 1e-3),Shallow zero,0.0,-8.0,1.0,116.0,0.0022047001,0.8429003,0.007056937,0.059745472,-0.7108485102653503,-0.14148367941379547,-0.0009963174816220999,0.04118134453892708,0.7097744345664978,0.1798330843448639,0.7427223920822144,0.000418485957197845,0.02975776419043541,-1.8893224478233606e-05,-4.97199010848999,0.8503401052948902,-4.1216500031951,XGBoost
SRS2822120,4,241327,2000,1,0.0005,0.0,0.00017613580070234151,-3.7541277058948284,0.0005,0.00033536953501254953,0.0003278376436115192,0.0,Rare (1e-4 to 1e-3),Detected in shallow,0.6931472,-3.3010213,0.8598131,106.0,0.00018687687,0.5558912,0.00027481955,0.001330833,0.8729117512702942,0.16095851361751556,0.003140080254524946,-0.0274642501026392,0.31722012162208557,0.020878605544567108,-0.01563374511897564,0.13640733063220978,0.0184389129281044,-3.0339466320583597e-05,-4.97199010848999,1.4868269811813661,-3.485163127308624,XGBoost
SRS2821905,2,62872,2000,0,0.0,1.0,2.2132871002250174e-05,-4.654766070015628,0.0,4.888479849346083e-05,1.1935508307823125e-05,0.0,Very rare (<1e-4),Shallow zero,0.0,-8.0,1.0,79.0,0.0038796188,0.83987916,0.004543477,0.020847745,-0.8314417004585266,-0.16081602871418,-0.0017065956490114331,0.04919750615954399,-0.006981551647186279,0.13298653066158295,0.8168678879737854,0.0011194886174052954,0.03565692901611328,-3.0288940251921304e-05,-4.97199010848999,0.03485217701927468,-4.937137931470716,XGBoost
SRS2822268,3,189462,2000,1,0.0005,0.0,5.541650118683675e-05,-4.256282535501151,0.0005,9.32178309294692e-05,0.00010729535603213773,0.0,Very rare (<1e-4),Detected in shallow,0.6931472,-3.3010213,0.9736842,75.0,0.00014426623,0.87009066,0.00016667676,0.0009350449,0.7907347679138184,0.16380730271339417,0.004894237965345383,0.0013182786060497165,-0.17051151394844055,-0.10319934040307999,0.29726535081863403,0.004092186689376831,-0.011369711719453335,-4.810061727766879e-05,-4.97199010848999,0.976983458018367,-3.9950066504716233,XGBoost
SRS2822136,3,155391,2000,0,0.0,1.0,0.0,-8.0,0.0,3.854989609297686e-09,3.78977936031385e-08,0.0,Reference zero,Shallow zero,0.0,-8.0,1.0,50.0,8.24251e-05,0.3897281,0.00037147367,0.003861107,-1.0320097208023071,-0.19965139031410217,-0.0017633738461881876,0.013611938804388046,-0.46660664677619934,-0.1705908328294754,-0.5053521990776062,-0.04961226508021355,0.06846898049116135,-5.565141691477038e-06,-4.97199010848999,-2.343511074572234,-7.315501183062224,XGBoost
SRS2821844,3,213034,2000,0,0.0,1.0,0.0,-8.0,0.0,6.396800401778325e-05,1.7133862886950664e-05,0.0,Reference zero,Shallow zero,0.0,-8.0,1.0,102.0,0.002059268,0.7915408,0.021408608,0.27548972,-0.7778716683387756,-0.1484544426202774,-0.0030335085466504097,0.030686667189002037,0.3840831518173218,0.1839807778596878,0.6487239599227905,-0.12461236119270325,0.012714373879134655,-2.3399745259666815e-05,-4.97199010848999,0.20619355022427044,-4.76579655826572,XGBoost
SRS2822089,5,80933,2000,0,0.0,1.0,1.8849075452849035e-05,-4.724479601925729,0.0,9.35357160076146e-07,6.049165050756872e-07,0.0,Very rare (<1e-4),Shallow zero,0.0,-8.0,1.0,113.0,8.703334e-05,0.5347432,0.00016003146,0.0009555507,-0.8513720035552979,-0.16674919426441193,-0.0008987730834633112,0.014877047389745712,0.3611186444759369,-0.3847564160823822,-0.28099513053894043,0.10495254397392273,-0.04498813673853874,-1.0056788596557453e-05,-4.97199010848999,-1.2488214752120257,-6.220811583702016,XGBoost
SRS2822019,1,168466,2000,6,0.003,0.0,0.002684001637050644,-2.5712156055313895,0.003,0.0024241443318108514,0.0024609192921902375,0.0,Common (1e-3 to 1e-2),Detected in shallow,1.9459101,-2.5228772,0.3908046,86.0,0.0024476515,0.978852,0.002728051,0.026829133,1.4783780574798584,0.2852276861667633,0.0017609253991395235,-0.017130224034190178,-0.07272948324680328,0.07276749610900879,0.5987116694450378,0.0006825586897321045,-0.0019483829382807016,-5.594966569333337e-05,-4.97199010848999,2.3456643534045725,-2.6263257550854178,XGBoost
SRS2821932,4,18877,2000,1,0.0005,0.0,0.0009905249782384664,-3.004130183843015,0.0005,0.000790731137509517,0.0006575208555770621,0.0,Rare (1e-4 to 1e-3),Detected in shallow,0.6931472,-3.3010213,0.75490195,101.0,0.0005624123,0.70694864,0.00076510006,0.0034255204,0.9590229392051697,0.18298588693141937,0.0027582149486988783,-0.0062891277484595776,0.25853049755096436,0.11361071467399597,0.16309869289398193,0.09860274940729141,0.014979294501245022,-5.1156697736587375e-05,-4.97199010848999,1.7872487056665705,-3.1847414028234198,XGBoost
SRS2821881,3,218257,2000,0,0.0,1.0,0.0,-8.0,0.0,2.0573795384465855e-05,2.8219843921393047e-06,0.0,Reference zero,Shallow zero,0.0,-8.0,1.0,52.0,0.00019075951,0.73111784,0.00040588714,0.0050785127,-0.8804400563240051,-0.17417317628860474,-0.0004578508669510484,0.017082318663597107,-0.42999348044395447,0.21041198074817657,0.5013442039489746,0.15010419487953186,0.014995235949754715,-6.734327143931296e-06,-4.97199010848999,-0.5911333640606244,-5.563123472550615,XGBoost
SRS2821972,4,101428,2000,1,0.0005,0.0,0.00011203749521506532,-3.9505978475308323,0.0005,0.0002855880849030186,0.00029291471649319124,0.0,Rare (1e-4 to 1e-3),Detected in shallow,0.6931472,-3.3010213,0.89320385,102.0,0.00019477193,0.68277943,0.00034834622,0.0030910808,0.9236462116241455,0.17288365960121155,0.0029802953358739614,-0.02443348430097103,0.25535354018211365,-0.04869662970304489,0.10083384811878204,0.04783141613006592,-0.0004659402184188366,-3.322976044728421e-05,-4.97199010848999,1.4298996870093106,-3.5420904214806797,XGBoost
SRS2822026,4,101509,2000,0,0.0,1.0,0.0,-8.0,0.0,1.7670334931804705e-08,1.9879036776820855e-08,0.0,Reference zero,Shallow zero,0.0,-8.0,1.0,62.0,0.00035061495,0.29305136,0.0015501347,0.015001633,-1.1115108728408813,-0.21673636138439178,-0.001748385839164257,0.019380422309041023,-0.2569725811481476,-0.03674967586994171,-0.8094335794448853,-0.023753738030791283,-0.09240611642599106,-1.5995534340618178e-05,-4.97199010848999,-2.529946884209494,-7.501936992699484,XGBoost
SRS2821844,4,210905,2000,0,0.0,1.0,2.1806445985433298e-05,-4.661215996856264,0.0,8.530548049888344e-07,1.5116647221817716e-06,0.0,Very rare (<1e-4),Shallow zero,0.0,-8.0,1.0,96.0,0.00011278986,0.6163142,0.00036509807,0.0045757582,-0.8659486174583435,-0.1662474274635315,-0.0016897899331524968,0.021157601848244667,0.19489558041095734,-0.16486497223377228,0.10016779601573944,0.020361147820949554,0.0006348871975205839,-1.19510796139366e-05,-4.97199010848999,-0.8615457448750021,-5.833535853364992,XGBoost
SRS2822298,1,210905,2000,0,0.0,1.0,0.00016506825572374176,-3.7823101286821674,0.0,1.5158315786759642e-06,1.736962555528975e-06,0.0,Rare (1e-4 to 1e-3),Shallow zero,0.0,-8.0,1.0,77.0,0.00011278986,0.6163142,0.00036509807,0.0045757582,-0.8858739733695984,-0.17069679498672485,-0.002050831913948059,0.018275538459420204,0.08164576441049576,-0.016010453924536705,0.11092468351125717,0.04421217739582062,0.06430704146623611,-1.3315739124664105e-05,-4.97199010848999,-0.7552801646907028,-5.727270273180693,XGBoost
SRS2822068,4,42738,2000,16,0.008,0.0,0.005440485607736145,-2.264361535981792,0.008,0.00741684183412962,0.007613336589050972,0.0,Common (1e-3 to 1e-2),Detected in shallow,2.8332133,-2.0969095,0.19565217,91.0,0.004662587,0.9939577,0.0036316302,0.019835204,1.6629211902618408,0.3207654058933258,0.002655023243278265,-0.01920573227107525,0.04668804258108139,0.10950925946235657,0.7110958695411682,-0.016301624476909637,0.02928753010928631,-3.9571405068272725e-05,-4.97199010848999,2.847375392939284,-2.124614715550706,XGBoost
SRS2821892,5,18877,2000,5,0.0025,0.0,0.0023660887350114295,-2.62596713664133,0.0025,0.0019194949358516966,0.0018110275046629104,0.0,Common (1e-3 to 1e-2),Detected in shallow,1.7917595,-2.6020582,0.36607143,111.0,0.0005624123,0.70694864,0.00076510006,0.0034255204,1.4234830141067505,0.2673807442188263,0.0021452216897159815,-0.03134717419743538,0.32697147130966187,0.030733352527022362,0.18098387122154236,0.038978803902864456,-0.0046377782709896564,-4.8683366912882775e-05,-4.97199010848999,2.234642843141046,-2.7373472653489443,XGBoost
SRS2822111,3,233976,2000,0,0.0,1.0,0.0,-8.0,0.0,5.393099546481709e-07,3.4514199097802394e-07,0.0,Reference zero,Shallow zero,0.0,-8.0,1.0,66.0,0.0008927084,0.6465257,0.0014619017,0.00867638,-0.9872624278068542,-0.192086860537529,-0.0030804926063865423,0.018608955666422844,-0.2781403958797455,-0.02717302180826664,0.0003083295305259526,-0.01688304916024208,0.0015591370174661279,-2.4270000722026452e-05,-4.97199010848999,-1.484174095585331,-6.456164204075321,XGBoost
SRS2821875,3,199426,2000,0,0.0,1.0,3.079149538897357e-05,-4.511428198323764,0.0,7.2822035741229316e-06,3.294685007787484e-06,0.0,Very rare (<1e-4),Shallow zero,0.0,-8.0,1.0,97.0,0.00017351868,0.5649547,0.000973457,0.013886641,-0.8807979822158813,-0.16810977458953857,-0.0019175924826413393,0.02466941624879837,0.35769036412239075,0.05128007382154465,0.023649543523788452,-0.03467686474323273,0.08641507476568222,-1.0693746844481211e-05,-4.97199010848999,-0.541808435295934,-5.513798543785924,XGBoost
SRS2822180,5,227739,2000,191,0.0955,0.0,0.10575092040116796,-0.975715802994852,0.0955,0.09658960058757239,0.11835237762161255,0.0,Dominant (>=1e-2),Detected in shallow,5.2574954,-1.0199965,0.028985508,68.0,0.11693039,1.0,0.1254584,0.49667376,2.5906567573547363,0.5173604488372803,0.004334414843469858,-0.019129861146211624,-0.11077632755041122,0.11174112558364868,0.8210014700889587,0.02049701288342476,-0.0032228908967226744,-0.0001685871829977259,-4.97199010848999,3.9322935628151754,-1.0396965456748148,XGBoost
SRS2821844,1,69371,2000,0,0.0,1.0,0.0001526451218980331,-3.816288619634331,0.0,7.690502837634845e-06,1.1469479692274102e-05,0.0,Rare (1e-4 to 1e-3),Shallow zero,0.0,-8.0,1.0,94.0,0.0002562871,0.755287,0.00035658153,0.0022500139,-0.7789217829704285,-0.14819693565368652,-0.0015848837792873383,0.020938294008374214,0.23816290497779846,0.054757747799158096,0.5463782548904419,0.08682367950677872,0.00029154837829992175,-1.2308052646403667e-05,-4.97199010848999,0.018636519104802574,-4.953353589385188,XGBoost
SRS2821925,5,241510,2000,0,0.0,1.0,0.0,-8.0,0.0,7.810577362220122e-11,2.567979246283707e-09,0.0,Reference zero,Shallow zero,0.0,-8.0,1.0,45.0,0.00025788226,0.17824773,0.0022861804,0.027520208,-1.1413644552230835,-0.2269437164068222,-0.0012172589777037501,0.021176692098379135,-0.4754455089569092,-0.04169608652591705,-0.9200586676597595,-0.07209835946559906,-0.08309705555438995,-1.1162956980115268e-05,-4.97199010848999,-2.940755579628785,-7.912745688118775,XGBoost
SRS2822120,3,80933,2000,0,0.0,1.0,1.1008487543896345e-05,-4.957878014959672,0.0,3.7237305534305345e-08,7.763608319632821e-08,0.0,Very rare (<1e-4),Shallow zero,0.0,-8.0,1.0,103.0,8.703334e-05,0.5347432,0.00016003146,0.0009555507,-0.9365577101707458,-0.18230147659778595,-0.0026672997046262026,0.013489617966115475,-0.14212021231651306,-0.46914950013160706,-0.3632214367389679,0.07437333464622498,-0.07635458558797836,-1.0255890629196074e-05,-4.97199010848999,-2.084519524526513,-7.056509633016503,XGBoost
SRS2821824,3,146247,2000,0,0.0,1.0,7.715520197517317e-05,-4.112578502736796,0.0,9.502177197046585e-08,1.7604167268062958e-07,0.0,Very rare (<1e-4),Shallow zero,0.0,-8.0,1.0,109.0,0.000114673334,0.2326284,0.0012743383,0.017979877,-1.010201334953308,-0.19136755168437958,-0.0008463382837362587,0.017845269292593002,0.48602959513664246,-0.09610103815793991,-0.9427989721298218,-0.07678943872451782,0.06085396185517311,-1.08842659756192e-05,-4.97199010848999,-1.7533867319152705,-6.725376840405261,XGBoost
SRS2822023,2,150579,2000,8,0.004,0.0,0.004207075139812714,-2.376018698970238,0.004,0.003350019104474547,0.0036283043436017965,0.0,Common (1e-3 to 1e-2),Detected in shallow,2.1972246,-2.397939,0.3939394,65.0,0.03472924,1.0,0.06538418,0.4151791,1.4623085260391235,0.29941070079803467,0.0032420612405985594,-0.015401117503643036,-0.133616104722023,0.092045359313488,0.8002013564109802,0.01945965737104416,-0.011913816444575787,-6.496584683191031e-05,-4.97199010848999,2.5156716566561954,-2.456318451833795,XGBoost
SRS2822149,4,241327,2000,0,0.0,1.0,0.00014154589897978073,-3.8490720278108057,0.0,6.62454233381395e-05,4.7834196718872836e-05,0.0,Rare (1e-4 to 1e-3),Shallow zero,0.0,-8.0,1.0,96.0,0.00018687687,0.5558912,0.00027481955,0.001330833,-0.7776588201522827,-0.1455165445804596,-0.002020900836214423,0.024870600551366806,0.6986158490180969,0.2473122775554657,0.13382862508296967,0.3898378610610962,0.10747146606445312,-1.1598130186030176e-05,-4.97199010848999,0.6767288156343056,-4.295261292855685,XGBoost
SRS2822120,3,264947,2000,14,0.007,0.0,0.0057574389854577876,-2.239769901463138,0.007,0.0066563427213361896,0.006559540956351954,0.0,Common (1e-3 to 1e-2),Detected in shallow,2.7080503,-2.1549013,0.25,103.0,0.0022047001,0.8429003,0.007056937,0.059745472,1.920782208442688,0.3740730285644531,0.0023194081149995327,-0.020822523161768913,0.15428079664707184,0.037164557725191116,0.33380937576293945,-0.031902849674224854,0.0200726930052042,-3.0637784220743924e-07,-4.97199010848999,2.7897763890487113,-2.182213719441279,XGBoost
SRS2821987,4,55552,2000,0,0.0,1.0,6.965620791604103e-05,-4.156977828419918,0.0,2.7716143977106224e-06,2.27570159128686e-06,0.0,Very rare (<1e-4),Shallow zero,0.0,-8.0,1.0,82.0,0.00048866007,0.6918429,0.0006489186,0.0034648909,-0.892783522605896,-0.17447887361049652,-0.003372370032593608,0.0370841808617115,-0.08468477427959442,0.0864604189991951,0.2970221936702728,0.08047713339328766,-0.03722500428557396,-1.8043090676655993e-05,-4.97199010848999,-0.6915186609803641,-5.663508769470354,XGBoost
SRS2821860,3,241754,2000,0,0.0,1.0,0.0,-8.0,0.0,1.1381167681951916e-07,2.3636315412368996e-07,0.0,Reference zero,Shallow zero,0.0,-8.0,1.0,93.0,0.00022895166,0.4833837,0.0013338621,0.016593887,-0.9612158536911011,-0.18554271757602692,-0.0021672050934284925,0.02155112847685814,0.13108791410923004,-0.08477626740932465,-0.381887286901474,-0.2000325322151184,0.018195433542132378,-1.3327988199307583e-05,-4.97199010848999,-1.6448007147464523,-6.6167908232364425,XGBoost
SRS2822129,4,133193,2000,1,0.0005,0.0,0.001369997064292005,-2.8632771934456906,0.0005,0.0002302051769938088,0.0002450164432731947,0.0,Common (1e-3 to 1e-2),Detected in shallow,0.6931472,-3.3010213,0.93043476,114.0,0.00015176572,0.3776435,0.0005627595,0.0052007437,1.142623782157898,0.21903149783611298,-0.0017721975455060601,-0.024845676496624947,0.3502454161643982,-0.10748165100812912,-0.2620636522769928,0.02666253224015236,0.01134561188519001,-3.137377279927023e-05,-4.97199010848999,1.3537142891836993,-3.618275819306291,XGBoost
SRS2822149,3,34262,2000,1,0.0005,0.0,8.710516860294199e-05,-4.059906218505557,0.0005,0.00041739761542030674,0.00042854215239693846,0.0,Very rare (<1e-4),Detected in shallow,0.6931472,-3.3010213,0.7395833,95.0,0.000748398,0.93957704,0.0009992564,0.014535054,0.7595126032829285,0.1406620591878891,0.004230043850839138,-0.002680182456970215,0.0669003427028656,0.12678010761737823,0.5311975479125977,-0.03447232395410538,0.026063624769449234,-0.00011461063695605844,-4.97199010848999,1.6180792122759158,-3.3539108962140745,XGBoost
SRS2821969,5,254096,2000,0,0.0,1.0,7.126737142178407e-05,-4.1470483246567005,0.0,7.149949923343109e-06,9.894409298468841e-06,0.0,Very rare (<1e-4),Shallow zero,0.0,-8.0,1.0,77.0,0.00011319857,0.7824773,0.00015489296,0.0012609025,-0.7772300243377686,-0.15084043145179749,-0.0013088973937556148,0.015052537433803082,0.020848024636507034,0.008000869303941727,0.6849634051322937,0.05859507992863655,0.011289854533970356,-1.2868610610894393e-05,-4.97199010848999,-0.1306424508247801,-5.10263255931477,XGBoost
SRS2822218,4,103181,2000,60,0.03,0.0,0.028463400216375386,-1.5457130680806734,0.03,0.028367053937665934,0.03275639684423336,0.0,Dominant (>=1e-2),Detected in shallow,4.1108737,-1.5228786,0.14754099,60.0,0.07624534,1.0,0.045433253,0.20324115,2.174046277999878,0.43337202072143555,0.004646846558898687,-0.017579849809408188,-0.10328015685081482,0.1047767773270607,0.8451154232025146,0.0014357015024870634,-0.0032552536576986313,-0.00011081365664722398,-4.97199010848999,3.4391669733377057,-1.5328231351522845,XGBoost
SRS2821932,2,249900,2000,1,0.0005,0.0,0.0004702492320930093,-3.3276626696580864,0.0005,0.00044419862171918674,0.000391595426366902,0.0,Rare (1e-4 to 1e-3),Detected in shallow,0.6931472,-3.3010213,0.7592593,107.0,0.0007808646,0.94864047,0.0021385648,0.02629283,0.6400846838951111,0.12212865054607391,0.001015180954709649,-0.013506400398910046,0.19574321806430817,0.1388668566942215,0.5418959259986877,-0.07747633755207062,0.009495108388364315,-8.452439215034246e-05,-4.97199010848999,1.5581623621983454,-3.413827746291645,XGBoost
SRS2822269,5,69372,2000,0,0.0,1.0,0.0,-8.0,0.0,7.975133657285597e-09,1.0890326057280469e-08,0.0,Reference zero,Shallow zero,0.0,-8.0,1.0,70.0,0.00032684265,0.12084592,0.0055400487,0.10076672,-1.144040822982788,-0.2236841320991516,-0.0035856764297932386,0.020222505554556847,-0.10063528269529343,-0.0399993471801281,-1.045386552810669,-0.051830943673849106,-0.12695147097110748,-2.8325666789896786e-05,-4.97199010848999,-2.715920048955013,-7.687910157445003,XGBoost
SRS2822298,4,157587,2000,7,0.0035,0.0,0.002178900975553391,-2.6617605134966245,0.0035,0.0027556741778338237,0.0025200639827101866,0.0,Common (1e-3 to 1e-2),Detected in shallow,2.0794415,-2.4559307,0.37179488,77.0,0.00065411127,0.8036254,0.001915937,0.02106427,1.8673213720321655,0.3685271143913269,0.001533669768832624,-0.025543831288814545,-0.004619506187736988,-0.013873412273824215,0.23229500651359558,-0.020792899653315544,-0.0017824191600084305,-2.0858145944657736e-05,-4.97199010848999,2.4030442359962763,-2.568945872493714,XGBoost
SRS2821928,5,246206,2000,1,0.0005,0.0,0.0001603412060865522,-3.7949277691638885,0.0005,0.00022449503159395988,0.00018699361849440203,0.0,Rare (1e-4 to 1e-3),Detected in shallow,0.6931472,-3.3010213,0.96330273,108.0,0.00010897582,0.40785497,0.0003131337,0.0027118293,1.158466100692749,0.23690050840377808,0.006539462599903345,-0.009818902239203453,0.21153947710990906,-0.19832706451416016,-0.16418863832950592,0.00875147245824337,-0.015913214534521103,-3.073083280469291e-05,-4.97199010848999,1.2339184708143875,-3.7380716376756027,XGBoost
SRS2822116,2,242853,2000,0,0.0,1.0,0.0,-8.0,0.0,1.0828326850239798e-06,1.3278718948329562e-06,0.0,Reference zero,Shallow zero,0.0,-8.0,1.0,70.0,0.00030124138,0.70090634,0.000494946,0.0050763567,-0.8849576711654663,-0.17115013301372528,-0.002752787433564663,0.02582634799182415,-0.21103613078594208,-0.01693488284945488,0.3227669298648834,0.0030815021600574255,0.015283539891242981,-1.374581188429147e-05,-4.97199010848999,-0.9198870311520295,-5.89187713964202,XGBoost
SRS2822133,3,219738,2000,1,0.0005,0.0,0.0010349479753830233,-2.98507728443875,0.0005,0.0001570535443908656,0.00019520001823285452,0.0,Common (1e-3 to 1e-2),Detected in shallow,0.6931472,-3.3010213,0.86915886,106.0,0.00020342889,0.6797583,0.00060650357,0.005251475,0.8632388710975647,0.16543307900428772,0.0019093985902145505,-0.044214505702257156,0.25272995233535767,-0.08520536869764328,0.09490478783845901,-0.00794205442070961,-0.003587995655834675,-3.247803033445962e-05,-4.97199010848999,1.2372336863591045,-3.7347564221308858,XGBoost
SRS2822077,4,66728,2000,0,0.0,1.0,0.0,-8.0,0.0,1.422885139156737e-07,2.6582449226063677e-07,0.0,Reference zero,Shallow zero,0.0,-8.0,1.0,58.0,0.00038362664,0.6978852,0.00076735264,0.0055927797,-0.9387340545654297,-0.181642085313797,-0.0001370846584904939,0.019432252272963524,-0.5931473970413208,-0.09240634739398956,0.29666605591773987,-0.04879453405737877,-0.08055929094552994,-1.0966189620376099e-05,-4.97199010848999,-1.6193334519748532,-6.5913235604648435,XGBoost
SRS2821931,1,125856,2000,0,0.0,1.0,3.440505066143711e-05,-4.463251586796972,0.0,2.8416763011872398e-06,2.2260394487965425e-06,0.0,Very rare (<1e-4),Shallow zero,0.0,-8.0,1.0,94.0,9.291529e-05,0.48036253,0.00019109515,0.0019680331,-0.8904553651809692,-0.1675472855567932,-0.0021510052029043436,0.017070893198251724,0.33110135793685913,-0.02328243851661682,-0.0848085954785347,0.18756486475467682,-0.04302758723497391,-1.1476939107524231e-05,-4.97199010848999,-0.6755466382201121,-5.647536746710102,XGBoost
SRS2821970,2,254595,2000,0,0.0,1.0,0.0001733486136926144,-3.7610545746234894,0.0,8.860060801894947e-06,1.2090916698312165e-05,0.0,Rare (1e-4 to 1e-3),Shallow zero,0.0,-8.0,1.0,109.0,0.00016204137,0.6767372,0.00091449963,0.011823002,-0.7827448844909668,-0.1523355096578598,-0.001759059028699994,0.029260804876685143,0.6300546526908875,-0.02202521078288555,0.33118459582328796,0.008215069770812988,0.007997141219675541,-1.0404633030702826e-05,-4.97199010848999,0.04783719578790624,-4.924152912702084,XGBoost
SRS2821901,2,32169,2000,1,0.0005,0.0,0.0008506364400352553,-3.070250911181719,0.0005,0.00019597196587658498,0.00035187519764532646,0.0,Rare (1e-4 to 1e-3),Detected in shallow,0.6931472,-3.3010213,0.6626506,82.0,0.0033968086,0.6797583,0.0050051105,0.03388699,1.2884546518325806,0.24695231020450592,0.005386915523558855,-0.01984236389398575,-0.013262026011943817,0.10501880943775177,0.018550727516412735,-0.05284417048096657,-0.039986588060855865,-0.00012976984726265073,-4.97199010848999,1.5382984962197952,-3.433691612270195,XGBoost
SRS2822185,5,39556,2000,4,0.002,0.0,0.00591988175318995,-2.2276862343956765,0.002,0.0017535530059723857,0.0018216391869343722,0.0,Common (1e-3 to 1e-2),Detected in shallow,1.609438,-2.698968,0.4,119.0,0.0026504907,0.9697885,0.0033855517,0.025856571,1.133255958557129,0.2124650627374649,0.00510695856064558,-0.015001152642071247,0.22732849419116974,0.08147790282964706,0.5658729076385498,0.008235442452132702,0.0036481383722275496,-0.00016896385932341218,-4.97199010848999,2.2222207488375716,-2.7497693596524186,XGBoost
SRS2822280,3,130514,2000,0,0.0,1.0,0.0,-8.0,0.0,1.228676502915756e-07,8.404825804136284e-08,0.0,Reference zero,Shallow zero,0.0,-8.0,1.0,98.0,0.00012302898,0.24773414,0.00071613037,0.009275413,-1.0517984628677368,-0.20268048346042633,-0.0025522673968225718,0.01718604378402233,0.21618321537971497,-0.10871944576501846,-0.900355339050293,-0.01892026513814926,-0.02015184983611107,-1.0169314009544905e-05,-4.97199010848999,-2.0718190236648297,-7.04380913215482,XGBoost
SRS2821987,1,34262,2000,0,0.0,1.0,0.0007429995511044376,-3.129005603513593,0.0,3.4629578541979426e-06,1.8908791807996404e-05,0.0,Rare (1e-4 to 1e-3),Shallow zero,0.0,-8.0,1.0,81.0,0.000748398,0.93957704,0.0009992564,0.014535054,-0.7590285539627075,-0.1518673449754715,-0.003484406741335988,0.020327361300587654,-0.26443031430244446,0.11522078514099121,1.2485026121139526,0.015964461490511894,0.006536567583680153,-2.7062467779614963e-05,-4.97199010848999,0.22771410517998447,-4.744276003310006,XGBoost
SRS2822080,1,5378,2000,0,0.0,1.0,0.0,-8.0,0.0,1.3184820092844398e-06,1.5887366123119728e-06,0.0,Reference zero,Shallow zero,0.0,-8.0,1.0,88.0,0.00010390619,0.6223565,0.00026650736,0.0020611393,-0.8853464722633362,-0.1728474199771881,-0.0015698162605986,0.01736753061413765,-0.01203472912311554,-0.10958799719810486,0.12192914634943008,0.13706423342227936,0.016144054010510445,-1.174794579128502e-05,-4.97199010848999,-0.888893218371777,-5.860883326861767,XGBoost
SRS2821919,3,230845,2000,2,0.001,0.0,0.0012638504155124655,-2.8983008881739987,0.001,0.000612433680257547,0.0005860454719728402,0.0,Common (1e-3 to 1e-2),Detected in shallow,1.0986123,-2.9999957,0.6666667,86.0,0.0005024055,0.92749244,0.0006673251,0.009153292,1.0880268812179565,0.20120789110660553,0.0020166144240647554,0.0029385327361524105,-0.0742172971367836,0.041503988206386566,0.448093980550766,0.02328263223171234,-0.0003896487469319254,-0.00019600153609644622,-4.97199010848999,1.7322675730538322,-3.239722535436158,XGBoost
SRS2821987,2,32169,2000,0,0.0,1.0,0.00012383325851740627,-3.9071276295171984,0.0,7.569330165452739e-07,4.179896906325017e-07,0.0,Rare (1e-4 to 1e-3),Shallow zero,0.0,-8.0,1.0,80.0,0.0033968086,0.6797583,0.0050051105,0.03388699,-0.9826939702033997,-0.18797354400157928,-0.0047249943017959595,0.026079334318637848,-0.05719228461384773,-0.13406001031398773,0.05647529661655426,-0.04651526361703873,-0.06641426682472229,-3.100376852671616e-05,-4.97199010848999,-1.397050706709706,-6.369040815199696,XGBoost
SRS2822268,3,170659,2000,3,0.0015,0.0,0.0010621496060810377,-2.9738102188175417,0.0015,0.0009168286991038725,0.001059593929526591,0.0,Common (1e-3 to 1e-2),Detected in shallow,1.3862944,-2.823906,0.5131579,75.0,0.0006393987,0.7945619,0.0008578754,0.004933903,1.5025697946548462,0.29524096846580505,0.005205250810831785,-0.03206180781126022,-0.07105828076601028,0.0036047676112502813,0.23381564021110535,0.012573635205626488,0.021868212148547173,-0.00025353755336254835,-4.97199010848999,1.9715046429773793,-3.000485465512611,XGBoost
SRS2822026,1,192138,2000,0,0.0,1.0,0.0,-8.0,0.0,1.5892385776045705e-10,4.7257093958998754e-09,0.0,Reference zero,Shallow zero,0.0,-8.0,1.0,57.0,9.820939e-05,0.21450152,0.0008801074,0.014593427,-1.128434658050537,-0.22116497159004211,-0.0019665048457682133,0.01695411093533039,-0.33467531204223633,-0.07102585583925247,-1.0110654830932617,0.004894061014056206,-0.10284271836280823,-8.001046808203682e-06,-4.97199010848999,-2.849335332921328,-7.821325441411318,XGBoost
SRS2821946,1,76593,2000,0,0.0,1.0,0.0,-8.0,0.0,1.166623079265913e-10,3.3762980673975487e-09,0.0,Reference zero,Shallow zero,0.0,-8.0,1.0,49.0,0.00017646246,0.18126889,0.0012488235,0.012532322,-1.131840467453003,-0.22031717002391815,-0.001048363046720624,0.018733328208327293,-0.3902784585952759,-0.0833316519856453,-1.0345357656478882,0.010088968090713024,-0.07107669860124588,-1.029951363307191e-05,-4.97199010848999,-2.9036165785682897,-7.87560668705828,XGBoost
SRS2822153,1,220566,2000,1,0.0005,0.0,8.195461763048711e-05,-4.086373582787318,0.0005,0.00031092534551453976,0.0002933310861039979,0.0,Very rare (<1e-4),Detected in shallow,0.6931472,-3.3010213,0.9099099,110.0,0.00017675002,0.64350456,0.00046187083,0.0040513957,0.8637376427650452,0.16744358837604523,0.0020633272361010313,-0.03733629360795021,0.36227306723594666,-0.04138601943850517,0.08214464038610458,0.049490347504615784,-0.005581642966717482,-3.176838799845427e-05,-4.97199010848999,1.4428168891026871,-3.529173219387303,XGBoost
SRS2822153,5,39261,2000,0,0.0,1.0,1.024432720381089e-05,-4.989092828836098,0.0,2.2151263553463647e-06,3.846219194697583e-06,0.0,Very rare (<1e-4),Shallow zero,0.0,-8.0,1.0,108.0,0.00059366494,0.81570995,0.00085873617,0.004203242,-0.7881306409835815,-0.1507861167192459,-0.0013925153762102127,0.026671260595321655,0.20936638116836548,0.017135169357061386,0.5374994874000549,-0.1418261080980301,-0.15006281435489655,-1.584746496519074e-05,-4.97199010848999,-0.44154174447612604,-5.413531852966116,XGBoost
SRS2822136,2,249900,2000,0,0.0,1.0,5.053721054812658e-05,-4.296302805987566,0.0,0.00011465920620227042,6.88556960035707e-05,0.0,Very rare (<1e-4),Shallow zero,0.0,-8.0,1.0,57.0,0.0007808646,0.94864047,0.0021385648,0.02629283,-0.7065364122390747,-0.13869130611419678,-0.0017321088816970587,0.029292309656739235,-0.17271269857883453,0.2348080277442932,1.514837384223938,0.02062099426984787,0.03279000520706177,-2.6475330741959624e-05,-4.97199010848999,0.812649719957335,-4.159340388532655,XGBoost
SRS2822068,4,21519,2000,16,0.008,0.0,0.007159808210774422,-2.145098004376475,0.008,0.007350842116552303,0.007094620034080694,0.0,Common (1e-3 to 1e-2),Detected in shallow,2.8332133,-2.0969095,0.20652173,91.0,0.0037110457,0.9909366,0.0037973842,0.04273304,1.7283426523208618,0.3420329689979553,0.0028005295898765326,-0.008751067332923412,0.020513901486992836,0.045474860817193985,0.6998999714851379,-0.021297045052051544,0.007733277976512909,-2.1559993911068887e-05,-4.97199010848999,2.8167284902956453,-2.155261618194345,XGBoost
SRS2822023,4,77276,2000,0,0.0,1.0,0.0,-8.0,0.0,1.2441254888482095e-08,1.120630965378267e-08,0.0,Reference zero,Shallow zero,0.0,-8.0,1.0,76.0,0.0002371714,0.1450151,0.0017030517,0.0159834,-1.1301931142807007,-0.2207503765821457,-0.002835787832736969,0.016576332971453667,-0.07292557507753372,-0.06878795474767685,-1.0512288808822632,-0.07826825976371765,-0.09520084410905838,-1.8758550140773878e-05,-4.97199010848999,-2.7036332188545202,-7.6756233273445105,XGBoost
SRS2821901,2,254595,2000,1,0.0005,0.0,3.0745895422961036e-05,-4.5120716244656265,0.0005,0.0001572984162611478,0.00014582188638256232,0.0,Very rare (<1e-4),Detected in shallow,0.6931472,-3.3010213,0.92771083,82.0,0.00016204137,0.6767372,0.00091449963,0.011823002,1.0516228675842285,0.2209096997976303,0.0034530411940068007,-0.009155063889920712,-0.01101455744355917,-0.13075871765613556,0.08370529115200043,-0.025952378287911415,-0.027004893869161606,-6.0131500504212454e-05,-4.97199010848999,1.1557451570806734,-3.816244951409317,XGBoost
SRS2821870,2,124068,2000,7,0.0035,0.0,0.002004655105143488,-2.6979581692463994,0.0035,0.002920220197383176,0.0026725272524664996,0.0,Common (1e-3 to 1e-2),Detected in shallow,2.0794415,-2.4559307,0.41237113,96.0,0.00014218914,0.5498489,0.0007593415,0.011551025,1.9894273281097412,0.3777637481689453,0.003551542991772294,-0.01914859749376774,0.12421562522649765,-0.01606600731611252,-0.041156116873025894,-0.009427085518836975,-0.018562963232398033,-1.3897919416194782e-05,-4.97199010848999,2.390583576143399,-2.581406532346591,XGBoost
SRS2822023,1,26279,2000,0,0.0,1.0,2.1760733481789898e-05,-4.66212693881707,0.0,8.84623452279223e-06,4.251638449339605e-06,0.0,Very rare (<1e-4),Shallow zero,0.0,-8.0,1.0,78.0,0.000125958,0.73413897,0.00025362414,0.0020910723,-0.8148126602172852,-0.15954625606536865,-0.001727696624584496,0.018292641267180443,0.0016563029494136572,0.050152428448200226,0.463861346244812,-0.01985304430127144,0.06898211687803268,-1.3284359738463536e-05,-4.97199010848999,-0.3930081057806092,-5.364998214270599,XGBoost
SRS2822220,5,264947,2000,0,0.0,1.0,3.157662067005589e-05,-4.500496835090488,0.0,1.575107765479281e-07,9.333299813288089e-07,0.0,Very rare (<1e-4),Shallow zero,0.0,-8.0,1.0,56.0,0.0022047001,0.8429003,0.007056937,0.059745472,-0.8953049778938293,-0.17679639160633087,-0.003491276642307639,0.02195628359913826,-0.6144819855690002,-0.09819015860557556,0.622810423374176,0.005472911521792412,0.05324641242623329,-2.4002456484595314e-05,-4.97199010848999,-1.0848027618521883,-6.0567928703421785,XGBoost
SRS2822243,4,83909,2000,0,0.0,1.0,0.0,-8.0,0.0,7.437426975836395e-07,1.217836565378797e-06,0.0,Reference zero,Shallow zero,0.0,-8.0,1.0,78.0,0.0002642183,0.62537766,0.000567219,0.0059502665,-0.9031169414520264,-0.17638084292411804,-0.0026415938045829535,0.01972489058971405,-0.002614474156871438,0.01400709804147482,0.088231660425663,0.003953877370804548,0.02486642636358738,-1.3655518159794156e-05,-4.97199010848999,-0.9339835550645148,-5.905973663554505,XGBoost
SRS2821970,2,184673,2000,0,0.0,1.0,0.0,-8.0,0.0,1.295169365269237e-08,2.080058573600834e-08,0.0,Reference zero,Shallow zero,0.0,-8.0,1.0,109.0,0.00011717566,0.1389728,0.0008720867,0.011156369,-1.081013560295105,-0.20996521413326263,-0.001805253908969462,0.017478976398706436,0.2806335389614105,-0.16836927831172943,-1.2413935661315918,-0.09266495704650879,-0.047042250633239746,-9.779644642549101e-06,-4.97199010848999,-2.5441513447449324,-7.516141453234923,XGBoost
SRS2822275,2,17010,2000,0,0.0,1.0,0.0,-8.0,0.0,4.31564823481015e-07,5.289778202342627e-07,0.0,Reference zero,Shallow zero,0.0,-8.0,1.0,63.0,9.520266e-05,0.63746226,0.00030573792,0.004209146,-0.9171252250671387,-0.1731349378824234,-0.0005459644598886371,0.015910523012280464,-0.26674142479896545,-0.04928026720881462,0.07174083590507507,-0.024122588336467743,0.05588908493518829,-1.0432402632432058e-05,-4.97199010848999,-1.2874203963037871,-6.259410504793777,XGBoost
SRS2822230,1,142355,2000,1,0.0005,0.0,0.0010540382841762504,-2.977139494369192,0.0005,0.001454875136650738,0.0012612108290694787,0.0,Common (1e-3 to 1e-2),Detected in shallow,0.6931472,-3.3010213,0.6603774,105.0,0.046057653,1.0,0.03787872,0.1573756,0.589142382144928,0.1316642314195633,0.002707286039367318,-0.017542941495776176,0.16314738988876343,0.26148587465286255,0.9549440741539001,-0.03943744674324989,-0.00034639640944078565,-0.0003399401030037552,-4.97199010848999,2.045424513547914,-2.926565594942076,XGBoost
SRS2822256,2,88503,2000,1,0.0005,0.0,3.962383770076078e-05,-4.401933873374389,0.0005,0.00026898342477397363,0.0003078441306182662,0.0,Very rare (<1e-4),Detected in shallow,0.6931472,-3.3010213,0.85365856,81.0,0.00044400847,0.776435,0.0010493724,0.009021864,1.0485774278640747,0.20756100118160248,0.0043562790378928185,0.011109637096524239,-0.07369255274534225,0.039594002068042755,0.1729857176542282,-0.01961766742169857,0.004813054576516151,-7.433591963490471e-05,-4.97199010848999,1.3956125633922056,-3.5763775450977846,XGBoost
SRS2821816,3,88503,2000,1,0.0005,0.0,0.00017993209519190148,-3.744867227032422,0.0005,0.00022039093171658826,0.00019018451998415147,0.0,Rare (1e-4 to 1e-3),Detected in shallow,0.6931472,-3.3010213,0.82608694,91.0,0.00044400847,0.776435,0.0010493724,0.009021864,1.0253359079360962,0.20827160775661469,0.003994216211140156,0.00941701140254736,-0.04701877757906914,0.02284669503569603,0.143030047416687,-0.07873618602752686,-0.030740156769752502,-5.880106982658617e-05,-4.97199010848999,1.2563415643126064,-3.715648544177384,XGBoost
SRS2821871,2,230879,2000,2,0.001,0.0,0.0006971193610133044,-3.1566866256876307,0.001,0.0008289550304663178,0.0008144093969911882,0.0,Rare (1e-4 to 1e-3),Detected in shallow,1.0986123,-2.9999957,0.627451,101.0,0.0015856185,0.8126888,0.0057585547,0.060026452,1.1266701221466064,0.19059601426124573,0.003667814889922738,-0.0400499626994133,0.2016414999961853,0.14332668483257294,0.26742228865623474,-0.01840752363204956,0.016122974455356598,-0.00020336004672572017,-4.97199010848999,1.890786552859936,-3.0812035556300543,XGBoost
SRS2821916,3,168466,2000,4,0.002,0.0,0.003332589558845758,-2.4772168675070567,0.002,0.001788441003943441,0.001992627375113038,0.0,Common (1e-3 to 1e-2),Detected in shallow,1.609438,-2.698968,0.3846154,64.0,0.0024476515,0.978852,0.002728051,0.026829133,1.3015457391738892,0.23413793742656708,0.002734588924795389,-0.02052069827914238,-0.0785236656665802,0.07613875716924667,0.673204243183136,0.02753610536456108,0.0022670833859592676,-0.00015357404481619596,-4.97199010848999,2.218366516637616,-2.7536235918523744,XGBoost
SRS2821928,2,249070,2000,0,0.0,1.0,1.6034120608655217e-05,-4.794684081951139,0.0,5.402887107582833e-08,4.623174205999863e-08,0.0,Very rare (<1e-4),Shallow zero,0.0,-8.0,1.0,106.0,0.00023544636,0.24169184,0.0010489682,0.011122386,-1.056461215019226,-0.20529313385486603,-0.004423409700393677,0.01315394975244999,0.26965150237083435,-0.05750313401222229,-1.0538713932037354,-0.11255188286304474,-0.06928212195634842,-1.147072089224821e-05,-4.97199010848999,-2.2765923092074445,-7.248582417697435,XGBoost
SRS2821972,1,112467,2000,0,0.0,1.0,2.800937380376633e-05,-4.552541574853518,0.0,3.183034646977433e-05,4.199901371691978e-05,0.0,Very rare (<1e-4),Shallow zero,0.0,-8.0,1.0,104.0,0.00029495728,0.7613293,0.00051007455,0.004944688,-0.7313706278800964,-0.14560917019844055,-0.0010649169562384486,0.03078445978462696,0.550148069858551,0.11378231644630432,0.587014377117157,0.1339053064584732,0.039396096020936966,-1.1015299605787732e-05,-4.97199010848999,0.5769748953516682,-4.395015213138322,XGBoost
SRS2822298,1,174794,2000,29,0.0145,0.0,0.02180551658110629,-1.661433421097531,0.0145,0.014368375562951712,0.012909662310306037,0.0,Dominant (>=1e-2),Detected in shallow,3.4011974,-1.8386317,0.17948718,77.0,0.010415424,1.0,0.0056196577,0.027844705,1.8938534259796143,0.37351560592651367,0.004421569872647524,-0.014378568157553673,-0.0003880319418385625,0.07785020023584366,0.789038896560669,-0.007590423803776503,-0.0029506285209208727,0.00015489716315642,-4.97199010848999,3.113526943314355,-1.8584631651756354,XGBoost
SRS2822298,3,45066,2000,0,0.0,1.0,3.3013651144748354e-05,-4.481174912164792,0.0,1.6839703753641418e-05,5.638679405683002e-06,0.0,Very rare (<1e-4),Shallow zero,0.0,-8.0,1.0,77.0,0.00025520584,0.70090634,0.00045217315,0.0025439027,-0.840065598487854,-0.16024725139141083,-0.0016129071591421962,0.017232621088624,0.14849235117435455,0.07736746966838837,0.3764325678348541,0.08132439106702805,0.05791664868593216,-1.369508208881598e-05,-4.97199010848999,-0.2431734026013146,-5.215163511091305,XGBoost
SRS2822236,1,55552,2000,0,0.0,1.0,0.0,-8.0,0.0,6.683264816572867e-08,7.11305717825159e-08,0.0,Reference zero,Shallow zero,0.0,-8.0,1.0,61.0,0.00048866007,0.6918429,0.0006489186,0.0034648909,-0.9706287980079651,-0.19562885165214539,-0.004284147638827562,0.026070447638630867,-0.6930176019668579,-0.1069258525967598,0.0681728720664978,-0.0729023739695549,-0.16149261593818665,-1.453185086575104e-05,-4.97199010848999,-2.1106514539160344,-7.082641562406025,XGBoost
SRS2822089,1,228316,2000,1,0.0005,0.0,0.0009236046971896027,-3.034509164908652,0.0005,0.0004583657532122073,0.0006652355478809489,0.0,Rare (1e-4 to 1e-3),Detected in shallow,0.6931472,-3.3010213,0.7777778,116.0,0.0015487785,0.9879154,0.0037244235,0.05982749,0.5177531242370605,0.11068026721477509,-0.00011577882105484605,-0.01854037120938301,0.28445494174957275,0.18214504420757294,0.7372936010360718,-0.02824542112648487,0.0058474550023674965,-0.00012591046106535941,-4.97199010848999,1.7911469518294325,-3.1808431566605577,XGBoost
SRS2821972,5,73737,2000,0,0.0,1.0,0.00015871978488800922,-3.799341572307557,0.0,8.034295557016484e-05,5.556108636763294e-05,0.0,Rare (1e-4 to 1e-3),Shallow zero,0.0,-8.0,1.0,111.0,0.0006970792,0.7432024,0.0032176015,0.05353192,-0.7460493445396423,-0.14467675983905792,-0.0016351282829418778,0.04936676844954491,0.7378389835357666,0.1393667459487915,0.6313048005104065,-0.07656239718198776,0.11516088992357254,-1.676946885709185e-05,-4.97199010848999,0.7040977890555951,-4.267892319434395,XGBoost
SRS2822185,4,49837,2000,0,0.0,1.0,0.0,-8.0,0.0,4.135236656434343e-07,4.921616728402969e-07,0.0,Reference zero,Shallow zero,0.0,-8.0,1.0,110.0,0.00023508172,0.42900303,0.0012369187,0.012222509,-0.9202467799186707,-0.1833421289920807,-0.0016347398050129414,0.019559603184461594,0.4793238937854767,-0.02970081754028797,-0.46726086735725403,-0.18435916304588318,-0.037677302956581116,-1.1397355592634995e-05,-4.97199010848999,-1.325349700001425,-6.297339808491415,XGBoost
SRS2822063,3,176063,2000,1,0.0005,0.0,0.00038711562340223494,-3.4121480822746593,0.0005,0.00022397043006504072,0.00046348573619285307,0.0,Rare (1e-4 to 1e-3),Detected in shallow,0.6931472,-3.3010213,0.90123457,80.0,0.00018996943,0.50755286,0.0003739395,0.0021271715,1.1534215211868286,0.23614045977592468,0.002021418185904622,-0.011506602168083191,0.0723511204123497,-0.026652853935956955,-0.03858853131532669,0.03002164326608181,0.10354742407798767,-4.206571611575782e-05,-4.97199010848999,1.5207135337695945,-3.4512765747203957,XGBoost
SRS2821890,4,112003,2000,0,0.0,1.0,4.1363335539377896e-05,-4.38327946465076,0.0,3.120005714845942e-05,2.9831498067650036e-05,0.0,Very rare (<1e-4),Shallow zero,0.0,-8.0,1.0,108.0,0.00033501314,0.70996976,0.0011605102,0.010552234,-0.7567763328552246,-0.14788244664669037,-0.0015653792070224881,0.03207973390817642,0.6920685172080994,0.12107862532138824,0.5388016700744629,-0.08545555174350739,0.03620202839374542,-1.242322105099447e-05,-4.97199010848999,0.4285384412323765,-4.543451667257614,XGBoost
SRS2822025,4,57440,2000,0,0.0,1.0,4.845782957381339e-05,-4.3145464278782555,0.0,6.065431671359841e-05,7.515172204662353e-05,0.0,Very rare (<1e-4),Shallow zero,0.0,-8.0,1.0,72.0,0.0019832102,0.9848943,0.010929906,0.19425108,-0.690852701663971,-0.13786862790584564,-0.004094733390957117,0.02636832185089588,-0.2852230966091156,0.1678420603275299,1.7228714227676392,0.011769432574510574,0.015577498823404312,-8.355869067599997e-05,-4.97199010848999,0.8263060180834145,-4.145684090406576,XGBoost
SRS2822230,4,149687,2000,0,0.0,1.0,3.7644224434866085e-05,-4.424186293146339,0.0,1.0544100761667768e-07,8.30171730065968e-08,0.0,Very rare (<1e-4),Shallow zero,0.0,-8.0,1.0,97.0,0.00020057724,0.29909366,0.0010210794,0.011921377,-1.0458579063415527,-0.20434319972991943,-0.003989755641669035,0.01261092908680439,0.14664196968078613,-0.02343273162841797,-0.8498235940933228,-0.09754938632249832,-0.018532270565629005,-1.1749235454772133e-05,-4.97199010848999,-2.0842876947908735,-7.056277803280864,XGBoost
SRS2821932,5,118090,2000,159,0.0795,0.0,0.07894183917476262,-1.1026927046824664,0.0795,0.08416355476733169,0.08008653944412929,0.0,Dominant (>=1e-2),Detected in shallow,5.075174,-1.0996329,0.052083332,95.0,0.050860923,0.95770395,0.060766596,0.24860331,2.8419198989868164,0.5450671911239624,0.003645596792921424,-0.0024743634276092052,0.041089288890361786,0.015848034992814064,0.47899436950683594,-0.04372534900903702,-0.01563619077205658,-2.012311051657889e-05,-4.97199010848999,3.8647083539744926,-1.1072817545154976,XGBoost
SRS2822153,2,71581,2000,0,0.0,1.0,0.0,-8.0,0.0,3.422758325091421e-07,3.3464700554806873e-07,0.0,Reference zero,Shallow zero,0.0,-8.0,1.0,102.0,9.82684e-05,0.34743202,0.00092708867,0.015995827,-0.9944397211074829,-0.18996591866016388,-0.0013346562627702951,0.019808748736977577,0.3036592900753021,-0.10236359387636185,-0.6330100893974304,-0.03675461560487747,0.12922078371047974,-1.0292757906427141e-05,-4.97199010848999,-1.5051900651442338,-6.477180173634224,XGBoost
SRS2821893,3,219738,2000,0,0.0,1.0,0.0,-8.0,0.0,3.2173146214803626e-06,2.2202780148931736e-06,0.0,Reference zero,Shallow zero,0.0,-8.0,1.0,78.0,0.00020342889,0.6797583,0.00060650357,0.005251475,-0.8825439810752869,-0.1742776781320572,-0.0017112554050981998,0.025540651753544807,0.0449480265378952,0.011589311063289642,0.23247666656970978,-0.003174414159730077,0.0614217109978199,-1.3641782061313279e-05,-4.97199010848999,-0.6857446036319743,-5.6577347121219645,XGBoost
SRS2821928,4,6794,2000,23,0.0115,0.0,0.011095611461189411,-1.9548483680956301,0.0115,0.011240307960790638,0.01153714471174186,0.0,Dominant (>=1e-2),Detected in shallow,3.1780539,-1.9393017,0.21359223,102.0,0.034348127,1.0,0.036106605,0.17611139,1.7129642963409424,0.3518928289413452,0.0028670497704297304,-0.01829845830798149,0.10997660458087921,0.09408463537693024,0.773652195930481,-0.01871044561266899,0.013259094208478928,9.945243073161691e-05,-4.97199010848999,3.021787253659568,-1.9502028548304224,XGBoost
SRS2821894,3,33751,2000,1,0.0005,0.0,0.0007253384912959381,-3.1394532879342396,0.0005,0.000435522573836185,0.00021858104277384244,0.0,Rare (1e-4 to 1e-3),Detected in shallow,0.6931472,-3.3010213,0.71428573,69.0,0.0072486117,0.93353474,0.016732449,0.1843302,0.8166239261627197,0.17043502628803253,0.0037445882335305214,-0.01941012218594551,-0.07302816957235336,0.106689453125,0.44210973381996155,-0.04918093979358673,-0.08008933812379837,-0.00017244243645109236,-4.97199010848999,1.3177217155171093,-3.654268392972881,XGBoost
SRS2822279,1,258129,2000,0,0.0,1.0,2.797046319087044e-05,-4.553145100438399,0.0,1.5427653963640835e-07,1.0413560154293946e-07,0.0,Very rare (<1e-4),Shallow zero,0.0,-8.0,1.0,107.0,8.4494524e-05,0.244713,0.00040434382,0.004741035,-1.034781575202942,-0.19568881392478943,-0.0014597473200410604,0.015198169276118279,0.3452402949333191,-0.20017947256565094,-0.8882381916046143,-0.01264403760433197,-0.01962285488843918,-1.0201743862126023e-05,-4.97199010848999,-1.9921864306452335,-6.964176539135224,XGBoost
SRS2822026,2,197525,2000,1,0.0005,0.0,0.0005363316828364284,-3.270558449685464,0.0005,0.0006963796181969547,0.00042189681489863783,0.0,Rare (1e-4 to 1e-3),Detected in shallow,0.6931472,-3.3010213,0.6666667,65.0,0.014906369,0.9818731,0.015211866,0.06665643,0.7656410336494446,0.16586190462112427,0.0032475267071276903,-0.013559630140662193,-0.1663917750120163,0.1899799108505249,0.7120740413665771,-0.02712869644165039,-0.02703247405588627,-0.00025129856658168137,-4.97199010848999,1.6024405429780018,-3.3695495655119885,XGBoost
SRS2822053,5,86908,2000,0,0.0,1.0,6.50584224633721e-05,-4.186629722292692,0.0,8.597427820246613e-06,1.394851150703613e-05,0.0,Very rare (<1e-4),Shallow zero,0.0,-8.0,1.0,64.0,0.00024435003,0.8549849,0.0004383499,0.0030002962,-0.7752611041069031,-0.15242314338684082,-0.00048651263932697475,0.01651337370276451,-0.10518883168697357,0.11955227702856064,0.8890658617019653,0.05821927264332771,0.03238656371831894,-1.0685247616493143e-05,-4.97199010848999,0.0823670717272762,-4.889623036762714,XGBoost
SRS2821925,4,163285,2000,0,0.0,1.0,0.0,-8.0,0.0,1.9018337396941262e-08,6.342427468850535e-08,0.0,Reference zero,Shallow zero,0.0,-8.0,1.0,47.0,0.0021622526,0.80966765,0.0026104988,0.014257151,-0.9902449250221252,-0.19635120034217834,-0.0038076303899288177,0.01811157539486885,-0.9810162782669067,-0.15260355174541473,0.2765760123729706,-0.09912116825580597,-0.09159180521965027,-1.736559352139011e-05,-4.97199010848999,-2.220066337067692,-7.192056445557682,XGBoost
SRS2821932,4,214696,2000,0,0.0,1.0,0.0002701431758832181,-3.5683899225891587,0.0,9.130003853660906e-06,1.172768898963347e-05,0.0,Rare (1e-4 to 1e-3),Shallow zero,0.0,-8.0,1.0,101.0,0.000295661,0.71601206,0.0006027132,0.0039938614,-0.7841421365737915,-0.14967648684978485,-0.0006786422454752028,0.016456689685583115,0.39598387479782104,0.06345635652542114,0.4373507499694824,0.08386162668466568,-0.023683300241827965,-1.1616160008998122e-05,-4.97199010848999,0.03891711559208488,-4.933072992897905,XGBoost
SRS2822063,4,214696,2000,0,0.0,1.0,9.495288875903876e-05,-4.022446082669431,0.0,2.3589591447720792e-06,2.5127169897997484e-06,0.0,Very rare (<1e-4),Shallow zero,0.0,-8.0,1.0,81.0,0.000295661,0.71601206,0.0006027132,0.0039938614,-0.8703379034996033,-0.17201580107212067,-0.0009829780319705606,0.011165747418999672,-0.1601492017507553,0.045852772891521454,0.3492136299610138,0.03535692021250725,0.021228915080428123,-1.3770360055787023e-05,-4.97199010848999,-0.7406816691500353,-5.7126717776400255,XGBoost
SRS2822262,1,49520,2000,0,0.0,1.0,0.0,-8.0,0.0,1.2115192509732932e-07,2.677986501171668e-07,0.0,Reference zero,Shallow zero,0.0,-8.0,1.0,68.0,0.00012724398,0.64350456,0.00029235132,0.002274282,-0.9355302453041077,-0.18074259161949158,-0.0043150149285793304,0.017993180081248283,-0.5117782354354858,0.027914293110370636,0.05046789348125458,-0.0640549436211586,0.010046806186437607,-1.1824799003079534e-05,-4.97199010848999,-1.590010682848515,-6.562000791338505,XGBoost
SRS2821946,5,26524,2000,0,0.0,1.0,0.00018638556961501026,-3.7295644144853646,0.0,6.805596008983756e-08,1.402867939081727e-07,0.0,Rare (1e-4 to 1e-3),Shallow zero,0.0,-8.0,1.0,46.0,0.00033352117,0.48640484,0.0013181985,0.017430235,-1.0370622873306274,-0.20015141367912292,-0.0039642876945436,0.02247665263712406,-0.47025591135025024,0.014103819616138935,-0.26248589158058167,0.11926921457052231,-0.053014177829027176,-1.0324801223760005e-05,-4.97199010848999,-1.8710946074415915,-6.843084715931582,XGBoost
SRS2821968,5,24669,2000,3,0.0015,0.0,0.0025221753053532464,-2.598223008906483,0.0015,0.0012345440178962435,0.0009935863523342031,0.0,Common (1e-3 to 1e-2),Detected in shallow,1.3862944,-2.823906,0.7758621,57.0,0.00089099194,0.7703928,0.002511247,0.021901162,1.6224087476730347,0.3224197328090668,0.0019446900114417076,-0.0007514457684010267,-0.23290057480335236,0.04703998938202858,0.15321001410484314,0.00850099790841341,0.020088529214262962,-0.0001834950817283243,-4.97199010848999,1.9417771854496095,-3.0302129230403807,XGBoost
SRS2822236,2,234685,2000,0,0.0,1.0,0.0003547806695218064,-3.4500278100028696,0.0,0.000595339145077334,0.0003857208624092148,0.0,Rare (1e-4 to 1e-3),Shallow zero,0.0,-8.0,1.0,56.0,0.0061821607,0.9969789,0.004405163,0.02233354,-0.6432712078094482,-0.11829367280006409,-0.002421098295599222,0.035494208335876465,-0.1882094144821167,0.22558574378490448,2.1308162212371826,0.04648405686020851,0.07760784775018692,-0.00034869415685534477,-4.97199010848999,1.5634439904242754,-3.408546118065715,XGBoost
SRS2821925,5,116634,2000,0,0.0,1.0,0.00015295977158007445,-3.815394381816409,0.0,9.69673956635179e-05,3.5728322260527956e-05,0.0,Rare (1e-4 to 1e-3),Shallow zero,0.0,-8.0,1.0,45.0,0.0017111934,0.8731118,0.005128117,0.04210608,-0.7634428143501282,-0.16596245765686035,-0.0029935543425381184,0.022154761478304863,-0.3370736539363861,0.2820448577404022,1.040281057357788,0.06835103780031204,0.31958383321762085,-1.7804368326324038e-05,-4.97199010848999,0.462925262940189,-4.509064845549801,XGBoost
SRS2822111,4,233398,2000,7,0.0035,0.0,0.005569207756824617,-2.254205800832014,0.0035,0.004140823353019325,0.0031489661733316967,0.0,Common (1e-3 to 1e-2),Detected in shallow,2.0794415,-2.4559307,0.41791046,66.0,0.0032046454,0.9969789,0.002819524,0.01891308,1.5598303079605103,0.3188071846961975,0.005580561235547066,-0.01067077275365591,-0.1662897765636444,0.03719630092382431,0.7350138425827026,2.5639310479164124e-05,-0.01820194162428379,-0.0001279005955439061,-4.97199010848999,2.461163445172133,-2.5108266633178573,XGBoost
SRS2821991,3,33751,2000,0,0.0,1.0,0.0001248931203105035,-3.903426712012522,0.0,4.3496147025771005e-06,1.0284970507379016e-05,0.0,Rare (1e-4 to 1e-3),Shallow zero,0.0,-8.0,1.0,80.0,0.0072486117,0.93353474,0.016732449,0.1843302,-0.7902613878250122,-0.15575054287910461,-0.003387449774891138,0.01472277007997036,-0.10863509774208069,0.04429948329925537,1.0799819231033325,-0.036392245441675186,-0.06226004660129547,-3.9002330595394596e-05,-4.97199010848999,-0.01772159611209645,-4.989711704602087,XGBoost
SRS2822243,1,250171,2000,6,0.003,0.0,0.002547792483157211,-2.593834243448092,0.003,0.002504746711197793,0.002448190944556338,0.0,Common (1e-3 to 1e-2),Detected in shallow,1.9459101,-2.5228772,0.46052632,75.0,0.0027770875,0.92749244,0.008362512,0.09246352,1.6426182985305786,0.32900384068489075,0.0034543885849416256,-0.012686747126281261,-0.10904328525066376,0.03490248695015907,0.47114378213882446,-0.0026419032365083694,-0.005968299228698015,-0.00011147166515002027,-4.97199010848999,2.350671090382093,-2.621319018107897,XGBoost
SRS2821894,2,90282,2000,0,0.0,1.0,0.0,-8.0,0.0,5.664876975145947e-07,3.1412139296404163e-07,0.0,Reference zero,Shallow zero,0.0,-8.0,1.0,67.0,0.00028322777,0.47129908,0.00090796594,0.0061979406,-1.0070921182632446,-0.19765865802764893,-0.0029287892393767834,0.018905535340309143,-0.26204678416252136,0.028376370668411255,-0.2746916711330414,0.11725467443466187,0.05298084393143654,-1.407504896633327e-05,-4.97199010848999,-1.5269146714999806,-6.498904779989971,XGBoost
SRS2821860,3,175420,2000,0,0.0,1.0,0.00015581987222770477,-3.8073492854304964,0.0,9.597405823069238e-07,1.1791608396885963e-06,0.0,Rare (1e-4 to 1e-3),Shallow zero,0.0,-8.0,1.0,93.0,8.947969e-05,0.45015106,0.0002822743,0.003239312,-0.9216012954711914,-0.17284518480300903,-0.001473519834689796,0.01806139014661312,0.3526551425457001,-0.1534772664308548,-0.15246370434761047,0.10760807991027832,-0.03786935657262802,-1.1639653166639619e-05,-4.97199010848999,-0.9614173545105587,-5.933407463000549,XGBoost
SRS2821901,3,5378,2000,0,0.0,1.0,0.0,-8.0,0.0,1.9905777769701046e-06,1.5132460456205031e-06,0.0,Reference zero,Shallow zero,0.0,-8.0,1.0,90.0,0.00010390619,0.6223565,0.00026650736,0.0020611393,-0.8716124296188354,-0.16983546316623688,-0.0013897399185225368,0.018158935010433197,0.08463170379400253,-0.14412006735801697,0.11203054338693619,0.14896655082702637,0.002289674710482359,-1.1707253179338295e-05,-4.97199010848999,-0.8208919995859105,-5.792882108075901,XGBoost
SRS2822180,5,103906,2000,0,0.0,1.0,3.627196721014164e-05,-4.44030917350424,0.0,2.5560364138886913e-06,1.6521243406729556e-05,0.0,Very rare (<1e-4),Shallow zero,0.0,-8.0,1.0,68.0,0.00043566464,0.93655586,0.0006993859,0.005128599,-0.7501681447029114,-0.14854741096496582,-0.0021113965194672346,0.01623169705271721,-0.3895414471626282,0.09028063714504242,1.2685580253601074,0.006272682920098305,-0.013460179790854454,-1.5473242456209846e-05,-4.97199010848999,0.07749899009468209,-4.894491118395308,XGBoost
SRS2821916,2,14807,2000,41,0.0205,0.0,0.02162944195319979,-1.6649544845699942,0.0205,0.021459559457069347,0.02319192549355337,0.0,Dominant (>=1e-2),Detected in shallow,3.7376697,-1.6882459,0.18333334,59.0,0.028244438,1.0,0.015117702,0.08728682,2.0395545959472656,0.4051772356033325,0.004754526074975729,-0.01728355884552002,-0.1037629023194313,0.09005934745073318,0.8433595895767212,0.014839375391602516,0.011482973583042622,6.117880548117682e-05,-4.97199010848999,3.2882423612682032,-1.683747747221787,XGBoost
SRS2822025,4,73737,2000,0,0.0,1.0,0.0,-8.0,0.0,4.3865283814321813e-07,5.771203175683059e-07,0.0,Reference zero,Shallow zero,0.0,-8.0,1.0,72.0,0.0006970792,0.7432024,0.0032176015,0.05353192,-0.9164358377456665,-0.18781694769859314,-0.003657805034890771,0.021258022636175156,-0.45090633630752563,-0.00046164816012606025,0.3418456017971039,-0.05085371434688568,-0.03353553265333176,-2.5712581191328354e-05,-4.97199010848999,-1.2805899100949318,-6.252580018584922,XGBoost
SRS2822220,2,180216,2000,0,0.0,1.0,0.0,-8.0,0.0,4.987805191484375e-08,5.888095906586461e-08,0.0,Reference zero,Shallow zero,0.0,-8.0,1.0,57.0,8.460981e-05,0.46827793,0.00019808835,0.0011838796,-1.0145004987716675,-0.19794347882270813,-0.0025838371366262436,0.012559990398585796,-0.44539523124694824,0.057181891053915024,-0.43539801239967346,-0.08398035913705826,-0.0931616947054863,-8.80762490851339e-06,-4.97199010848999,-2.203230038392576,-7.175220146882566,XGBoost
SRS2821969,2,227739,2000,5,0.0025,0.0,0.003088252761610643,-2.5102857552719544,0.0025,0.003038384670956754,0.003265174625051613,0.0,Common (1e-3 to 1e-2),Detected in shallow,1.7917595,-2.6020582,0.3625,79.0,0.11693039,1.0,0.1254584,0.49667376,1.1965769529342651,0.244973286986351,0.00362591166049242,-0.017174089327454567,-0.02289060316979885,0.15369710326194763,0.829736053943634,0.0074472264386713505,-0.01325291022658348,-0.0003124471695628017,-4.97199010848999,2.382426485331962,-2.5895636231580283,XGBoost
SRS2821970,2,127774,2000,41,0.0205,0.0,0.019328370426726502,-1.7138045350663011,0.0205,0.021055987654563964,0.020686320277738725,0.0,Dominant (>=1e-2),Detected in shallow,3.7376697,-1.6882459,0.10909091,109.0,0.007513319,0.7522659,0.05127451,0.53225505,2.400136709213257,0.4550113081932068,0.003797751385718584,-0.011127921752631664,0.24790072441101074,0.03559289500117302,0.2100411057472229,-0.04369314759969711,-0.01715760864317417,0.00019294813682790846,-4.97199010848999,3.280694764092914,-1.6912953443970764,XGBoost
SRS2822063,3,163285,2000,0,0.0,1.0,7.304068366079905e-06,-5.135840984540429,0.0,3.0760145844535678e-06,3.0058133409807826e-06,0.0,Very rare (<1e-4),Shallow zero,0.0,-8.0,1.0,80.0,0.0021622526,0.80966765,0.0026104988,0.014257151,-0.882409393787384,-0.16949868202209473,-0.00506374379619956,0.031752075999975204,-0.0896080955862999,0.03194582462310791,0.5296452641487122,-0.0669584646821022,-0.04526284709572792,-2.64233531197533e-05,-4.97199010848999,-0.6654844855511328,-5.637474594041123,XGBoost
SRS2821875,4,121481,2000,0,0.0,1.0,0.0,-8.0,0.0,7.535256767053223e-09,1.731140429384177e-08,0.0,Reference zero,Shallow zero,0.0,-8.0,1.0,101.0,0.0008315501,0.3323263,0.0020638965,0.011999596,-1.0943747758865356,-0.208173006772995,-0.0045633697882294655,0.01705988124012947,0.09275299310684204,-0.1850120723247528,-0.9371342658996582,-0.19172415137290955,-0.10235945880413055,-1.6360365407308564e-05,-4.97199010848999,-2.613544586867647,-7.585534695357637,XGBoost
SRS2821991,4,6794,2000,5,0.0025,0.0,0.0024786480800084543,-2.6057833781160653,0.0025,0.0022963448154131334,0.002700068140562239,0.0,Common (1e-3 to 1e-2),Detected in shallow,1.7917595,-2.6020582,0.34408602,92.0,0.034348127,1.0,0.036106605,0.17611139,1.1681047677993774,0.24078966677188873,0.0026119286194443703,-0.01784406043589115,0.04915684089064598,0.13072429597377777,0.817253589630127,-0.012383718974888325,0.002071717754006386,-0.0003498051082715392,-4.97199010848999,2.3801352229202166,-2.5918548855697736,XGBoost
SRS2822153,5,83909,2000,1,0.0005,0.0,0.00024586385289146137,-3.609287653240662,0.0005,0.00028714087788089425,0.0003187384221883176,0.0,Rare (1e-4 to 1e-3),Detected in shallow,0.6931472,-3.3010213,0.853211,108.0,0.0002642183,0.62537766,0.000567219,0.0059502665,0.913992702960968,0.17154116928577423,0.0014507846208289266,-0.027644917368888855,0.32613325119018555,-0.00197537406347692,0.04718185216188431,0.04107730835676193,0.0040171099826693535,-3.124340219073929e-05,-4.97199010848999,1.4757426437245158,-3.4962474647654744,XGBoost
SRS2822133,4,146804,2000,0,0.0,1.0,0.0,-8.0,0.0,1.8302895305120913e-06,1.6390047539553118e-06,0.0,Reference zero,Shallow zero,0.0,-8.0,1.0,108.0,0.00011880644,0.6978852,0.00040704882,0.0048127845,-0.8004171252250671,-0.15529358386993408,-0.0020416018087416887,0.018929479643702507,0.23125703632831573,-0.29216426610946655,0.32368144392967224,-0.13644160330295563,-0.009059187024831772,-1.0822172043845057e-05,-4.97199010848999,-0.8215602296113502,-5.7935503381013405,XGBoost
SRS2822063,5,29321,2000,0,0.0,1.0,0.00035059528157183544,-3.4551815459141375,0.0,1.2354189201988412e-05,5.602111665095431e-06,0.0,Rare (1e-4 to 1e-3),Shallow zero,0.0,-8.0,1.0,71.0,0.00011174009,0.61329305,0.00031581044,0.0026350203,-0.8943926692008972,-0.1688573658466339,-0.0018355713691562414,0.017166225239634514,0.11125700175762177,0.16620777547359467,0.15757158398628235,0.06337111443281174,0.15040075778961182,-1.2938661711814348e-05,-4.97199010848999,-0.39912408639884234,-5.371114194888833,XGBoost
SRS2822253,2,250391,2000,0,0.0,1.0,0.0,-8.0,0.0,2.996761808263518e-08,2.6443658714017856e-08,0.0,Reference zero,Shallow zero,0.0,-8.0,1.0,108.0,0.00019800504,0.20845921,0.00077785284,0.0046076537,-1.0647938251495361,-0.20612646639347076,-0.003193877637386322,0.019381370395421982,0.3365169167518616,-0.09754320979118347,-1.3107625246047974,-0.06977280229330063,-0.07524280250072479,-1.0556364031799603e-05,-4.97199010848999,-2.4715477775871477,-7.443537886077138,XGBoost
SRS2821928,4,157587,2000,1,0.0005,0.0,8.01706030432761e-05,-4.0959306817175465,0.0005,0.0003594651621496587,0.000308867706835296,0.0,Very rare (<1e-4),Detected in shallow,0.6931472,-3.3010213,0.78640777,102.0,0.00065411127,0.8036254,0.001915937,0.02106427,0.8628585338592529,0.15991218388080597,0.0018020429415628314,-0.020916860550642014,0.1982109546661377,0.09814503788948059,0.242985799908638,-0.10338636487722397,0.009918035939335823,-5.319874981069006e-05,-4.97199010848999,1.4494761649075372,-3.522513943582453,XGBoost
SRS2822000,3,227167,2000,0,0.0,1.0,5.747346641633779e-05,-4.240457050557032,0.0,2.4076367211284527e-05,1.960085537569807e-05,0.0,Very rare (<1e-4),Shallow zero,0.0,-8.0,1.0,110.0,9.329051e-05,0.45015106,0.0003371612,0.004548024,-0.8134405016899109,-0.14340439438819885,-0.0011349230771884322,0.02305333875119686,0.9815357327461243,-0.00892876647412777,-0.04178272932767868,0.19297704100608826,0.0673336535692215,-1.0615050996420905e-05,-4.97199010848999,0.25619783606452984,-4.71579227242546,XGBoost
SRS2822268,3,262354,2000,0,0.0,1.0,0.0005264567612749491,-3.2786290429980736,0.0,1.1254652929593655e-07,1.3487661527072452e-07,0.0,Rare (1e-4 to 1e-3),Shallow zero,0.0,-8.0,1.0,75.0,0.00025522517,0.50453174,0.00059355877,0.0035999343,-1.0253621339797974,-0.20167289674282074,-0.0034881755709648132,0.016167404130101204,-0.25817570090293884,-0.010779472067952156,-0.35467928647994995,-0.04398081824183464,-0.008839637972414494,-1.3376504284678958e-05,-4.97199010848999,-1.8908240943328565,-6.862814202822847,XGBoost
SRS2822185,3,10583,2000,0,0.0,1.0,0.00010557750897408828,-3.976387455897762,0.0,1.20702615774444e-05,1.7699436677252654e-05,0.0,Rare (1e-4 to 1e-3),Shallow zero,0.0,-8.0,1.0,118.0,0.00013444255,0.8036254,0.00018458762,0.0013976498,-0.7046267986297607,-0.13047747313976288,-0.0030348170548677444,0.01123097911477089,0.3994531035423279,-0.024852396920323372,0.5103795528411865,0.18440689146518707,-0.03949006646871567,-1.004954356176313e-05,-4.97199010848999,0.2029789252064802,-4.76901118328351,XGBoost
SRS2821968,5,125146,2000,0,0.0,1.0,2.8339048374755574e-05,-4.547461514990793,0.0,3.366345044258771e-05,2.744168572177027e-05,0.0,Very rare (<1e-4),Shallow zero,0.0,-8.0,1.0,57.0,0.00032259768,0.918429,0.0008169753,0.012352424,-0.7386780977249146,-0.14090368151664734,-0.000767543213441968,0.02290572039783001,-0.31112781167030334,0.14917008578777313,1.2576936483383179,0.07484666258096695,0.07001475989818573,-1.0973913049383555e-05,-4.97199010848999,0.3831427689647171,-4.588847339525273,XGBoost
SRS2821969,2,79943,2000,0,0.0,1.0,0.0,-8.0,0.0,5.7507803021115745e-08,4.239902835647111e-08,0.0,Reference zero,Shallow zero,0.0,-8.0,1.0,79.0,0.001270166,0.20845921,0.0076001454,0.09180757,-1.1226003170013428,-0.21709869801998138,-0.005141375120729208,0.021573498845100403,-0.0054520717822015285,0.019821496680378914,-0.967203676700592,-0.07084726542234421,-0.04343027621507645,-3.2740364986239e-05,-4.97199010848999,-2.3904114251017745,-7.362401533591765,XGBoost
SRS2821991,5,93005,2000,0,0.0,1.0,4.803581550403981e-05,-4.318344430735098,0.0,3.58035764316649e-05,2.9257296758405682e-05,0.0,Very rare (<1e-4),Shallow zero,0.0,-8.0,1.0,99.0,0.00021597052,0.7975831,0.00032779353,0.0021826657,-0.7355825304985046,-0.1425522416830063,-0.0005910687032155693,0.020142914727330208,0.30478760600090027,0.12516039609909058,0.7121508121490479,0.1384000927209854,-0.007586305495351553,-1.131540830101585e-05,-4.97199010848999,0.41431835990897525,-4.557671748581015,XGBoost
SRS2821905,4,189462,2000,0,0.0,1.0,1.475524733483345e-05,-4.83075927370712,0.0,6.356032333900316e-06,8.795306983170778e-06,0.0,Very rare (<1e-4),Shallow zero,0.0,-8.0,1.0,86.0,0.00014426623,0.87009066,0.00016667676,0.0009350449,-0.7522323131561279,-0.15024235844612122,-0.0006275221239775419,0.013227187097072601,-0.20515333116054535,-0.000474151864182204,0.7737517356872559,0.11902053654193878,0.08469130098819733,-1.1468486263765953e-05,-4.97199010848999,-0.11805038492275344,-5.090040493412744,XGBoost
SRS2822060,5,192431,2000,0,0.0,1.0,0.0,-8.0,0.0,8.269210348398524e-07,2.0540458954139944e-06,0.0,Reference zero,Shallow zero,0.0,-8.0,1.0,74.0,0.00016615065,0.6978852,0.00025861867,0.0016578492,-0.8643757700920105,-0.16707450151443481,-0.001645101117901504,0.012038393877446651,-0.21408995985984802,0.04118281602859497,0.4641566574573517,-0.07651231437921524,-0.03275495022535324,-1.3204973583924584e-05,-4.97199010848999,-0.8390879347989539,-5.811078043288944,XGBoost
SRS2822168,4,95651,2000,0,0.0,1.0,0.0,-8.0,0.0,2.0150748266763165e-08,3.136095108115519e-08,0.0,Reference zero,Shallow zero,0.0,-8.0,1.0,70.0,0.00018037831,0.29305136,0.00083348935,0.010665178,-1.096449375152588,-0.21562686562538147,-0.0038275679107755423,0.019481033086776733,-0.18879346549510956,-0.07531408965587616,-0.872502863407135,-0.00861416570842266,-0.04965231940150261,-1.185109340440249e-05,-4.97199010848999,-2.4913115303634186,-7.463301638853409,XGBoost
SRS2821928,3,211440,2000,0,0.0,1.0,0.0,-8.0,0.0,1.4244303350363413e-07,1.2088314496290595e-07,0.0,Reference zero,Shallow zero,0.0,-8.0,1.0,105.0,0.00020810521,0.26283988,0.0011254044,0.0089358995,-1.0239284038543701,-0.19989243149757385,-0.0029641755390912294,0.014516324736177921,0.3432334363460541,-0.028221657499670982,-0.8715262413024902,-0.1053605005145073,-0.04731898754835129,-1.1080323929490987e-05,-4.97199010848999,-1.9214737169977525,-6.893463825487743,XGBoost
SRS2821870,5,25843,2000,0,0.0,1.0,0.0,-8.0,0.0,2.3001598093536064e-06,1.7875806955771325e-06,0.0,Reference zero,Shallow zero,0.0,-8.0,1.0,99.0,0.00012497835,0.5498489,0.00052307174,0.0060368483,-0.8879262208938599,-0.16780009865760803,-0.0018475833348929882,0.018773935735225677,0.3017774820327759,-0.00010087522969115525,-0.07818426936864853,0.026593465358018875,0.005466691218316555,-1.1116244422737509e-05,-4.97199010848999,-0.7832585893847863,-5.7552486978747766,XGBoost
SRS2821969,5,187492,2000,0,0.0,1.0,0.0,-8.0,0.0,1.0285354547717849e-05,3.840145826261414e-06,0.0,Reference zero,Shallow zero,0.0,-8.0,1.0,77.0,0.00012210515,0.60120845,0.00041626513,0.0043488,-0.8797556757926941,-0.1683575063943863,-0.002125030616298318,0.018771648406982422,0.18088142573833466,0.02672450989484787,0.1416892409324646,0.07447259873151779,0.06689125299453735,-1.3315739124664105e-05,-4.97199010848999,-0.5408208518438187,-5.512810960333809,XGBoost
SRS2821881,1,81893,2000,0,0.0,1.0,8.474289007152299e-05,-4.071845483440935,0.0,2.5583138881290208e-08,2.1322468698071193e-08,0.0,Very rare (<1e-4),Shallow zero,0.0,-8.0,1.0,52.0,0.00014596655,0.12084592,0.0012360108,0.014561993,-1.1400949954986572,-0.2180841714143753,-0.0019201409304514527,0.01831270568072796,-0.2200397402048111,-0.05499330163002014,-0.9244900941848755,0.04374183714389801,-0.05166810750961304,-1.0719741112552583e-05,-4.97199010848999,-2.5492467282892903,-7.521236836779281,XGBoost
SRS2822133,5,249900,2000,0,0.0,1.0,0.00011088728307675249,-3.955079093699605,0.0,0.00015734139804949115,0.00014293015865587217,0.0,Rare (1e-4 to 1e-3),Shallow zero,0.0,-8.0,1.0,106.0,0.0007808646,0.94864047,0.0021385648,0.02629283,-0.6486333608627319,-0.12467160820960999,-0.002459101378917694,0.025411471724510193,0.3659389019012451,0.17072877287864685,1.3478838205337524,-0.09465817362070084,0.07150932401418686,-2.1519326764973812e-05,-4.97199010848999,1.111028527653616,-3.860961580836374,XGBoost
SRS2821969,1,83222,2000,17,0.0085,0.0,0.008385794037296593,-2.076455290574846,0.0085,0.010996448868086477,0.011420989022613149,0.0,Common (1e-3 to 1e-2),Detected in shallow,2.8903718,-2.0705805,0.15476191,83.0,0.008543965,0.90936553,0.009528084,0.034005754,2.1099226474761963,0.40446004271507263,0.0038552084006369114,-0.01263243518769741,-0.0133010633289814,0.04667362943291664,0.40694671869277954,-0.01871298998594284,-0.00454762764275074,9.532282274449244e-05,-4.97199010848999,2.922759453394974,-2.049230655095016,XGBoost
SRS2821970,3,134697,2000,0,0.0,1.0,0.00026002292053892156,-3.584971666247131,0.0,0.0001775618733380213,8.337746783779742e-05,0.0,Rare (1e-4 to 1e-3),Shallow zero,0.0,-8.0,1.0,116.0,0.00010914269,0.6404834,0.00016582136,0.0012700183,-0.7004572153091431,-0.1286115199327469,-0.0002127905172528699,0.0236983485519886,0.9965708255767822,-0.02925020456314087,0.25270557403564453,0.29941830039024353,0.1840333640575409,-9.632211913412903e-06,-4.97199010848999,0.8978850500780027,-4.074105058411988,XGBoost
SRS2821970,4,180216,2000,3,0.0015,0.0,0.0008282211543091577,-3.081848437332699,0.0015,0.0005903647278197542,0.0006907248161079074,0.0,Rare (1e-4 to 1e-3),Detected in shallow,1.3862944,-2.823906,0.5614035,113.0,8.460981e-05,0.46827793,0.00019808835,0.0011838796,1.3797366619110107,0.2669689655303955,0.002363312989473343,-0.000200000693439506,0.33744868636131287,-0.15161019563674927,-0.06773382425308228,0.03696553409099579,-0.00217982055619359,-9.973484702641144e-05,-4.97199010848999,1.8016595848966972,-3.170330523593293,XGBoost
SRS2822136,3,146247,2000,0,0.0,1.0,0.0,-8.0,0.0,2.067576619609837e-11,2.180528411438612e-09,0.0,Reference zero,Shallow zero,0.0,-8.0,1.0,50.0,0.000114673334,0.2326284,0.0012743383,0.017979877,-1.1312326192855835,-0.2208547294139862,-0.0023201738949865103,0.01756664179265499,-0.47385281324386597,-0.15359747409820557,-0.9281679391860962,0.024287251755595207,-0.0732102170586586,-1.058369980455609e-05,-4.97199010848999,-2.941392656332937,-7.913382764822927,XGBoost
SRS2821931,5,42738,2000,16,0.008,0.0,0.006932617708279576,-2.1591021213908856,0.008,0.007777530164282633,0.00746661772469414,0.0,Common (1e-3 to 1e-2),Detected in shallow,2.8332133,-2.0969095,0.2,94.0,0.004662587,0.9939577,0.0036316302,0.019835204,1.6433889865875244,0.31222003698349,0.002910983981564641,-0.0202260110527277,0.08888361603021622,0.10778135806322098,0.7065012454986572,-0.024340268224477768,0.037102147936820984,-3.9103480958146974e-05,-4.97199010848999,2.854182992323331,-2.1178071161666594,XGBoost
SRS2821968,2,67192,2000,0,0.0,1.0,0.0,-8.0,0.0,1.0482525394738855e-05,4.033850846855551e-06,0.0,Reference zero,Shallow zero,0.0,-8.0,1.0,67.0,0.00011505669,0.7643505,0.00027008518,0.003118016,-0.8378655910491943,-0.16609787940979004,-0.0012953849509358406,0.016243083402514458,-0.30503514409065247,0.08861622214317322,0.6816655397415161,0.06661904603242874,0.020482556894421577,-1.1631243069132324e-05,-4.97199010848999,-0.4366791825295877,-5.408669291019578,XGBoost
SRS2821835,1,241754,2000,0,0.0,1.0,0.0,-8.0,0.0,1.4913704742253577e-07,1.2966272402613983e-07,0.0,Reference zero,Shallow zero,0.0,-8.0,1.0,63.0,0.00022895166,0.4833837,0.0013338621,0.016593887,-1.0298268795013428,-0.20021270215511322,-0.0017738663591444492,0.02090761624276638,-0.268879771232605,-0.052321888506412506,-0.3215550482273102,0.009215361438691616,-0.050137028098106384,-1.5308998627006076e-05,-4.97199010848999,-1.8945995153972035,-6.866589623887194,XGBoost
SRS2822220,4,85004,2000,0,0.0,1.0,0.0,-8.0,0.0,2.491017786636487e-09,7.927817769947466e-09,0.0,Reference zero,Shallow zero,0.0,-8.0,1.0,61.0,9.1311325e-05,0.3202417,0.00030428777,0.003572051,-1.089523434638977,-0.2133617103099823,-0.0011492330813780427,0.015376088209450245,-0.38362231850624084,-0.031359728425741196,-0.9557666778564453,-0.09020652621984482,-0.02928878925740719,-9.20804995985236e-06,-4.97199010848999,-2.7789115381365264,-7.750901646626517,XGBoost
SRS2822275,3,214696,2000,0,0.0,1.0,0.0,-8.0,0.0,2.3424763230785693e-06,1.3525363165365414e-06,0.0,Reference zero,Shallow zero,0.0,-8.0,1.0,70.0,0.000295661,0.71601206,0.0006027132,0.0039938614,-0.8800464272499084,-0.17183449864387512,-0.0016545617254450917,0.016536246985197067,-0.1768791526556015,0.0030268968548625708,0.3126952648162842,-0.028121892362833023,0.04432488605380058,-1.3468331417243462e-05,-4.97199010848999,-0.881966706258936,-5.853956814748926,XGBoost
SRS2821901,3,10583,2000,0,0.0,1.0,0.00010248631807653678,-3.989291735269332,0.0,6.03046806998757e-06,4.785650124074664e-06,0.0,Rare (1e-4 to 1e-3),Shallow zero,0.0,-8.0,1.0,90.0,0.00013444255,0.8036254,0.00018458762,0.0013976498,-0.7682200074195862,-0.15232935547828674,-0.0025239211972802877,0.013524123467504978,-0.044707588851451874,-0.012449108995497227,0.5471615791320801,0.12653866410255432,-0.029691657051444054,-1.1900280696863774e-05,-4.97199010848999,-0.32270917257210385,-5.294699281062094,XGBoost
SRS2822180,3,92333,2000,0,0.0,1.0,0.0,-8.0,0.0,2.1085468421401476e-06,4.108654850642149e-06,0.0,Reference zero,Shallow zero,0.0,-8.0,1.0,67.0,0.00038025767,0.83081573,0.0009877665,0.0074142898,-0.8316810727119446,-0.16728948056697845,-0.0027113461401313543,0.018675122410058975,-0.37904784083366394,0.045748353004455566,0.7536455988883972,0.03242165222764015,0.0051362947560846806,-1.4770053894608282e-05,-4.97199010848999,-0.5251174890199763,-5.497107597509967,XGBoost
SRS2821835,3,73614,2000,0,0.0,1.0,0.0002506014434643144,-3.6009991020572034,0.0,5.246993962988041e-05,1.880616348689877e-06,0.0,Rare (1e-4 to 1e-3),Shallow zero,0.0,-8.0,1.0,58.0,0.00055294466,0.71903324,0.0012651429,0.012759201,-0.9157341122627258,-0.18394389748573303,-0.0024745846167206764,0.02751326933503151,-0.2346661388874054,0.1078450158238411,0.28551846742630005,0.08313154429197311,0.0584237165749073,-1.9131246517645195e-05,-4.97199010848999,-0.7744058510470495,-5.74639595953704,XGBoost
SRS2821894,5,174794,2000,31,0.0155,0.0,0.017586830375914558,-1.7548121781981452,0.0155,0.01698059818670046,0.015171394892119773,0.0,Dominant (>=1e-2),Detected in shallow,3.465736,-1.8096681,0.27419356,61.0,0.010415424,1.0,0.0056196577,0.027844705,1.938125491142273,0.3819115459918976,0.005497321020811796,-0.012892534956336021,-0.07446306198835373,0.07408495247364044,0.8397112488746643,0.001357967616058886,0.013610392808914185,0.0003530168323777616,-4.97199010848999,3.167296339815948,-1.804693768674042,XGBoost
SRS2822298,3,92333,2000,0,0.0,1.0,0.0,-8.0,0.0,8.89065694286934e-06,8.033605884550026e-06,0.0,Reference zero,Shallow zero,0.0,-8.0,1.0,77.0,0.00038025767,0.83081573,0.0009877665,0.0074142898,-0.7881181836128235,-0.1563902348279953,-0.0017196254339069128,0.02036901004612446,0.001021736883558333,0.04794774949550629,0.7566201686859131,0.006376957520842552,0.024255169555544853,-1.5913843526504934e-05,-4.97199010848999,-0.08965316553076264,-5.061643274020753,XGBoost
SRS2822053,1,139050,2000,0,0.0,1.0,0.0,-8.0,0.0,7.056633554391907e-09,6.2984710956921145e-09,0.0,Reference zero,Shallow zero,0.0,-8.0,1.0,60.0,0.000108924454,0.1691843,0.0010676667,0.013813187,-1.1326959133148193,-0.22220714390277863,-0.0021326083224266768,0.021533189341425896,-0.2775486409664154,-0.10017570853233337,-1.0292091369628906,0.006246446631848812,-0.09369202703237534,-1.4673866644443478e-05,-4.97199010848999,-2.829896216927409,-7.801886325417399,XGBoost
SRS2822185,4,127344,2000,0,0.0,1.0,0.00012066001025610089,-3.9184006503550903,0.0,2.8693936443322305e-05,1.0182009772959321e-05,0.0,Rare (1e-4 to 1e-3),Shallow zero,0.0,-8.0,1.0,110.0,0.0013332141,0.82175225,0.0021088552,0.011435063,-0.7650637030601501,-0.14099614322185516,-0.002156572649255395,0.029303433373570442,0.3756965398788452,0.06589408218860626,0.6709055304527283,-0.13611923158168793,-0.11534639447927475,-1.7091715562855825e-05,-4.97199010848999,-0.017899550814036047,-4.989889659304026,XGBoost
SRS2821835,5,192138,2000,0,0.0,1.0,0.0,-8.0,0.0,4.794447535223432e-10,2.5044597152708482e-09,0.0,Reference zero,Shallow zero,0.0,-8.0,1.0,52.0,9.820939e-05,0.21450152,0.0008801074,0.014593427,-1.1383693218231201,-0.22396644949913025,-0.002185860648751259,0.016660375520586967,-0.4657091200351715,-0.11293623596429825,-0.9657562971115112,0.039672862738370895,-0.08336057513952255,-5.079549737274647e-06,-4.97199010848999,-2.9359557015122846,-7.907945810002275,XGBoost
SRS2822025,4,146804,2000,1,0.0005,0.0,9.691565914762678e-05,-4.013561236870109,0.0005,0.00016405031073086853,0.00019267768736141988,0.0,Very rare (<1e-4),Detected in shallow,0.6931472,-3.3010213,0.9726027,72.0,0.00011880644,0.6978852,0.00040704882,0.0048127845,0.9021706581115723,0.17800571024417877,-0.006272923666983843,0.011813368648290634,-0.04519933834671974,-0.054308414459228516,0.19590771198272705,0.0429854691028595,0.010106639005243778,-4.646649904316291e-05,-4.97199010848999,1.2351624141228967,-3.7368276943670935,XGBoost
SRS2822023,1,184673,2000,0,0.0,1.0,0.0,-8.0,0.0,1.2636099161376906e-09,1.5755199639738027e-08,0.0,Reference zero,Shallow zero,0.0,-8.0,1.0,78.0,0.00011717566,0.1389728,0.0008720867,0.011156369,-1.1177388429641724,-0.21728666126728058,-0.003281578654423356,0.015292733907699585,0.030526772141456604,-0.12612903118133545,-1.1288217306137085,-0.020023688673973083,-0.04632728919386864,-1.3052077520114835e-05,-4.97199010848999,-2.613802368577126,-7.585792477067116,XGBoost
SRS2821894,3,101210,2000,53,0.0265,0.0,0.026469598856277858,-1.5772524762587294,0.0265,0.02470336097360163,0.027214061716003598,0.0,Dominant (>=1e-2),Detected in shallow,3.988984,-1.576754,0.15714286,69.0,0.0012219405,0.71299094,0.0036301157,0.028093612,2.7566699981689453,0.5421619415283203,0.0004088969435542822,-0.04685394465923309,0.01096701342612505,0.022709645330905914,0.13607773184776306,0.0020009668078273535,-0.011272335425019264,1.4516935152641963e-05,-4.97199010848999,3.4128844309043416,-1.5591056775856487,XGBoost
SRS2821925,5,93004,2000,0,0.0,1.0,0.000293172895528476,-3.532861370300632,0.0,0.0003488884729999614,0.0001809748526330066,0.0,Rare (1e-4 to 1e-3),Shallow zero,0.0,-8.0,1.0,45.0,0.00063974573,0.776435,0.0009882454,0.011545293,-0.759872317314148,-0.14067378640174866,0.006806971505284309,0.04099287465214729,0.20421630144119263,0.2943221926689148,0.6240313649177551,0.44345366954803467,0.4541475474834442,-1.2508415238698944e-05,-4.97199010848999,1.1674123100856377,-3.8045777984043525,XGBoost
SRS2822116,4,13412,2000,0,0.0,1.0,1.0551528388887128e-05,-4.976273229261536,0.0,1.6300275009343212e-07,2.7601790663689644e-07,0.0,Very rare (<1e-4),Shallow zero,0.0,-8.0,1.0,68.0,0.00011926531,0.63141996,0.00020554909,0.0013978895,-0.9352352023124695,-0.18589626252651215,-0.002848252421244979,0.014432721771299839,-0.43842560052871704,-0.007829691283404827,0.016060305759310722,0.002392321825027466,-0.06848035752773285,-1.157578662969172e-05,-4.97199010848999,-1.605841593031073,-6.577831701521063,XGBoost
SRS2822023,5,69673,2000,0,0.0,1.0,0.0,-8.0,0.0,2.6053254068252443e-08,5.232621043353822e-08,0.0,Reference zero,Shallow zero,0.0,-8.0,1.0,72.0,0.00024562865,0.5166163,0.0006890412,0.0059740995,-1.0076388120651245,-0.20440572500228882,-0.004662747494876385,0.013620918616652489,-0.5257208347320557,-0.05711085721850395,-0.3318467438220978,-0.12473580986261368,-0.005877120885998011,-1.3223353562352713e-05,-4.97199010848999,-2.2483909558204687,-7.220381064310459,XGBoost
SRS2822220,1,150643,2000,0,0.0,1.0,0.0,-8.0,0.0,1.2628165704445902e-06,4.706461344655729e-07,0.0,Reference zero,Shallow zero,0.0,-8.0,1.0,61.0,0.00023797093,0.36555892,0.000909429,0.007656417,-1.0295498371124268,-0.19114667177200317,-0.0025766128674149513,0.020214231684803963,0.08196353912353516,0.03336818888783455,-0.45868173241615295,0.11740461736917496,0.0723288282752037,-1.1379433999536559e-05,-4.97199010848999,-1.356686828261445,-6.328676936751435,XGBoost
SRS2822111,1,73614,2000,6,0.003,0.0,0.001535872642769379,-2.813641967601932,0.003,0.0024911301584527243,0.0019196203275413533,0.0,Common (1e-3 to 1e-2),Detected in shallow,1.9459101,-2.5228772,0.44927537,68.0,0.00055294466,0.71903324,0.0012651429,0.012759201,2.022315502166748,0.4002760648727417,0.004318076651543379,-0.013473832979798317,-0.1861802190542221,-0.03693506866693497,0.09319517761468887,-0.015145831741392612,-0.02077556401491165,-3.5867262340616435e-05,-4.97199010848999,2.2475584375861217,-2.7244316709038685,XGBoost
