sample_id,subsample_repeat,otu_id,shallow_depth,shallow_count,shallow_ra,zero_in_shallow,target_reference_ra,target_log10_reference_ra,pred_raw_shallow_ra,pred_random_forest_ra,pred_xgboost_ra,is_other,abundance_group,shallow_detection_group,log1p_shallow_count,log10_shallow_ra,shallow_rank_norm,shallow_richness,otu_mean_ra_train,otu_prevalence_train,otu_std_ra_train,otu_max_ra_train,SHAP__log1p_shallow_count,SHAP__log10_shallow_ra,SHAP__zero_in_shallow,SHAP__shallow_rank_norm,SHAP__shallow_richness,SHAP__otu_mean_ra_train,SHAP__otu_prevalence_train,SHAP__otu_std_ra_train,SHAP__otu_max_ra_train,SHAP__is_other,SHAP_base_value,SHAP_sum,SHAP_reconstructed_log_prediction,model
SRS2821919,5,221529,2000,0,0.0,1.0,1.7313019390581722e-05,-4.7613764084859955,0.0,1.7807590451577353e-06,1.1742456215196942e-06,0.0,Very rare (<1e-4),Shallow zero,0.0,-8.0,1.0,91.0,0.00013032937,0.5407855,0.0005200552,0.00779088,-0.1700105232224535,-0.201436387616559,-0.14711446672436876,-0.5631719956221798,0.17576017551794398,0.07198284023796844,-0.04752483712422033,0.0647801279221301,0.02430128537955532,-9.397178646418198e-06,-4.971818744832586,-0.7924431784308299,-5.764261923263415,Random Forest
SRS2821987,4,9456,2000,0,0.0,1.0,7.739578657337892e-06,-5.110721909334661,0.0,3.5526403578940766e-06,1.8188680697371111e-06,0.0,Very rare (<1e-4),Shallow zero,0.0,-8.0,1.0,82.0,0.00011792643,0.6918429,0.0002351788,0.0014995105,-0.16261486510906406,-0.19072469839626874,-0.13734870292767118,-0.5372774248078745,-0.01190855179215286,0.02486591293033813,0.40886254140646994,0.05695724971356973,0.06540931478325233,-1.142949071127926e-05,-4.971818744832586,-0.48379065369011254,-5.455609398522698,Random Forest
SRS2821972,3,26524,2000,0,0.0,1.0,9.336457934588778e-06,-5.029352944305412,0.0,7.889203039445009e-07,9.63715410062733e-07,0.0,Very rare (<1e-4),Shallow zero,0.0,-8.0,1.0,108.0,0.00033352117,0.48640484,0.0013181985,0.017430235,-0.17087851251384828,-0.19990618637547422,-0.14836565417787145,-0.5753760675418138,0.5160492700333792,-0.02279458387793123,-0.360908249799539,-0.22360053014452083,0.050461988551467434,-9.380653340367816e-06,-4.971818744832586,-1.1353279064994923,-6.107146651332078,Random Forest
SRS2821824,4,192431,2000,0,0.0,1.0,8.572800219463686e-06,-5.066370996364076,0.0,1.9203959047480464e-06,1.9217771156626263e-06,0.0,Very rare (<1e-4),Shallow zero,0.0,-8.0,1.0,105.0,0.00016615065,0.6978852,0.00025861867,0.0016578492,-0.15315929139948165,-0.18033624704590642,-0.1307174509788591,-0.5053234652139671,0.26565452392168915,-0.31290656056852256,0.25737199810542427,0.04065725491253698,-0.04419537357940191,-9.014608265082127e-06,-4.971818744832586,-0.7629636264547535,-5.73478237128734,Random Forest
SRS2821969,2,211915,2000,0,0.0,1.0,0.0002969473809241003,-3.5273058757926803,0.0,6.439292552802859e-07,8.400163846498421e-07,0.0,Rare (1e-4 to 1e-3),Shallow zero,0.0,-8.0,1.0,79.0,0.00017470912,0.63141996,0.00026357675,0.0017431062,-0.16952042108877308,-0.20056782938303266,-0.14717805267188996,-0.5644512612776111,-0.19017106561438313,-0.037968078846264,0.09906556470843382,-0.00986395133020153,0.0023682027528181453,-1.1038700270900544e-05,-4.971818744832586,-1.2182979314511744,-6.19011667628376,Random Forest
SRS2822068,4,185862,2000,0,0.0,1.0,0.000177582616276254,-3.7505750947350087,0.0,1.1987617766893568e-05,5.848354390547695e-06,0.0,Rare (1e-4 to 1e-3),Shallow zero,0.0,-8.0,1.0,91.0,0.0005944871,0.8187311,0.0012293091,0.010404818,-0.1531933756622699,-0.18173345145232014,-0.13028822930212666,-0.48384168172429626,0.055211227491161405,0.08757480456203084,0.8334714581219131,-0.006047192541078545,0.017799609374357764,-1.3233329061522988e-05,-4.971818744832586,0.038939935538310134,-4.932878809294276,Random Forest
SRS2821970,2,11043,2000,0,0.0,1.0,0.0003563277059237073,-3.448138220286694,0.0,4.454173140105902e-05,2.6018415129710698e-05,0.0,Rare (1e-4 to 1e-3),Shallow zero,0.0,-8.0,1.0,109.0,0.00011438911,0.72507554,0.00027012246,0.003013561,-0.1415672741064795,-0.1675734740070584,-0.10578426873074091,-0.4227659018984992,0.72222917104902,-0.03702760014354114,0.5942496061007144,0.12475856434005275,0.04401450454942721,-9.074636604082783e-06,-4.971818744832586,0.610524252516291,-4.361294492316294,Random Forest
SRS2822111,3,9456,2000,0,0.0,1.0,1.335541428495112e-05,-4.874017574963585,0.0,3.2601501089632604e-07,4.0688952364917905e-07,0.0,Very rare (<1e-4),Shallow zero,0.0,-8.0,1.0,66.0,0.00011792643,0.6918429,0.0002351788,0.0014995105,-0.17471859886398888,-0.20452279737398213,-0.1516856081090979,-0.5983637379718114,-0.5184455315906515,0.021452006276350157,0.15657538168408505,-0.025016260909114282,-0.0173650198912934,-9.581650878834152e-06,-4.971818744832586,-1.512099748400383,-6.483918493232968,Random Forest
SRS2822025,5,182860,2000,0,0.0,1.0,0.00016960240350834686,-3.770542391594264,0.0,3.3939570225263975e-05,3.256851331448384e-05,0.0,Rare (1e-4 to 1e-3),Shallow zero,0.0,-8.0,1.0,68.0,0.0008390357,0.9667674,0.0023867982,0.034942154,-0.14542699961038674,-0.1710347842206437,-0.1122928645286188,-0.4221806354223701,-0.2871024415322098,0.13430748485413121,1.5159657142587866,-0.018904535887707935,-0.005486495907323114,-1.6447364021852755e-05,-4.971818744832586,0.4878279946396356,-4.48399075019295,Random Forest
SRS2822183,5,7129,2000,0,0.0,1.0,6.893778365025564e-05,-4.161479689806253,0.0,7.743277785134425e-07,1.8094862765053619e-06,0.0,Very rare (<1e-4),Shallow zero,0.0,-8.0,1.0,105.0,0.00014564939,0.47734138,0.0005902907,0.006327274,-0.17030496664904907,-0.20141831188466686,-0.1476474676954361,-0.5767747146715164,0.39681665604801153,-0.02389568698013169,-0.30026004388939154,-0.059676293019548306,-0.061627982409702145,-8.991692096825768e-06,-4.971818744832586,-1.1447978028435275,-6.116616547676113,Random Forest
SRS2821972,2,232457,2000,0,0.0,1.0,0.00022407499043013065,-3.649587232227444,0.0,5.381681841833908e-06,3.443809164848631e-06,0.0,Rare (1e-4 to 1e-3),Shallow zero,0.0,-8.0,1.0,94.0,8.3914376e-05,0.43806645,0.00015031584,0.0009858626,-0.1622939591938412,-0.18893586461310122,-0.13592571408590295,-0.5417477456976314,0.5433120498222013,0.004233034349095475,-0.164364077419348,0.2349898442462301,0.10194473039899178,-9.393387587870445e-06,-4.971818744832586,-0.30879709558089397,-5.280615840413479,Random Forest
SRS2822077,3,192431,2000,0,0.0,1.0,0.0005346564297782245,-3.2719170831892845,0.0,2.6962238656400107e-05,1.2562897600409946e-05,0.0,Rare (1e-4 to 1e-3),Shallow zero,0.0,-8.0,1.0,61.0,0.00016615065,0.6978852,0.00025861867,0.0016578492,-0.15361746535645662,-0.18120715466441495,-0.12297194064859615,-0.4866238431069142,0.06239114471723261,0.28607427015331977,0.8528426271023687,0.10133883214590192,0.03874067238688504,-8.938450887043395e-06,-4.971818744832586,0.3969582042784389,-4.5748605405541465,Random Forest
SRS2821816,1,78621,2000,0,0.0,1.0,4.6938807441365604e-05,-4.328375434882687,0.0,1.3557158610074812e-06,1.256493423878734e-06,0.0,Very rare (<1e-4),Shallow zero,0.0,-8.0,1.0,89.0,0.00013518828,0.5679758,0.00035417997,0.0035969252,-0.16980033539435038,-0.20072821743519662,-0.14616455494190245,-0.5653369875613579,0.1003329939076883,0.04218855387404066,-0.03591199138716645,0.07337097049407262,-0.005298773311162259,-9.360923811128744e-06,-4.971818744832586,-0.9073577026791454,-5.879176447511731,Random Forest
SRS2821894,4,117212,2000,0,0.0,1.0,9.460936842990497e-05,-4.024019955128319,0.0,3.977455575187736e-05,4.346680574036315e-05,0.0,Very rare (<1e-4),Shallow zero,0.0,-8.0,1.0,63.0,0.00020029076,0.9305136,0.0001987851,0.0013378164,-0.13873824639136279,-0.16340942104843706,-0.10423332624162174,-0.41130860488984466,-0.13812359031716953,-0.005894410340877011,1.49042237565105,0.04165803746719662,-0.0038599207956579017,-9.329261013333773e-06,-4.971818744832586,0.5665035638322626,-4.405315181000323,Random Forest
SRS2822122,1,210905,2000,0,0.0,1.0,1.2681986506366353e-05,-4.896470398296629,0.0,1.5881984055775023e-06,1.4695796136733731e-06,0.0,Very rare (<1e-4),Shallow zero,0.0,-8.0,1.0,91.0,0.00011278986,0.6163142,0.00036509807,0.0045757582,-0.16587097367317044,-0.19652634697394575,-0.13762775963287557,-0.540090880946418,0.10064829713297295,-0.06478818360405719,0.14521786622308006,0.018547317731849165,0.009184639287111345,-9.382809363373142e-06,-4.971818744832586,-0.8313154072648167,-5.803134152097402,Random Forest
SRS2822180,3,207119,2000,0,0.0,1.0,0.00029017573768113313,-3.5373239364833826,0.0,2.8990693661594356e-05,1.529913556965624e-05,0.0,Rare (1e-4 to 1e-3),Shallow zero,0.0,-8.0,1.0,67.0,0.0020778195,0.8912387,0.0024632458,0.01316057,-0.15073634041936224,-0.17651322838166278,-0.12251564003386631,-0.4643958860413316,-0.20532397814569797,0.12739465753368212,1.3178122255616322,0.05738445650086181,0.03942454164487663,-1.6690910461724304e-05,-4.971818744832586,0.42251411730867017,-4.549304627523916,Random Forest
SRS2822133,3,95092,2000,0,0.0,1.0,7.392485538450167e-05,-4.131150772262433,0.0,2.8472748515025855e-06,1.0855750597219311e-06,0.0,Very rare (<1e-4),Shallow zero,0.0,-8.0,1.0,106.0,0.0002155104,0.50453174,0.0010910212,0.017478416,-0.1667379149163942,-0.1989904539580249,-0.14233075903322084,-0.5439337290044806,0.5184066231247549,0.043287782287937754,-0.22196386125235007,-0.033651603528017014,0.15834685568437729,-9.20531193913334e-06,-4.971818744832586,-0.5875762659073567,-5.559395010739943,Random Forest
SRS2821901,5,189417,2000,0,0.0,1.0,1.0248631807653678e-05,-4.988910557158755,0.0,8.871722148884076e-08,2.598153127186768e-07,0.0,Very rare (<1e-4),Shallow zero,0.0,-8.0,1.0,85.0,0.0001201573,0.4954683,0.00021578823,0.0018350831,-0.1821745793514634,-0.2144007673786618,-0.16874552780251864,-0.6497603762125632,-0.3414308432705552,-0.0672952587827521,-0.37290076694056756,0.0065123166276862795,-0.05701630226163573,-9.924038860308597e-06,-4.971818744832586,-2.0472220294118917,-7.019040774244477,Random Forest
SRS2821901,5,4843,2000,0,0.0,1.0,4.099452723061471e-05,-4.387168191018538,0.0,2.107959020228858e-06,3.426310764044078e-06,0.0,Very rare (<1e-4),Shallow zero,0.0,-8.0,1.0,85.0,0.0002651976,0.7945619,0.00094802177,0.00783778,-0.1613506871010271,-0.19239321964960748,-0.1387015432884094,-0.5298032957069782,-0.24764129207353594,-0.026218286882143216,0.6758437036917029,-0.04634311608348612,-0.050548379124997884,-9.961884198313245e-06,-4.971818744832586,-0.7171660781026806,-5.688984822935266,Random Forest
SRS2821908,3,250171,2000,0,0.0,1.0,4.2527080637420184e-05,-4.371232319477142,0.0,3.670249484760457e-05,1.523236847560806e-05,0.0,Very rare (<1e-4),Shallow zero,0.0,-8.0,1.0,86.0,0.0027770875,0.92749244,0.008362512,0.09246352,-0.14579831826572207,-0.1715747599957696,-0.1156392484690697,-0.4506455151258731,-0.06519609477157648,0.09666411888538243,1.3839160960785828,0.005635986663670187,-0.004296110080178334,-2.323680937835923e-05,-4.971818744832586,0.5330429181100677,-4.438775826722518,Random Forest
SRS2822218,4,121481,2000,0,0.0,1.0,2.230673998148541e-05,-4.651369246627695,0.0,9.205960912970689e-08,8.856203790940105e-08,0.0,Very rare (<1e-4),Shallow zero,0.0,-8.0,1.0,60.0,0.0008315501,0.3323263,0.0020638965,0.011999596,-0.1952421392770951,-0.23102615681200467,-0.18524887839785067,-0.716461534571224,-0.032291719305604094,0.11444042787016992,-0.774351995262774,-0.0029926344974787384,-0.0034960909517855786,-1.2772056898702515e-05,-4.971818744832586,-2.0266834932625453,-6.998502238095131,Random Forest
SRS2821871,4,207119,2000,0,0.0,1.0,0.0008625375144740885,-3.0642169719584134,0.0,4.144135855344432e-05,9.84415632000232e-05,0.0,Rare (1e-4 to 1e-3),Shallow zero,0.0,-8.0,1.0,96.0,0.0020778195,0.8912387,0.0024632458,0.01316057,-0.1395412548062998,-0.16498431485001588,-0.11270525236819709,-0.45218736331454024,0.2729968517423572,0.051135736772197175,1.1405107596438746,-0.01795912274942248,-0.002017440602086171,-1.5210114109159742e-05,-4.971818744832586,0.575233389353758,-4.396585355478828,Random Forest
SRS2821890,2,242803,2000,0,0.0,1.0,5.515111405250386e-05,-4.258366971249466,0.0,5.141315361536198e-06,7.513323969431773e-06,0.0,Very rare (<1e-4),Shallow zero,0.0,-8.0,1.0,105.0,0.00056018727,0.673716,0.0013985957,0.011823229,-0.15573963636560692,-0.1841450143167479,-0.13419515513974684,-0.5107663078462154,0.5031948269177184,0.04177399628802054,0.3795382900269685,-0.1354154263903519,-0.13006024704956004,-1.2839416844754859e-05,-4.971818744832586,-0.32582751329236614,-5.297646258124952,Random Forest
SRS2822236,4,230879,2000,0,0.0,1.0,1.267073819720737e-05,-4.896855463674951,0.0,1.1918409918050048e-06,1.8863617496367705e-06,0.0,Very rare (<1e-4),Shallow zero,0.0,-8.0,1.0,61.0,0.0015856185,0.8126888,0.0057585547,0.060026452,-0.16402720276202762,-0.19376998191237219,-0.13545681856825342,-0.5160614369925037,-0.41028635261161206,0.005949655782181226,0.5892316311688564,-0.10137650102843786,-0.02840996937360058,-1.615515259309052e-05,-4.971818744832586,-0.9542231314503631,-5.926041876282949,Random Forest
SRS2822279,1,242803,2000,0,0.0,1.0,9.323487730290148e-06,-5.0299560391068985,0.0,1.1543551362902747e-05,1.1294752384472003e-05,0.0,Very rare (<1e-4),Shallow zero,0.0,-8.0,1.0,107.0,0.00056018727,0.673716,0.0013985957,0.011823229,-0.15252841837904763,-0.18191673320558435,-0.12696941654263721,-0.48681065575360954,0.6589162046845431,0.12185167544265708,0.42653787034137036,-0.12032588067420891,-0.11723355237928167,-1.2809836281576461e-05,-4.971818744832586,0.021508283697919833,-4.9503104611346656,Random Forest
SRS2822236,5,57440,2000,0,0.0,1.0,0.00016471959656369582,-3.7832283651924947,0.0,8.051174139138215e-05,6.660933520448805e-05,0.0,Rare (1e-4 to 1e-3),Shallow zero,0.0,-8.0,1.0,67.0,0.0019832102,0.9848943,0.010929906,0.19425108,-0.1423217963100905,-0.1663761715417807,-0.11078043806451343,-0.41518986135720104,-0.40193797650208324,0.13138379921053298,1.874763837548544,0.019595310936773167,0.07928853072232526,-0.00016419663916221813,-4.971818744832586,0.8682610380033443,-4.103557706829242,Random Forest
SRS2821881,2,124698,2000,0,0.0,1.0,0.00015253720212874138,-3.8165957533522312,0.0,6.996562385815864e-05,5.7509156577120547e-05,0.0,Rare (1e-4 to 1e-3),Shallow zero,0.0,-8.0,1.0,56.0,0.001882135,0.9667674,0.0028303303,0.021146027,-0.14073237583459117,-0.16494455935880187,-0.10674020127637258,-0.41145330855161205,-0.26179684993064445,0.12351369780657154,1.719318854871076,0.00915229175804707,0.0478168142593564,-1.6075302147724017e-05,-4.971818744832586,0.8141182884408813,-4.157700456391704,Random Forest
SRS2821894,2,80933,2000,0,0.0,1.0,2.102430409553444e-05,-4.677071851722514,0.0,8.455192907504729e-07,1.0702563439251024e-06,0.0,Very rare (<1e-4),Shallow zero,0.0,-8.0,1.0,67.0,8.703334e-05,0.5347432,0.00016003146,0.0009555507,-0.17469565151911784,-0.2046729674600725,-0.1532091688036127,-0.5997896210958004,-0.3091067635373296,0.03733055410124927,-0.034152225851147015,0.03893072374328804,0.29813153308250967,-9.733385223838237e-06,-4.971818744832586,-1.1012433207252568,-6.073062065557842,Random Forest
SRS2822168,4,250171,2000,0,0.0,1.0,2.4052627148200257e-05,-4.618656958306246,0.0,4.195385610659265e-06,1.8952516844735695e-05,0.0,Very rare (<1e-4),Shallow zero,0.0,-8.0,1.0,70.0,0.0027770875,0.92749244,0.008362512,0.09246352,-0.15360209002848352,-0.18210762333563574,-0.12571626577163772,-0.48017455951728794,-0.3526149962610565,-0.06803171563947565,1.1011562744889234,-0.09939489048503007,-0.04956686881204194,-2.8536808170681526e-05,-4.971818744832586,-0.4100812721698964,-5.381900017002482,Random Forest
SRS2821972,1,224005,2000,0,0.0,1.0,0.00018672915869177555,-3.7287646021337615,0.0,2.1034424664222593e-07,6.230679968943105e-07,0.0,Rare (1e-4 to 1e-3),Shallow zero,0.0,-8.0,1.0,104.0,0.0001551267,0.40785497,0.0004021337,0.003324249,-0.1766117746597331,-0.20742123951403027,-0.1570140621764196,-0.6205277399377425,0.29825655813047625,-0.0871656045658605,-0.5588663150938953,-0.07520331933362372,-0.11070314324667532,-8.992589195495498e-06,-4.971818744832586,-1.6952656329866995,-6.667084377819285,Random Forest
SRS2822026,3,18617,2000,0,0.0,1.0,3.8309405916887744e-05,-4.416581232605431,0.0,1.7796447366110684e-06,3.3372737862422715e-06,0.0,Very rare (<1e-4),Shallow zero,0.0,-8.0,1.0,67.0,0.00026235575,0.83383685,0.0003444772,0.0024863302,-0.16088202124388834,-0.19010232296767562,-0.13273739036328544,-0.5209701292376021,-0.5317664783711695,-0.05272014167193167,0.8175883138011307,-0.0019288022694573914,-0.008640942410905897,-9.75730894531823e-06,-4.971818744832586,-0.7821696720437306,-5.753988416876316,Random Forest
SRS2822275,1,249900,2000,0,0.0,1.0,1.144086218337414e-05,-4.941161812242452,0.0,9.901706776248313e-05,4.3758667200050874e-05,0.0,Very rare (<1e-4),Shallow zero,0.0,-8.0,1.0,70.0,0.0007808646,0.94864047,0.0021385648,0.02629283,-0.1402305059767511,-0.16188124282578914,-0.10668544887263327,-0.41457627059218477,-0.02362667629040306,0.17702062966039822,1.5321487618019036,0.04987995197963484,0.046481020929193755,-1.6570014829240164e-05,-4.971818744832586,0.95851364979854,-4.013305095034045,Random Forest
SRS2821970,4,409,2000,0,0.0,1.0,1.9260957076957154e-05,-4.715096715914369,0.0,1.449554981764427e-05,3.5396790966584133e-06,0.0,Very rare (<1e-4),Shallow zero,0.0,-8.0,1.0,113.0,0.0003689609,0.50151056,0.0015162228,0.014549168,-0.15680461355837205,-0.18513429498692688,-0.13072519095854396,-0.5056956962833802,0.9206211803704593,0.07329662641170685,-0.08923343609341709,0.03851191100477927,0.1578996489853816,-9.7698549981891e-06,-4.971818744832586,0.12272636503668864,-4.849092379795897,Random Forest
SRS2822125,4,250171,2000,0,0.0,1.0,2.284852569887928e-05,-4.640951783629668,0.0,7.103632939067933e-06,1.5635815237965827e-05,0.0,Very rare (<1e-4),Shallow zero,0.0,-8.0,1.0,71.0,0.0027770875,0.92749244,0.008362512,0.09246352,-0.15130549261230022,-0.1803340758692129,-0.12350672560064357,-0.46903174792693003,-0.3064913095218655,-0.03320792069533049,1.1754489717939618,-0.07483720369817,-0.019864596044554133,-2.8598346217304598e-05,-4.971818744832586,-0.1831586985212622,-5.1549774433538476,Random Forest
SRS2822269,5,10583,2000,0,0.0,1.0,0.00023225606661448074,-3.634014234704943,0.0,4.3320826897561225e-05,2.505863522796189e-05,0.0,Rare (1e-4 to 1e-3),Shallow zero,0.0,-8.0,1.0,70.0,0.00013444255,0.8036254,0.00018458762,0.0013976498,-0.1452273598847321,-0.16908759313316835,-0.11115877036934069,-0.4334256417883221,0.11939477831293063,0.06864311787392074,1.0878507495525969,0.1183915292750407,0.05890336839268101,-1.0572891955033103e-05,-4.971818744832586,0.5942736053396516,-4.377545139492934,Random Forest
SRS2821987,3,207119,2000,0,0.0,1.0,0.0006036871352723557,-3.2191808850018524,0.0,5.226289441889811e-05,3.2245028892370166e-05,0.0,Rare (1e-4 to 1e-3),Shallow zero,0.0,-8.0,1.0,82.0,0.0020778195,0.8912387,0.0024632458,0.01316057,-0.14628341151355775,-0.16933108742108574,-0.11604336992048975,-0.451647508089934,0.04908107383304529,0.1153660536593349,1.2874231199947992,0.058687783359139094,0.05168896674160181,-1.8432948122986987e-05,-4.971818744832586,0.6789231876947301,-4.2928955571378555,Random Forest
SRS2822023,4,76191,2000,0,0.0,1.0,7.253577827263298e-06,-5.13884940576149,0.0,1.036114434668527e-06,1.3175245352316093e-06,0.0,Very rare (<1e-4),Shallow zero,0.0,-8.0,1.0,76.0,0.0002196381,0.6797583,0.000464206,0.003358246,-0.168685500416047,-0.19937578047194784,-0.14637213229332002,-0.5599131051869931,-0.1563845115030799,0.009163789419980332,0.12964228165822225,0.026311563972859095,0.04672596118018331,-1.15303342960907e-05,-4.971818744832586,-1.018898963974439,-5.990717708807025,Random Forest
SRS2822000,1,191749,2000,0,0.0,1.0,5.747346641633779e-05,-4.240457050557032,0.0,9.220805639590672e-07,6.523937651319724e-06,0.0,Very rare (<1e-4),Shallow zero,0.0,-8.0,1.0,111.0,0.000106297426,0.8187311,0.00020665507,0.0019332344,-0.15174247795510928,-0.17851274399600736,-0.12207116026170386,-0.4911444676724482,0.02807574622579117,-0.36154819004269256,0.33691170720017216,-0.03575442995867568,-0.09800304767722638,-9.220456728950326e-06,-4.971818744832586,-1.073798284594629,-6.0456170294272145,Random Forest
SRS2822243,4,150643,2000,0,0.0,1.0,0.00022229061933586402,-3.6530593273425143,0.0,2.7535748853822193e-07,1.5108521632693756e-07,0.0,Rare (1e-4 to 1e-3),Shallow zero,0.0,-8.0,1.0,78.0,0.00023797093,0.36555892,0.000909429,0.007656417,-0.1840621245785619,-0.22029651154419916,-0.1672084724445106,-0.6427322956701768,0.15223009899592024,0.0426430921001799,-0.6194062617859897,0.012217861313093265,0.04334912379580665,-1.1331256308973319e-05,-4.971818744832586,-1.5832768210747472,-6.555095565907333,Random Forest
SRS2822129,5,189417,2000,0,0.0,1.0,0.00017614247969468638,-3.754111238885582,0.0,3.57868481829101e-05,1.5410097782535995e-05,0.0,Rare (1e-4 to 1e-3),Shallow zero,0.0,-8.0,1.0,102.0,0.0001201573,0.4954683,0.00021578823,0.0018350831,-0.15374971151889086,-0.17933176846999876,-0.130091317534472,-0.4988093640172807,0.736499012644762,0.2078885459954344,0.07882588636453665,0.3432153256386852,0.09541776632430622,-8.96132330647419e-06,-4.971818744832586,0.4998554141037756,-4.47196333072881,Random Forest
SRS2821816,2,86908,2000,0,0.0,1.0,2.3469403720682802e-05,-4.629312936560086,0.0,7.684569552365051e-06,9.020783135053564e-06,0.0,Very rare (<1e-4),Shallow zero,0.0,-8.0,1.0,86.0,0.00024435003,0.8549849,0.0004383499,0.0030002962,-0.1547151214462366,-0.18171934987834656,-0.12601615408783143,-0.4884681523336217,-0.12401588406582856,-0.0031975636257257915,0.8909643343709692,0.022283856691018962,0.011686443373158235,-9.867182718612476e-06,-4.971818744832586,-0.15320745818516288,-5.1250262030177485,Random Forest
SRS2822122,4,11043,2000,0,0.0,1.0,3.804595951909906e-05,-4.4195773235558145,0.0,7.742990514028693e-06,4.286427252788072e-06,0.0,Very rare (<1e-4),Shallow zero,0.0,-8.0,1.0,90.0,0.00011438911,0.72507554,0.00027012246,0.003013561,-0.1551548150400206,-0.183141583318446,-0.1234366854704444,-0.48114509396033334,0.1976664329551072,-0.051936297659669395,0.4969883825691906,0.1192178318230946,0.03636863960629693,-9.42915139627865e-06,-4.971818744832586,-0.14458261764662073,-5.116401362479206,Random Forest
SRS2821991,5,112467,2000,0,0.0,1.0,3.842865240323185e-05,-4.41523184639629,0.0,2.813892459064548e-05,2.6995910673736373e-05,0.0,Very rare (<1e-4),Shallow zero,0.0,-8.0,1.0,99.0,0.00029495728,0.7613293,0.00051007455,0.004944688,-0.1479062853776971,-0.17317298870045653,-0.1186014298190833,-0.4660540441335846,0.39396961801692204,0.07335919279518677,0.7505868895693754,0.056909413515150206,0.043146439578697425,-9.044158706463419e-06,-4.971818744832586,0.41222776128580385,-4.559590983546782,Random Forest
SRS2822089,3,11812,2000,0,0.0,1.0,3.769815090569807e-05,-4.423564763567361,0.0,3.3509986233098776e-07,3.808753688343268e-07,0.0,Very rare (<1e-4),Shallow zero,0.0,-8.0,1.0,115.0,0.00015262818,0.6344411,0.00022379225,0.0014181123,-0.16222700865479617,-0.1905407482103628,-0.13425430994859344,-0.5312796308691077,0.1515530357050606,-0.13663741613843466,-0.07069444748008885,-0.08761913403399094,-0.3403019165193348,-9.285824072697047e-06,-4.971818744832586,-1.5020108619737216,-6.473829606806307,Random Forest
SRS2822230,3,262354,2000,0,0.0,1.0,3.7644224434866085e-05,-4.424186293146339,0.0,1.5980392378956e-08,8.667183321809333e-08,0.0,Very rare (<1e-4),Shallow zero,0.0,-8.0,1.0,96.0,0.00025522517,0.50453174,0.00059355877,0.0035999343,-0.185306422145265,-0.21977579140748318,-0.16625427950973726,-0.644845529107132,-0.11834853060689884,-0.3786049381511665,-0.6223649151649292,-0.1636279804688391,-0.12406456516884407,-9.233048257312688e-06,-4.971818744832586,-2.6232021847785525,-7.595020929611138,Random Forest
SRS2821870,1,4843,2000,0,0.0,1.0,0.00012108654997511,-3.9168682296737565,0.0,6.107105651293587e-06,4.799817861826865e-06,0.0,Rare (1e-4 to 1e-3),Shallow zero,0.0,-8.0,1.0,91.0,0.0002651976,0.7945619,0.00094802177,0.00783778,-0.15694120166737732,-0.1857025064596781,-0.12659640101190067,-0.4935860789470904,0.019497981482486482,0.04608947713947638,0.6822226225410085,-0.03751987727653247,-0.004142457404771922,-9.469993363732216e-06,-4.971818744832586,-0.2566879115977432,-5.228506656430329,Random Forest
SRS2822000,2,9456,2000,0,0.0,1.0,7.663128855511705e-05,-4.115537202159254,0.0,6.959302600044778e-06,1.1329004006862317e-05,0.0,Very rare (<1e-4),Shallow zero,0.0,-8.0,1.0,103.0,0.00011792643,0.6918429,0.0002351788,0.0014995105,-0.15230888857526345,-0.17822245189902491,-0.12236888194682952,-0.48806726180059284,0.3962614314834242,-0.11047191043551573,0.3756287786877275,0.08507412315709977,-0.003698501522335386,-8.963864840679593e-06,-4.971818744832586,-0.19818252671615114,-5.1700012715487365,Random Forest
SRS2821824,1,189417,2000,0,0.0,1.0,0.0002314656059255195,-3.635494770391835,0.0,4.76437066783981e-05,4.480637865440566e-05,0.0,Rare (1e-4 to 1e-3),Shallow zero,0.0,-8.0,1.0,114.0,0.0001201573,0.4954683,0.00021578823,0.0018350831,-0.14681642566468142,-0.1727471780082669,-0.11976678832920602,-0.4687565976429299,1.034706975692356,0.12428406901353732,0.06548937488731857,0.30182053607860737,0.01907938707742232,-9.25112954875292e-06,-4.971818744832586,0.6372841019746085,-4.334534642857977,Random Forest
SRS2822149,5,67192,2000,0,0.0,1.0,1.0888146075367749e-05,-4.962647375244445,0.0,8.359487116926996e-06,8.978455726462526e-06,0.0,Very rare (<1e-4),Shallow zero,0.0,-8.0,1.0,94.0,0.00011505669,0.7643505,0.00027008518,0.003118016,-0.1494089884933262,-0.17850346736794537,-0.1173847440985349,-0.4607666390729998,0.21819876634598823,-0.13413418120538284,0.5987826165660113,0.10838841948456428,0.0016943379949874045,-9.390227085399211e-06,-4.971818744832586,-0.11314327007372345,-5.084962014906309,Random Forest
SRS2822253,2,146804,2000,0,0.0,1.0,9.270847819033051e-06,-5.032412348532296,0.0,1.819054277697056e-06,1.6250459660901313e-06,0.0,Very rare (<1e-4),Shallow zero,0.0,-8.0,1.0,108.0,0.00011880644,0.6978852,0.00040704882,0.0048127845,-0.15715654539758891,-0.18341255629661937,-0.12556083729750667,-0.48866581606766163,0.283895814091217,-0.2962869709115434,0.3475540561691706,-0.08092928923720419,-0.0758503276254729,-9.011773787416532e-06,-4.971818744832586,-0.776421484346997,-5.748240229179583,Random Forest
SRS2822060,3,250391,2000,0,0.0,1.0,4.032705239492282e-05,-4.3942958407635855,0.0,9.117078803699518e-08,4.9232378932917147e-08,0.0,Very rare (<1e-4),Shallow zero,0.0,-8.0,1.0,83.0,0.00019800504,0.20845921,0.00077785284,0.0046076537,-0.19332243050634612,-0.22972444804304254,-0.1779664999266779,-0.6850216272700866,0.1713817110913294,-0.005767856327970602,-0.9819696419373632,0.025025627704692622,0.04487213538282432,-1.0801146504707743e-05,-4.971818744832586,-2.032503830979145,-7.004322575811731,Random Forest
SRS2821970,3,264947,2000,0,0.0,1.0,0.0003466972273852288,-3.4600371050387064,0.0,5.891979142769395e-05,7.473040025075303e-05,0.0,Rare (1e-4 to 1e-3),Shallow zero,0.0,-8.0,1.0,116.0,0.0022047001,0.8429003,0.007056937,0.059745472,-0.13825116427963005,-0.1638276021769836,-0.1091729199488258,-0.42899898395486125,0.6720960879066745,0.11163171545494957,0.7426944910237854,-0.02312309244031866,0.07235692021294181,-1.903926803996731e-05,-4.971818744832586,0.735386412529692,-4.236432332302893,Random Forest
SRS2821905,2,62872,2000,0,0.0,1.0,2.2132871002250174e-05,-4.654766070015628,0.0,4.888479849346083e-05,1.1935508307823125e-05,0.0,Very rare (<1e-4),Shallow zero,0.0,-8.0,1.0,79.0,0.0038796188,0.83987916,0.004543477,0.020847745,-0.15017319968185375,-0.17550369319563625,-0.12043421396562372,-0.46084405779924503,0.15177492973753576,0.1507289029701381,1.1094852692948376,0.0622154406912497,0.09587588136399719,-3.836385919323662e-05,-4.971818744832586,0.6630868955562063,-4.30873184927638,Random Forest
SRS2822089,5,80933,2000,0,0.0,1.0,1.8849075452849035e-05,-4.724479601925729,0.0,9.35357160076146e-07,6.049165050756872e-07,0.0,Very rare (<1e-4),Shallow zero,0.0,-8.0,1.0,113.0,8.703334e-05,0.5347432,0.00016003146,0.0009555507,-0.160247436180843,-0.18864369924616856,-0.1311366046198926,-0.5358017945403825,0.4422772903577859,-0.1977527555602881,-0.3316524081694133,0.042049920977057106,-0.004757074475898549,-9.217698755021433e-06,-4.971818744832586,-1.0656737791567983,-6.037492523989384,Random Forest
SRS2821844,4,210905,2000,0,0.0,1.0,2.1806445985433298e-05,-4.661215996856264,0.0,8.530548049888344e-07,1.5116647221817716e-06,0.0,Very rare (<1e-4),Shallow zero,0.0,-8.0,1.0,96.0,0.00011278986,0.6163142,0.00036509807,0.0045757582,-0.16738094956003777,-0.19732351625984026,-0.13871392557123566,-0.5404695244227324,0.15379815787289278,-0.1757672924804586,0.014372206365431007,-0.019370017721792834,-0.03758559847408133,-9.196388654622066e-06,-4.971818744832586,-1.1084496566405098,-6.080268401473095,Random Forest
SRS2822298,1,210905,2000,0,0.0,1.0,0.00016506825572374176,-3.7823101286821674,0.0,1.5158315786759642e-06,1.736962555528975e-06,0.0,Rare (1e-4 to 1e-3),Shallow zero,0.0,-8.0,1.0,77.0,0.00011278986,0.6163142,0.00036509807,0.0045757582,-0.16795592233546774,-0.19889252328612314,-0.13980873155009996,-0.5441718840651099,0.04048462220286372,-0.007628309626134933,0.08705102921069889,0.028063290523834963,0.04475567908446664,-1.1589111329927136e-05,-4.971818744832586,-0.8581143389524014,-5.829933083784987,Random Forest
SRS2821875,3,199426,2000,0,0.0,1.0,3.079149538897357e-05,-4.511428198323764,0.0,7.2822035741229316e-06,3.294685007787484e-06,0.0,Very rare (<1e-4),Shallow zero,0.0,-8.0,1.0,97.0,0.00017351868,0.5649547,0.000973457,0.013886641,-0.16494665436855832,-0.19336727243480667,-0.1348150168126935,-0.5131741295608753,0.447185206902986,0.07679924005514137,0.11348586329316085,0.07074957856582745,0.12224759806095584,-9.219150609399112e-06,-4.971818744832586,-0.17584480544947162,-5.147663550282057,Random Forest
SRS2821844,1,69371,2000,0,0.0,1.0,0.0001526451218980331,-3.816288619634331,0.0,7.690502837634845e-06,1.1469479692274102e-05,0.0,Rare (1e-4 to 1e-3),Shallow zero,0.0,-8.0,1.0,94.0,0.0002562871,0.755287,0.00035658153,0.0022500139,-0.15101833426469125,-0.17728149324763165,-0.12454221165427108,-0.4925602726388704,0.18456846899742047,0.0016954166261812585,0.6368637382067956,0.010814017561697132,-0.04542260019790333,-9.390056237800595e-06,-4.971818744832586,-0.15689266066751106,-5.128711405500097,Random Forest
SRS2822120,3,80933,2000,0,0.0,1.0,1.1008487543896345e-05,-4.957878014959672,0.0,3.7237305534305345e-08,7.763608319632821e-08,0.0,Very rare (<1e-4),Shallow zero,0.0,-8.0,1.0,103.0,8.703334e-05,0.5347432,0.00016003146,0.0009555507,-0.17546962162635116,-0.20784415875397144,-0.15706466731202945,-0.6189824766010836,-0.16922972029274283,-0.403511622206829,-0.5496657207100538,-0.015026632999061032,-0.06670448675807422,-8.96423592508033e-06,-4.971818744832586,-2.3635080714961223,-7.335326816328708,Random Forest
SRS2821824,3,146247,2000,0,0.0,1.0,7.715520197517317e-05,-4.112578502736796,0.0,9.502177197046585e-08,1.7604167268062958e-07,0.0,Very rare (<1e-4),Shallow zero,0.0,-8.0,1.0,109.0,0.000114673334,0.2326284,0.0012743383,0.017979877,-0.18959184266179474,-0.22259979788055975,-0.1639309582752587,-0.6399335048376169,0.3836314208793899,-0.03938349052372219,-1.116111205684324,-0.033188638217924366,0.005410999915763166,-9.392314786790222e-06,-4.971818744832586,-2.015706409600835,-6.9875251544334205,Random Forest
SRS2822149,4,241327,2000,0,0.0,1.0,0.00014154589897978073,-3.8490720278108057,0.0,6.62454233381395e-05,4.7834196718872836e-05,0.0,Rare (1e-4 to 1e-3),Shallow zero,0.0,-8.0,1.0,96.0,0.00018687687,0.5558912,0.00027481955,0.001330833,-0.149384154236808,-0.1741100147993022,-0.12343803276368982,-0.48073893836928655,0.7189277501658389,0.2731147076300832,0.23742397151414846,0.37872796442033463,0.10659385006491415,-9.229852138821615e-06,-4.971818744832586,0.7871078737740941,-4.184710871058492,Random Forest
SRS2821987,4,55552,2000,0,0.0,1.0,6.965620791604103e-05,-4.156977828419918,0.0,2.7716143977106224e-06,2.27570159128686e-06,0.0,Very rare (<1e-4),Shallow zero,0.0,-8.0,1.0,82.0,0.00048866007,0.6918429,0.0006489186,0.0034648909,-0.16342724930584054,-0.19324075081357198,-0.1464274432311934,-0.5559331940393146,-0.08044574111186492,0.1370036229694187,0.3101074445603035,0.058578976163715234,0.04253993006451834,-1.5423000865504565e-05,-4.971818744832586,-0.5912598277446952,-5.563078572577281,Random Forest
SRS2821969,5,254096,2000,0,0.0,1.0,7.126737142178407e-05,-4.1470483246567005,0.0,7.149949923343109e-06,9.894409298468841e-06,0.0,Very rare (<1e-4),Shallow zero,0.0,-8.0,1.0,77.0,0.00011319857,0.7824773,0.00015489296,0.0012609025,-0.15066266002245582,-0.17799097907473518,-0.11927294519780568,-0.4766832097821942,0.029432043562245654,-0.057729179961452576,0.7817434881499477,0.020093845929419995,-0.028798627485052603,-1.161536252297244e-05,-4.971818744832586,-0.1798798392446058,-5.151698584077192,Random Forest
SRS2821931,1,125856,2000,0,0.0,1.0,3.440505066143711e-05,-4.463251586796972,0.0,2.8416763011872398e-06,2.2260394487965425e-06,0.0,Very rare (<1e-4),Shallow zero,0.0,-8.0,1.0,94.0,9.291529e-05,0.48036253,0.00019109515,0.0019680331,-0.16628555228484565,-0.19348561278848214,-0.14303219292424083,-0.5543640678578302,0.392709589248418,-0.005306706361560277,-0.09997291947103618,0.1779285754323845,0.005218113047136471,-9.396077968657427e-06,-4.971818744832586,-0.5866001700380251,-5.558418914870611,Random Forest
SRS2821970,2,254595,2000,0,0.0,1.0,0.0001733486136926144,-3.7610545746234894,0.0,8.860060801894947e-06,1.2090916698312165e-05,0.0,Rare (1e-4 to 1e-3),Shallow zero,0.0,-8.0,1.0,109.0,0.00016204137,0.6767372,0.00091449963,0.011823002,-0.15362776187233987,-0.1829019453744756,-0.1228620995344637,-0.4689828293621074,0.5965470399192087,-0.03433511506729249,0.34688109981133763,-0.03551199506946912,-0.03560173005801002,-9.117574938022336e-06,-4.971818744832586,-0.09040445418254978,-5.062223199015135,Random Forest
SRS2821987,1,34262,2000,0,0.0,1.0,0.0007429995511044376,-3.129005603513593,0.0,3.4629578541979426e-06,1.8908791807996404e-05,0.0,Rare (1e-4 to 1e-3),Shallow zero,0.0,-8.0,1.0,81.0,0.000748398,0.93957704,0.0009992564,0.014535054,-0.1525180240591366,-0.17946541694171586,-0.1256996039761957,-0.4993058527186702,-0.4615278570253959,-0.060725564865098926,1.0983754511011208,-0.06494590350019509,-0.05291696961617173,-1.6304385587364723e-05,-4.971818744832586,-0.4987460459870466,-5.470564790819632,Random Forest
SRS2821987,2,32169,2000,0,0.0,1.0,0.00012383325851740627,-3.9071276295171984,0.0,7.569330165452739e-07,4.179896906325017e-07,0.0,Rare (1e-4 to 1e-3),Shallow zero,0.0,-8.0,1.0,80.0,0.0033968086,0.6797583,0.0050051105,0.03388699,-0.17359504819094998,-0.20593263039915333,-0.15271226407404065,-0.5887423850719851,-0.0029902050070749644,-0.0679672323031064,0.10598716886341891,-0.05401641436981533,-0.021336353314919954,-2.7431834770831912e-05,-4.971818744832586,-1.1613327957023978,-6.133151540534984,Random Forest
SRS2822153,5,39261,2000,0,0.0,1.0,1.024432720381089e-05,-4.989092828836098,0.0,2.2151263553463647e-06,3.846219194697583e-06,0.0,Very rare (<1e-4),Shallow zero,0.0,-8.0,1.0,108.0,0.00059366494,0.81570995,0.00085873617,0.004203242,-0.15156100081235044,-0.18164544127348384,-0.1258764994220359,-0.48965405575544535,0.12320270393626435,-0.03582127344978381,0.5107332611792073,-0.23729855896245855,-0.110805027460855,-1.2380812009751824e-05,-4.971818744832586,-0.6987382728329509,-5.670557017665536,Random Forest
SRS2822136,2,249900,2000,0,0.0,1.0,5.053721054812658e-05,-4.296302805987566,0.0,0.00011465920620227042,6.88556960035707e-05,0.0,Very rare (<1e-4),Shallow zero,0.0,-8.0,1.0,57.0,0.0007808646,0.94864047,0.0021385648,0.02629283,-0.13988349354328228,-0.16349921249315508,-0.1029163261373362,-0.40013801995816334,-0.12386806785638192,0.23699692734848832,1.6085004968878813,0.0606066914225011,0.04546538420487476,-1.454316338660351e-05,-4.971818744832586,1.0212498367120402,-3.9505689081205455,Random Forest
SRS2822023,1,26279,2000,0,0.0,1.0,2.1760733481789898e-05,-4.66212693881707,0.0,8.84623452279223e-06,4.251638449339605e-06,0.0,Very rare (<1e-4),Shallow zero,0.0,-8.0,1.0,78.0,0.000125958,0.73413897,0.00025362414,0.0020910723,-0.15586141726217995,-0.18247412375144675,-0.12544783008354368,-0.47617690416723046,0.10225357468618103,0.03756774221782329,0.5684597240743418,0.042420641135291585,0.09657881300608416,-1.1247827005079795e-05,-4.971818744832586,-0.09269102797168413,-5.06450977280427,Random Forest
SRS2822220,5,264947,2000,0,0.0,1.0,3.157662067005589e-05,-4.500496835090488,0.0,1.575107765479281e-07,9.333299813288089e-07,0.0,Very rare (<1e-4),Shallow zero,0.0,-8.0,1.0,56.0,0.0022047001,0.8429003,0.007056937,0.059745472,-0.17291692414086846,-0.2042627977739652,-0.15045721801139758,-0.5827318787529367,-0.7632746789177696,-0.2719828946992588,0.3591434299181984,-0.05385879836684232,0.024511100060231137,-2.5720799928888124e-05,-4.971818744832586,-1.8158563814845377,-6.787675126317123,Random Forest
SRS2821928,2,249070,2000,0,0.0,1.0,1.6034120608655217e-05,-4.794684081951139,0.0,5.402887107582833e-08,4.623174205999863e-08,0.0,Very rare (<1e-4),Shallow zero,0.0,-8.0,1.0,106.0,0.00023544636,0.24169184,0.0010489682,0.011122386,-0.1905801665692284,-0.22630040729279627,-0.1805982267419844,-0.6909394812170142,0.29283369522136843,-0.0377543663082821,-1.1132366247299943,-0.05755324325973101,-0.027363256344298276,-9.260380128748304e-06,-4.971818744832586,-2.2315013376220896,-7.203320082454676,Random Forest
SRS2821972,1,112467,2000,0,0.0,1.0,2.800937380376633e-05,-4.552541574853518,0.0,3.183034646977433e-05,4.199901371691978e-05,0.0,Very rare (<1e-4),Shallow zero,0.0,-8.0,1.0,104.0,0.00029495728,0.7613293,0.00051007455,0.004944688,-0.14447780250563408,-0.17052599678896474,-0.1150348784245983,-0.4568750718887301,0.5137682194307155,0.06529932970130797,0.704240105013278,0.04769497225973598,0.02004367076804678,-8.974772329741033e-06,-4.971818744832586,0.46412357279282734,-4.5076951720397584,Random Forest
SRS2822298,3,45066,2000,0,0.0,1.0,3.3013651144748354e-05,-4.481174912164792,0.0,1.6839703753641418e-05,5.638679405683002e-06,0.0,Very rare (<1e-4),Shallow zero,0.0,-8.0,1.0,77.0,0.00025520584,0.70090634,0.00045217315,0.0025439027,-0.1522194073692257,-0.1811804487771682,-0.1273637758848265,-0.49912181177470427,0.26461586235273743,0.10992072871815166,0.576334577115804,0.12266937505367222,0.07140255588689322,-1.1627330689918009e-05,-4.971818744832586,0.18504602799064415,-4.786772716841941,Random Forest
SRS2821972,5,73737,2000,0,0.0,1.0,0.00015871978488800922,-3.799341572307557,0.0,8.034295557016484e-05,5.556108636763294e-05,0.0,Rare (1e-4 to 1e-3),Shallow zero,0.0,-8.0,1.0,111.0,0.0006970792,0.7432024,0.0032176015,0.05353192,-0.14295457036555573,-0.16846029287697267,-0.11303850503906596,-0.4252024177934309,0.7808249550650292,0.17109282766101747,0.7110088462925598,0.004330361118650566,0.051915252775970935,-1.4357785812191567e-05,-4.971818744832586,0.8695020990523907,-4.102316645780195,Random Forest
SRS2821890,4,112003,2000,0,0.0,1.0,4.1363335539377896e-05,-4.38327946465076,0.0,3.120005714845942e-05,2.9831498067650036e-05,0.0,Very rare (<1e-4),Shallow zero,0.0,-8.0,1.0,108.0,0.00033501314,0.70996976,0.0011605102,0.010552234,-0.1471856984901786,-0.1724518304896346,-0.114701975010842,-0.4486750314949855,0.6943952135880525,0.11147441418581353,0.626802863337874,-0.06176137928226739,-0.029430150739716568,-9.323095606833426e-06,-4.971818744832586,0.4584571025085085,-4.513361642324077,Random Forest
SRS2822025,4,57440,2000,0,0.0,1.0,4.845782957381339e-05,-4.3145464278782555,0.0,6.065431671359841e-05,7.515172204662353e-05,0.0,Very rare (<1e-4),Shallow zero,0.0,-8.0,1.0,72.0,0.0019832102,0.9848943,0.010929906,0.19425108,-0.1403532096723111,-0.16619896608383933,-0.11135572396867968,-0.4125929242528858,-0.34208896238096764,0.10694251274617594,1.7695567424532619,-0.007571685458434222,0.04691960354271062,-0.000179157359491998,-4.971818744832586,0.7430782295655386,-4.228740515267047,Random Forest
SRS2822230,4,149687,2000,0,0.0,1.0,3.7644224434866085e-05,-4.424186293146339,0.0,1.0544100761667768e-07,8.30171730065968e-08,0.0,Very rare (<1e-4),Shallow zero,0.0,-8.0,1.0,97.0,0.00020057724,0.29909366,0.0010210794,0.011921377,-0.1902032999393829,-0.2253034804592731,-0.17078566679638785,-0.6662029605520161,0.17365865631386287,0.0073186744499694235,-0.9020327589968977,-0.011265294202059153,0.003998284562148636,-9.45219601770107e-06,-4.971818744832586,-1.9808272978160535,-6.952646042648639,Random Forest
SRS2822279,1,258129,2000,0,0.0,1.0,2.797046319087044e-05,-4.553145100438399,0.0,1.5427653963640835e-07,1.0413560154293946e-07,0.0,Very rare (<1e-4),Shallow zero,0.0,-8.0,1.0,107.0,8.4494524e-05,0.244713,0.00040434382,0.004741035,-0.18564478433657616,-0.22210399466677705,-0.1673845522044397,-0.6525516266261795,0.4140496079395641,-0.03933197179866712,-0.9527884262236705,0.0008657998343740285,-0.019939315763535182,-8.948818340942095e-06,-4.971818744832586,-1.8248382126642482,-6.796656957496834,Random Forest
SRS2822053,5,86908,2000,0,0.0,1.0,6.50584224633721e-05,-4.186629722292692,0.0,8.597427820246613e-06,1.394851150703613e-05,0.0,Very rare (<1e-4),Shallow zero,0.0,-8.0,1.0,64.0,0.00024435003,0.8549849,0.0004383499,0.0030002962,-0.1552856892918136,-0.18195938635197384,-0.11958866828409667,-0.46559681239560224,-0.19009255833102554,0.0045584146061659545,0.9578780980895046,0.0405910683248071,0.010788972367903597,-9.543209883729725e-06,-4.971818744832586,-0.09871610447601432,-5.0705348493086,Random Forest
SRS2821932,4,214696,2000,0,0.0,1.0,0.0002701431758832181,-3.5683899225891587,0.0,9.130003853660906e-06,1.172768898963347e-05,0.0,Rare (1e-4 to 1e-3),Shallow zero,0.0,-8.0,1.0,101.0,0.000295661,0.71601206,0.0006027132,0.0039938614,-0.1520533112283911,-0.18001009502815504,-0.12564606781439144,-0.49696876432777753,0.37257334043219786,-0.007301938099177328,0.5486243069845985,-0.014370972801297453,-0.026793843507186603,-9.012935104208943e-06,-4.971818744832586,-0.08195635832468424,-5.05377510315727,Random Forest
SRS2822063,4,214696,2000,0,0.0,1.0,9.495288875903876e-05,-4.022446082669431,0.0,2.3589591447720792e-06,2.5127169897997484e-06,0.0,Very rare (<1e-4),Shallow zero,0.0,-8.0,1.0,81.0,0.000295661,0.71601206,0.0006027132,0.0039938614,-0.16456285528033407,-0.1955339207165093,-0.14191107232640196,-0.5451775325975958,-0.12261247284108492,0.05792316841259498,0.4379723198797358,0.00894130250298633,0.005649345062063763,-1.2008912645610585e-05,-4.971818744832586,-0.6593237268171909,-5.631142471649777,Random Forest
SRS2821946,5,26524,2000,0,0.0,1.0,0.00018638556961501026,-3.7295644144853646,0.0,6.805596008983756e-08,1.402867939081727e-07,0.0,Rare (1e-4 to 1e-3),Shallow zero,0.0,-8.0,1.0,46.0,0.00033352117,0.48640484,0.0013181985,0.017430235,-0.19190241739749397,-0.22625426411401242,-0.17157741798559492,-0.6618331292338454,-0.5342325243013594,-0.011263985504092005,-0.34349009374853073,0.030514008957109387,-0.027991745803684766,-1.0693064463117516e-05,-4.971818744832586,-2.1380422621959676,-7.109861007028553,Random Forest
SRS2822236,2,234685,2000,0,0.0,1.0,0.0003547806695218064,-3.4500278100028696,0.0,0.000595339145077334,0.0003857208624092148,0.0,Rare (1e-4 to 1e-3),Shallow zero,0.0,-8.0,1.0,56.0,0.0061821607,0.9969789,0.004405163,0.02233354,-0.12782791464690257,-0.14978401273052158,-0.094942710341474,-0.3734254916830634,-0.1296319217816508,0.16269316520567573,2.370407942951045,0.03450170090623153,0.05607998522567027,-0.0010583406750051157,-4.971818744832586,1.747012402430005,-3.2248063424025806,Random Forest
SRS2821925,5,116634,2000,0,0.0,1.0,0.00015295977158007445,-3.815394381816409,0.0,9.69673956635179e-05,3.5728322260527956e-05,0.0,Rare (1e-4 to 1e-3),Shallow zero,0.0,-8.0,1.0,45.0,0.0017111934,0.8731118,0.005128117,0.04210608,-0.14765989410295666,-0.17374821675979502,-0.11459301107695306,-0.450784821811857,-0.21294627120268497,0.3530379406136184,1.2825387411734381,0.12574795397253186,0.3008982629804408,-1.8425166713289414e-05,-4.971818744832586,0.9624722586190693,-4.009346486213516,Random Forest
SRS2821991,3,33751,2000,0,0.0,1.0,0.0001248931203105035,-3.903426712012522,0.0,4.3496147025771005e-06,1.0284970507379016e-05,0.0,Rare (1e-4 to 1e-3),Shallow zero,0.0,-8.0,1.0,80.0,0.0072486117,0.93353474,0.016732449,0.1843302,-0.1552227686369532,-0.18314928493127683,-0.12758457007940885,-0.4770188062652728,-0.23707483876601756,-0.07370893806422393,1.0224606894642323,-0.10175597717604704,-0.06706913849856669,-4.177804429508081e-05,-4.971818744832586,-0.40016541099782954,-5.3719841558304156,Random Forest
SRS2821860,3,175420,2000,0,0.0,1.0,0.00015581987222770477,-3.8073492854304964,0.0,9.597405823069238e-07,1.1791608396885963e-06,0.0,Rare (1e-4 to 1e-3),Shallow zero,0.0,-8.0,1.0,93.0,8.947969e-05,0.45015106,0.0002822743,0.003239312,-0.1713010552918103,-0.2009308774733056,-0.14567446412454144,-0.5752025649711812,0.34121017623014566,-0.1734228900401027,-0.23989703097782053,0.10444005414623084,0.009128300529726428,-9.514313940599568e-06,-4.971818744832586,-1.0516598662865995,-6.023478611119185,Random Forest
SRS2822180,5,103906,2000,0,0.0,1.0,3.627196721014164e-05,-4.44030917350424,0.0,2.5560364138886913e-06,1.6521243406729556e-05,0.0,Very rare (<1e-4),Shallow zero,0.0,-8.0,1.0,68.0,0.00043566464,0.93655586,0.0006993859,0.005128599,-0.15652139047371488,-0.1827542508013172,-0.12755225358405964,-0.4969410789182469,-0.6308968089136187,0.002533820013677748,1.1063623330492436,-0.047682656425788984,-0.09190204073672074,-1.1792635861785595e-05,-4.971818744832586,-0.6253661194264075,-5.597184864258994,Random Forest
SRS2822063,3,163285,2000,0,0.0,1.0,7.304068366079905e-06,-5.135840984540429,0.0,3.0760145844535678e-06,3.0058133409807826e-06,0.0,Very rare (<1e-4),Shallow zero,0.0,-8.0,1.0,80.0,0.0021622526,0.80966765,0.0026104988,0.014257151,-0.1612403408506987,-0.18957465303769372,-0.14089603412591728,-0.5400314675980619,-0.10723367682973807,0.010726886803718456,0.6154314943616759,-0.057528302412474946,0.021692545637102562,-1.9059211810035577e-05,-4.971818744832586,-0.5486726072638977,-5.520491352096483,Random Forest
SRS2822063,5,29321,2000,0,0.0,1.0,0.00035059528157183544,-3.4551815459141375,0.0,1.2354189201988412e-05,5.602111665095431e-06,0.0,Rare (1e-4 to 1e-3),Shallow zero,0.0,-8.0,1.0,71.0,0.00011174009,0.61329305,0.00031581044,0.0026350203,-0.16362052907122934,-0.19076555114139337,-0.12866263467454064,-0.5118688810656332,0.19612392575751114,0.17152267357055387,0.4505490220453673,0.11089765734818548,0.12160509382333642,-1.0472554583463732e-05,-4.971818744832586,0.05577030403757408,-4.916048440795012,Random Forest
SRS2822000,3,227167,2000,0,0.0,1.0,5.747346641633779e-05,-4.240457050557032,0.0,2.4076367211284527e-05,1.960085537569807e-05,0.0,Very rare (<1e-4),Shallow zero,0.0,-8.0,1.0,110.0,9.329051e-05,0.45015106,0.0003371612,0.004548024,-0.15526755445549928,-0.18280189505850297,-0.12261281547142816,-0.48694950420751515,0.9826563044272051,0.07481616503094878,-0.002849740754271342,0.1974640430262754,0.036866982321128554,-9.099941795378858e-06,-4.971818744832586,0.34131288491654577,-4.63050585991604,Random Forest
SRS2822268,3,262354,2000,0,0.0,1.0,0.0005264567612749491,-3.2786290429980736,0.0,1.1254652929593655e-07,1.3487661527072452e-07,0.0,Rare (1e-4 to 1e-3),Shallow zero,0.0,-8.0,1.0,75.0,0.00025522517,0.50453174,0.00059355877,0.0035999343,-0.18476672503722008,-0.22079331149693526,-0.16705986763309644,-0.671220330477962,-0.31870503925923416,-0.041430151539902774,-0.3775770763369562,-0.0010240744136261893,0.028929638642866334,-1.158109708131052e-05,-4.971818744832586,-1.953658518649148,-6.925477263481733,Random Forest
SRS2822185,3,10583,2000,0,0.0,1.0,0.00010557750897408828,-3.976387455897762,0.0,1.20702615774444e-05,1.7699436677252654e-05,0.0,Rare (1e-4 to 1e-3),Shallow zero,0.0,-8.0,1.0,118.0,0.00013444255,0.8036254,0.00018458762,0.0013976498,-0.14436101391025796,-0.16886449521192448,-0.11148241344758333,-0.4481796597220329,0.30300634024222506,-0.06056630939608534,0.6197707436474481,0.03184530946682114,0.014935249322187118,-9.260561584932473e-06,-4.971818744832586,0.03609449042921247,-4.9357242544033735,Random Forest
SRS2821968,5,125146,2000,0,0.0,1.0,2.8339048374755574e-05,-4.547461514990793,0.0,3.366345044258771e-05,2.744168572177027e-05,0.0,Very rare (<1e-4),Shallow zero,0.0,-8.0,1.0,57.0,0.00032259768,0.918429,0.0008169753,0.012352424,-0.14640037963432997,-0.1723370526236688,-0.10871662209750337,-0.4262094428090017,-0.25888695475754026,0.07366996138041186,1.4371128949491923,0.03367948519878663,0.050483096821188234,-9.298417678962468e-06,-4.971818744832586,0.48238568800985604,-4.48943305682273,Random Forest
SRS2821991,5,93005,2000,0,0.0,1.0,4.803581550403981e-05,-4.318344430735098,0.0,3.58035764316649e-05,2.9257296758405682e-05,0.0,Very rare (<1e-4),Shallow zero,0.0,-8.0,1.0,99.0,0.00021597052,0.7975831,0.00032779353,0.0021826657,-0.14285051450139374,-0.1680117142835273,-0.1132399280823902,-0.44713730711445626,0.3009905098284219,0.0873892681154502,0.8468128138924083,0.12420385368857761,0.028665037285209704,-9.068000690009885e-06,-4.971818744832586,0.5168129508276104,-4.455005794004975,Random Forest
SRS2821905,4,189462,2000,0,0.0,1.0,1.475524733483345e-05,-4.83075927370712,0.0,6.356032333900316e-06,8.795306983170778e-06,0.0,Very rare (<1e-4),Shallow zero,0.0,-8.0,1.0,86.0,0.00014426623,0.87009066,0.00016667676,0.0009350449,-0.15171598864790134,-0.17745262322279357,-0.12154844680552637,-0.46894837125826666,-0.24863410592285767,-0.00968586272723837,0.8616452452107978,0.04107175008098243,0.04538454172352488,-9.873700756911437e-06,-4.971818744832586,-0.22989373527003593,-5.201712480102621,Random Forest
SRS2821881,1,81893,2000,0,0.0,1.0,8.474289007152299e-05,-4.071845483440935,0.0,2.5583138881290208e-08,2.1322468698071193e-08,0.0,Very rare (<1e-4),Shallow zero,0.0,-8.0,1.0,52.0,0.00014596655,0.12084592,0.0012360108,0.014561993,-0.20400919044604043,-0.24236052127227944,-0.18642742397082523,-0.7221463438149234,-0.22576559747143002,0.04711633003097317,-1.0188049082089592,0.046441988843323914,0.022341353441334557,-9.652325846239082e-06,-4.971818744832586,-2.4836239651946723,-7.455442710027258,Random Forest
SRS2822133,5,249900,2000,0,0.0,1.0,0.00011088728307675249,-3.955079093699605,0.0,0.00015734139804949115,0.00014293015865587217,0.0,Rare (1e-4 to 1e-3),Shallow zero,0.0,-8.0,1.0,106.0,0.0007808646,0.94864047,0.0021385648,0.02629283,-0.12934865080767752,-0.15280930416494046,-0.09550097037339496,-0.37389542442833074,0.4133332837280797,0.12827871698848717,1.3981107123453478,-0.024404750688832355,-0.010086262064030273,-1.3526535048779815e-05,-4.971818744832586,1.1536638239996597,-3.818154920832926,Random Forest
SRS2821970,3,134697,2000,0,0.0,1.0,0.00026002292053892156,-3.584971666247131,0.0,0.0001775618733380213,8.337746783779742e-05,0.0,Rare (1e-4 to 1e-3),Shallow zero,0.0,-8.0,1.0,116.0,0.00010914269,0.6404834,0.00016582136,0.0012700183,-0.1360407853555297,-0.15812811716721925,-0.10128341550073638,-0.40293520890803125,1.0796732111904548,0.0015453320810467346,0.4617127955309068,0.14750965175293063,0.3223807042972155,-9.25636182756183e-06,-4.971818744832586,1.2144249115592105,-3.757393833273375,Random Forest
SRS2821901,3,10583,2000,0,0.0,1.0,0.00010248631807653678,-3.989291735269332,0.0,6.03046806998757e-06,4.785650124074664e-06,0.0,Rare (1e-4 to 1e-3),Shallow zero,0.0,-8.0,1.0,90.0,0.00013444255,0.8036254,0.00018458762,0.0013976498,-0.1505285779692664,-0.17550932728020205,-0.12249640547957759,-0.47274022916963715,0.0026753340624648854,-0.07879173043257584,0.6357281900632932,0.07694926566176577,0.030769711707501233,-9.439378050084504e-06,-4.971818744832586,-0.2539532082142841,-5.22577195304687,Random Forest
SRS2821835,3,73614,2000,0,0.0,1.0,0.0002506014434643144,-3.6009991020572034,0.0,5.246993962988041e-05,1.880616348689877e-06,0.0,Rare (1e-4 to 1e-3),Shallow zero,0.0,-8.0,1.0,58.0,0.00055294466,0.71903324,0.0012651429,0.012759201,-0.15738629918898558,-0.18562075507386827,-0.1299050150784262,-0.5092511848679552,0.13439465560438849,0.2209554054565678,0.6954323641705875,0.15784807754746555,0.4577424892351186,-1.3055006773306233e-05,-4.971818744832586,0.6841966827981195,-4.287622062034466,Random Forest
SRS2822185,4,127344,2000,0,0.0,1.0,0.00012066001025610089,-3.9184006503550903,0.0,2.8693936443322305e-05,1.0182009772959321e-05,0.0,Rare (1e-4 to 1e-3),Shallow zero,0.0,-8.0,1.0,110.0,0.0013332141,0.82175225,0.0021088552,0.011435063,-0.14317672925666686,-0.1672764822690198,-0.1122024549184193,-0.4265119980305602,0.504455866138089,0.07790843259647942,0.7683292212779018,-0.03668905990360574,-0.051780574220829774,-1.2909814770125113e-05,-4.971818744832586,0.4130433115985984,-4.558775433233987,Random Forest
SRS2821925,5,93004,2000,0,0.0,1.0,0.000293172895528476,-3.532861370300632,0.0,0.0003488884729999614,0.0001809748526330066,0.0,Rare (1e-4 to 1e-3),Shallow zero,0.0,-8.0,1.0,45.0,0.00063974573,0.776435,0.0009882454,0.011545293,-0.14800713580914415,-0.17843812106561374,-0.12253530046875631,-0.4732344785078976,0.03540283225086876,0.499319153292433,1.0242215570595092,0.4270493836398886,0.45473754042320097,-1.4325180271381836e-05,-4.971818744832586,1.5185011056342173,-3.453317639198368,Random Forest
SRS2822116,4,13412,2000,0,0.0,1.0,1.0551528388887128e-05,-4.976273229261536,0.0,1.6300275009343212e-07,2.7601790663689644e-07,0.0,Very rare (<1e-4),Shallow zero,0.0,-8.0,1.0,68.0,0.00011926531,0.63141996,0.00020554909,0.0013978895,-0.17821881974307702,-0.20726170900303428,-0.1547766456018846,-0.6033200478883664,-0.5248583389933236,0.040010596897872265,0.018494436466909053,0.02503988048318591,-0.21584731749159095,-1.0017479873589156e-05,-4.971818744832586,-1.8007479823531831,-6.772566727185769,Random Forest
SRS2821919,5,221529,2000,0,0.0,1.0,1.7313019390581722e-05,-4.7613764084859955,0.0,1.7807590451577353e-06,1.1742456215196942e-06,0.0,Very rare (<1e-4),Shallow zero,0.0,-8.0,1.0,91.0,0.00013032937,0.5407855,0.0005200552,0.00779088,-0.9159566164016724,-0.17873211205005646,-0.0017872906755656004,0.02014828473329544,0.14267967641353607,-0.008696564473211765,-0.050464265048503876,0.05843910574913025,-0.0376770980656147,-1.1636002454906702e-05,-4.97199010848999,-0.9720585158211179,-5.944048624311108,XGBoost
SRS2821987,4,9456,2000,0,0.0,1.0,7.739578657337892e-06,-5.110721909334661,0.0,3.5526403578940766e-06,1.8188680697371111e-06,0.0,Very rare (<1e-4),Shallow zero,0.0,-8.0,1.0,82.0,0.00011792643,0.6918429,0.0002351788,0.0014995105,-0.8748183846473694,-0.1734694093465805,-0.002109012333676219,0.016875585541129112,-0.09475947171449661,0.03277686983346939,0.29258993268013,-0.008363607339560986,0.022959308698773384,-1.3407237929641269e-05,-4.97199010848999,-0.7883315958661115,-5.760321704356102,XGBoost
SRS2821972,3,26524,2000,0,0.0,1.0,9.336457934588778e-06,-5.029352944305412,0.0,7.889203039445009e-07,9.63715410062733e-07,0.0,Very rare (<1e-4),Shallow zero,0.0,-8.0,1.0,108.0,0.00033352117,0.48640484,0.0013181985,0.017430235,-0.9047431945800781,-0.17476080358028412,-0.0019102862570434809,0.02239563874900341,0.5268607139587402,-0.039662811905145645,-0.31277185678482056,-0.20810239017009735,0.03592048957943916,-1.1777274266933091e-05,-4.97199010848999,-1.0567862782645534,-6.028776386754544,XGBoost
SRS2821824,4,192431,2000,0,0.0,1.0,8.572800219463686e-06,-5.066370996364076,0.0,1.9203959047480464e-06,1.9217771156626263e-06,0.0,Very rare (<1e-4),Shallow zero,0.0,-8.0,1.0,105.0,0.00016615065,0.6978852,0.00025861867,0.0016578492,-0.8098620176315308,-0.15721340477466583,-0.002179487841203809,0.015466257929801941,0.2167690247297287,-0.22918473184108734,0.2782305181026459,0.029646527022123337,-0.09774699807167053,-1.0603553164401092e-05,-4.97199010848999,-0.7560849159290228,-5.728075024419013,XGBoost
SRS2821969,2,211915,2000,0,0.0,1.0,0.0002969473809241003,-3.5273058757926803,0.0,6.439292552802859e-07,8.400163846498421e-07,0.0,Rare (1e-4 to 1e-3),Shallow zero,0.0,-8.0,1.0,79.0,0.00017470912,0.63141996,0.00026357675,0.0017431062,-0.8939054012298584,-0.17838464677333832,-0.003474055789411068,0.01775304786860943,-0.19436025619506836,0.009149507619440556,0.10175734758377075,-0.04425467178225517,-0.014953388832509518,-1.299721589020919e-05,-4.97199010848999,-1.2006855147465103,-6.1726756232365005,XGBoost
SRS2822068,4,185862,2000,0,0.0,1.0,0.000177582616276254,-3.7505750947350087,0.0,1.1987617766893568e-05,5.848354390547695e-06,0.0,Rare (1e-4 to 1e-3),Shallow zero,0.0,-8.0,1.0,91.0,0.0005944871,0.8187311,0.0012293091,0.010404818,-0.8246973156929016,-0.16120579838752747,-0.002290550619363785,0.027972767129540443,-0.0026238164864480495,0.07394948601722717,0.6886927485466003,-0.061950068920850754,-0.004250131547451019,-1.9092742149950936e-05,-4.97199010848999,-0.2664217727033247,-5.238411881193315,XGBoost
SRS2821970,2,11043,2000,0,0.0,1.0,0.0003563277059237073,-3.448138220286694,0.0,4.454173140105902e-05,2.6018415129710698e-05,0.0,Rare (1e-4 to 1e-3),Shallow zero,0.0,-8.0,1.0,109.0,0.00011438911,0.72507554,0.00027012246,0.003013561,-0.7258158326148987,-0.13703396916389465,-0.0005299416952766478,0.01916361413896084,0.6612526774406433,-0.04282054677605629,0.4117724895477295,0.20595747232437134,-0.011475950479507446,-1.070918733603321e-05,-4.97199010848999,0.3804593035347352,-4.591530804955255,XGBoost
SRS2822111,3,9456,2000,0,0.0,1.0,1.335541428495112e-05,-4.874017574963585,0.0,3.2601501089632604e-07,4.0688952364917905e-07,0.0,Very rare (<1e-4),Shallow zero,0.0,-8.0,1.0,66.0,0.00011792643,0.6918429,0.0002351788,0.0014995105,-0.9311488270759583,-0.1789432018995285,-0.002953111659735441,0.013567970134317875,-0.4895964562892914,0.04927385598421097,0.206506609916687,-0.06598063558340073,-0.015297641046345234,-1.0636495062499307e-05,-4.97199010848999,-1.4145820740141062,-6.386572182504096,XGBoost
SRS2822025,5,182860,2000,0,0.0,1.0,0.00016960240350834686,-3.770542391594264,0.0,3.3939570225263975e-05,3.256851331448384e-05,0.0,Rare (1e-4 to 1e-3),Shallow zero,0.0,-8.0,1.0,68.0,0.0008390357,0.9667674,0.0023867982,0.034942154,-0.7311791777610779,-0.1454092562198639,-0.002734679263085127,0.020399169996380806,-0.26915550231933594,0.14134234189987183,1.4581844806671143,0.0014743802603334188,-0.011025454849004745,-3.251795715186745e-05,-4.97199010848999,0.46186378445418086,-4.510126324035809,XGBoost
SRS2822183,5,7129,2000,0,0.0,1.0,6.893778365025564e-05,-4.161479689806253,0.0,7.743277785134425e-07,1.8094862765053619e-06,0.0,Very rare (<1e-4),Shallow zero,0.0,-8.0,1.0,105.0,0.00014564939,0.47734138,0.0005902907,0.006327274,-0.8956055045127869,-0.16304829716682434,-0.0022872923873364925,0.017945026978850365,0.4896405041217804,-0.019328191876411438,-0.2160802185535431,0.01886225864291191,-0.014968862757086754,-1.0475040653545875e-05,-4.97199010848999,-0.7848810525510999,-5.75687116104109,XGBoost
SRS2821972,2,232457,2000,0,0.0,1.0,0.00022407499043013065,-3.649587232227444,0.0,5.381681841833908e-06,3.443809164848631e-06,0.0,Rare (1e-4 to 1e-3),Shallow zero,0.0,-8.0,1.0,94.0,8.3914376e-05,0.43806645,0.00015031584,0.0009858626,-0.8756150603294373,-0.1609324812889099,-0.0016066305106505752,0.015729587525129318,0.45703330636024475,-0.0885746106505394,-0.1851438581943512,0.2833351194858551,0.051210056990385056,-1.1186594747414347e-05,-4.97199010848999,-0.5045757572070215,-5.476565865697012,XGBoost
SRS2822077,3,192431,2000,0,0.0,1.0,0.0005346564297782245,-3.2719170831892845,0.0,2.6962238656400107e-05,1.2562897600409946e-05,0.0,Rare (1e-4 to 1e-3),Shallow zero,0.0,-8.0,1.0,61.0,0.00016615065,0.6978852,0.00025861867,0.0016578492,-0.834540069103241,-0.15928113460540771,0.003260235767811537,0.015990467742085457,0.031189030036330223,0.22402547299861908,0.7131491899490356,-0.021653305739164352,0.08038656413555145,-9.86903796729166e-06,-4.97199010848999,0.05251658214365307,-4.919473526346337,XGBoost
SRS2821816,1,78621,2000,0,0.0,1.0,4.6938807441365604e-05,-4.328375434882687,0.0,1.3557158610074812e-06,1.256493423878734e-06,0.0,Very rare (<1e-4),Shallow zero,0.0,-8.0,1.0,89.0,0.00013518828,0.5679758,0.00035417997,0.0035969252,-0.9024975299835205,-0.17096173763275146,-0.0020137240644544363,0.018256312236189842,0.1172592043876648,-0.02953232079744339,-0.011286198161542416,0.05692581087350845,8.401483501074836e-05,-1.1610644833126571e-05,-4.97199010848999,-0.9237777789521715,-5.895767887442162,XGBoost
SRS2821894,4,117212,2000,0,0.0,1.0,9.460936842990497e-05,-4.024019955128319,0.0,3.977455575187736e-05,4.346680574036315e-05,0.0,Very rare (<1e-4),Shallow zero,0.0,-8.0,1.0,63.0,0.00020029076,0.9305136,0.0001987851,0.0013378164,-0.6870094537734985,-0.1345067173242569,-0.0013474070001393557,0.019562436267733574,-0.0997975543141365,0.1214539185166359,1.3119075298309326,0.09177547693252563,0.011811534874141216,-1.170029463537503e-05,-4.97199010848999,0.6338380637153023,-4.338152044774688,XGBoost
SRS2822122,1,210905,2000,0,0.0,1.0,1.2681986506366353e-05,-4.896470398296629,0.0,1.5881984055775023e-06,1.4695796136733731e-06,0.0,Very rare (<1e-4),Shallow zero,0.0,-8.0,1.0,91.0,0.00011278986,0.6163142,0.00036509807,0.0045757582,-0.8826916813850403,-0.17153729498386383,-0.0016635910142213106,0.018997913226485252,0.0917138010263443,-0.08611808717250824,0.10731618851423264,0.02998540736734867,0.014029462821781635,-1.2020866051898338e-05,-4.97199010848999,-0.8799799024654931,-5.851970010955483,XGBoost
SRS2822180,3,207119,2000,0,0.0,1.0,0.00029017573768113313,-3.5373239364833826,0.0,2.8990693661594356e-05,1.529913556965624e-05,0.0,Rare (1e-4 to 1e-3),Shallow zero,0.0,-8.0,1.0,67.0,0.0020778195,0.8912387,0.0024632458,0.01316057,-0.8133317828178406,-0.15619635581970215,-0.003735625883564353,0.04564160853624344,-0.306984543800354,0.136158287525177,1.1184636354446411,0.016855506226420403,0.008008114993572235,-2.5818437279667705e-05,-4.97199010848999,0.04485302596731344,-4.927137082522677,XGBoost
SRS2822133,3,95092,2000,0,0.0,1.0,7.392485538450167e-05,-4.131150772262433,0.0,2.8472748515025855e-06,1.0855750597219311e-06,0.0,Very rare (<1e-4),Shallow zero,0.0,-8.0,1.0,106.0,0.0002155104,0.50453174,0.0010910212,0.017478416,-0.9102954864501953,-0.17529261112213135,-0.0019951288122683764,0.021556418389081955,0.4155750572681427,-0.02265983633697033,-0.30672022700309753,-0.11163181811571121,0.07808127999305725,-1.1054508831875864e-05,-4.97199010848999,-1.013393406698924,-5.985383515188914,XGBoost
SRS2821901,5,189417,2000,0,0.0,1.0,1.0248631807653678e-05,-4.988910557158755,0.0,8.871722148884076e-08,2.598153127186768e-07,0.0,Very rare (<1e-4),Shallow zero,0.0,-8.0,1.0,85.0,0.0001201573,0.4954683,0.00021578823,0.0018350831,-0.9763756394386292,-0.1883201003074646,-0.0035195951350033283,0.014132274314761162,-0.21802392601966858,-0.007793020457029343,-0.2382504940032959,0.04478223994374275,0.0043496196158230305,-1.1526746675372124e-05,-4.97199010848999,-1.5690301682334393,-6.54102027672343,XGBoost
SRS2821901,5,4843,2000,0,0.0,1.0,4.099452723061471e-05,-4.387168191018538,0.0,2.107959020228858e-06,3.426310764044078e-06,0.0,Very rare (<1e-4),Shallow zero,0.0,-8.0,1.0,85.0,0.0002651976,0.7945619,0.00094802177,0.00783778,-0.8381990194320679,-0.1640312671661377,-0.0010998245561495423,0.014120249077677727,-0.16599877178668976,0.0769471600651741,0.6051542162895203,-4.5823831896996126e-05,0.010119770653545856,-1.4103270586929284e-05,-4.97199010848999,-0.46304741395761084,-5.435037522447601,XGBoost
SRS2821908,3,250171,2000,0,0.0,1.0,4.2527080637420184e-05,-4.371232319477142,0.0,3.670249484760457e-05,1.523236847560806e-05,0.0,Very rare (<1e-4),Shallow zero,0.0,-8.0,1.0,86.0,0.0027770875,0.92749244,0.008362512,0.09246352,-0.7833762168884277,-0.15393395721912384,-0.0030809417366981506,0.028705716133117676,-0.18077470362186432,0.129634827375412,1.1706695556640625,-0.04796869307756424,-0.030642617493867874,-0.00016069049888756126,-4.97199010848999,0.12907227863615844,-4.842917829853832,XGBoost
SRS2822218,4,121481,2000,0,0.0,1.0,2.230673998148541e-05,-4.651369246627695,0.0,9.205960912970689e-08,8.856203790940105e-08,0.0,Very rare (<1e-4),Shallow zero,0.0,-8.0,1.0,60.0,0.0008315501,0.3323263,0.0020638965,0.011999596,-1.0988972187042236,-0.21257641911506653,-0.003078455338254571,0.01951676234602928,-0.047690823674201965,0.04403821378946304,-0.6809816956520081,-0.06259170919656754,-0.03500478342175484,-2.143182064173743e-05,-4.97199010848999,-2.0772875607872265,-7.049277669277217,XGBoost
SRS2821871,4,207119,2000,0,0.0,1.0,0.0008625375144740885,-3.0642169719584134,0.0,4.144135855344432e-05,9.84415632000232e-05,0.0,Rare (1e-4 to 1e-3),Shallow zero,0.0,-8.0,1.0,96.0,0.0020778195,0.8912387,0.0024632458,0.01316057,-0.7140628099441528,-0.1355796903371811,-0.002540365792810917,0.05798019468784332,0.4043939709663391,0.23496569693088531,1.0589218139648438,-0.040512554347515106,0.11130928248167038,-2.0385759853525087e-05,-4.97199010848999,0.9748551528500684,-3.997134955639922,XGBoost
SRS2821890,2,242803,2000,0,0.0,1.0,5.515111405250386e-05,-4.258366971249466,0.0,5.141315361536198e-06,7.513323969431773e-06,0.0,Very rare (<1e-4),Shallow zero,0.0,-8.0,1.0,105.0,0.00056018727,0.673716,0.0013985957,0.011823229,-0.8263983726501465,-0.16056446731090546,-0.0025620236992836,0.02381608448922634,0.5142014026641846,0.06461790949106216,0.40299421548843384,-0.135033518075943,-0.05833902582526207,-1.626429002499208e-05,-4.97199010848999,-0.17728405971865868,-5.149274168208649,XGBoost
SRS2822236,4,230879,2000,0,0.0,1.0,1.267073819720737e-05,-4.896855463674951,0.0,1.1918409918050048e-06,1.8863617496367705e-06,0.0,Very rare (<1e-4),Shallow zero,0.0,-8.0,1.0,61.0,0.0015856185,0.8126888,0.0057585547,0.060026452,-0.8530977368354797,-0.16989025473594666,-0.002234055893495679,0.03271563723683357,-0.3896125555038452,0.0030166497454047203,0.6290975213050842,-0.0010251692729070783,0.013432391919195652,-2.282357309013605e-05,-4.97199010848999,-0.7376203956082463,-5.709610504098237,XGBoost
SRS2822279,1,242803,2000,0,0.0,1.0,9.323487730290148e-06,-5.0299560391068985,0.0,1.1543551362902747e-05,1.1294752384472003e-05,0.0,Very rare (<1e-4),Shallow zero,0.0,-8.0,1.0,107.0,0.00056018727,0.673716,0.0013985957,0.011823229,-0.8083092570304871,-0.15441280603408813,-0.0025096528697758913,0.023771140724420547,0.6265261769294739,0.07134965062141418,0.43589213490486145,-0.13360655307769775,-0.05714523419737816,-1.630176484468393e-05,-4.97199010848999,0.0015392982058983762,-4.970450810284092,XGBoost
SRS2822236,5,57440,2000,0,0.0,1.0,0.00016471959656369582,-3.7832283651924947,0.0,8.051174139138215e-05,6.660933520448805e-05,0.0,Rare (1e-4 to 1e-3),Shallow zero,0.0,-8.0,1.0,67.0,0.0019832102,0.9848943,0.010929906,0.19425108,-0.7055068612098694,-0.14341263473033905,-0.002407150575891137,0.03133807331323624,-0.3735213875770569,0.19767895340919495,1.742911458015442,0.026094308122992516,0.016615133732557297,-8.291558333439752e-05,-4.97199010848999,0.789706976916932,-4.182283131573058,XGBoost
SRS2821881,2,124698,2000,0,0.0,1.0,0.00015253720212874138,-3.8165957533522312,0.0,6.996562385815864e-05,5.7509156577120547e-05,0.0,Rare (1e-4 to 1e-3),Shallow zero,0.0,-8.0,1.0,56.0,0.001882135,0.9667674,0.0028303303,0.021146027,-0.7180300951004028,-0.13780577480793,-0.0021846964955329895,0.0267467238008976,-0.34436577558517456,0.16882315278053284,1.658084511756897,0.001925842254422605,0.04133257269859314,-2.8845082852058113e-05,-4.97199010848999,0.6944976162194507,-4.2774924922705395,XGBoost
SRS2821894,2,80933,2000,0,0.0,1.0,2.102430409553444e-05,-4.677071851722514,0.0,8.455192907504729e-07,1.0702563439251024e-06,0.0,Very rare (<1e-4),Shallow zero,0.0,-8.0,1.0,67.0,8.703334e-05,0.5347432,0.00016003146,0.0009555507,-0.9269347786903381,-0.17872443795204163,-0.002726692706346512,0.015058326534926891,-0.25602278113365173,0.017570743337273598,-0.003716433420777321,0.013609545305371284,0.3175850510597229,-1.0741810001491103e-05,-4.97199010848999,-1.0043121994758621,-5.976302307965852,XGBoost
SRS2822168,4,250171,2000,0,0.0,1.0,2.4052627148200257e-05,-4.618656958306246,0.0,4.195385610659265e-06,1.8952516844735695e-05,0.0,Very rare (<1e-4),Shallow zero,0.0,-8.0,1.0,70.0,0.0027770875,0.92749244,0.008362512,0.09246352,-0.7737165689468384,-0.15506352484226227,-0.003558689495548606,0.024011986330151558,-0.17691542208194733,0.06624904274940491,1.2153215408325195,-0.015197240747511387,-0.039803799241781235,-0.00016794924158602953,-4.97199010848999,0.14115937531460077,-4.8308307331753895,XGBoost
SRS2821972,1,224005,2000,0,0.0,1.0,0.00018672915869177555,-3.7287646021337615,0.0,2.1034424664222593e-07,6.230679968943105e-07,0.0,Rare (1e-4 to 1e-3),Shallow zero,0.0,-8.0,1.0,104.0,0.0001551267,0.40785497,0.0004021337,0.003324249,-0.9408858418464661,-0.17984558641910553,-0.0023942780680954456,0.01590709201991558,0.4103955626487732,-0.03423164412379265,-0.44149160385131836,0.011698892340064049,-0.08376923203468323,-1.032865111483261e-05,-4.97199010848999,-1.2446269679858233,-6.2166170764758135,XGBoost
SRS2822026,3,18617,2000,0,0.0,1.0,3.8309405916887744e-05,-4.416581232605431,0.0,1.7796447366110684e-06,3.3372737862422715e-06,0.0,Very rare (<1e-4),Shallow zero,0.0,-8.0,1.0,67.0,0.00026235575,0.83383685,0.0003444772,0.0024863302,-0.8123891949653625,-0.1626676321029663,-0.0012501722667366266,0.01503797434270382,-0.4380338191986084,0.05795171111822128,0.805149495601654,0.013903862796723843,0.038928497582674026,-1.2032873200951144e-05,-4.97199010848999,-0.4833813099648978,-5.455371418454888,XGBoost
SRS2822275,1,249900,2000,0,0.0,1.0,1.144086218337414e-05,-4.941161812242452,0.0,9.901706776248313e-05,4.3758667200050874e-05,0.0,Very rare (<1e-4),Shallow zero,0.0,-8.0,1.0,70.0,0.0007808646,0.94864047,0.0021385648,0.02629283,-0.7208871841430664,-0.143148735165596,-0.0027357907965779305,0.02442566491663456,-0.11484687030315399,0.17826144397258759,1.4071077108383179,0.000806059455499053,-0.005114097148180008,-3.210028444300406e-05,-4.97199010848999,0.6238361013420217,-4.3481540071479685,XGBoost
SRS2821970,4,409,2000,0,0.0,1.0,1.9260957076957154e-05,-4.715096715914369,0.0,1.449554981764427e-05,3.5396790966584133e-06,0.0,Very rare (<1e-4),Shallow zero,0.0,-8.0,1.0,113.0,0.0003689609,0.50151056,0.0015162228,0.014549168,-0.8620602488517761,-0.16290928423404694,-0.0011764121009036899,0.025452351197600365,0.7727572321891785,-0.03461431339383125,-0.20140883326530457,-0.09771287441253662,0.07424988597631454,-1.2282352145120967e-05,-4.97199010848999,-0.48743477924745093,-5.459424887737441,XGBoost
SRS2822125,4,250171,2000,0,0.0,1.0,2.284852569887928e-05,-4.640951783629668,0.0,7.103632939067933e-06,1.5635815237965827e-05,0.0,Very rare (<1e-4),Shallow zero,0.0,-8.0,1.0,71.0,0.0027770875,0.92749244,0.008362512,0.09246352,-0.7768281698226929,-0.1558356136083603,-0.003314511850476265,0.025580737739801407,-0.21505899727344513,0.08783481270074844,1.2132681608200073,-0.016222823411226273,-0.02187862992286682,-0.00016818816948216408,-4.97199010848999,0.13737677720200736,-4.834613331287983,XGBoost
SRS2822269,5,10583,2000,0,0.0,1.0,0.00023225606661448074,-3.634014234704943,0.0,4.3320826897561225e-05,2.505863522796189e-05,0.0,Rare (1e-4 to 1e-3),Shallow zero,0.0,-8.0,1.0,70.0,0.00013444255,0.8036254,0.00018458762,0.0013976498,-0.7527833580970764,-0.14817000925540924,-0.0019047559471800923,0.01506930310279131,0.06258980184793472,0.1428232192993164,0.8514499664306641,0.13605844974517822,0.05080706998705864,-1.3017498531553429e-05,-4.97199010848999,0.35592666961474606,-4.616063438875244,XGBoost
SRS2821987,3,207119,2000,0,0.0,1.0,0.0006036871352723557,-3.2191808850018524,0.0,5.226289441889811e-05,3.2245028892370166e-05,0.0,Rare (1e-4 to 1e-3),Shallow zero,0.0,-8.0,1.0,82.0,0.0020778195,0.8912387,0.0024632458,0.01316057,-0.7712793350219727,-0.15119948983192444,-0.0033581056632101536,0.05098528042435646,-0.009025393053889275,0.17944732308387756,1.084747314453125,0.01615341752767563,0.06246497854590416,-2.6976911613019183e-05,-4.97199010848999,0.45890901355232927,-4.513081094937661,XGBoost
SRS2822023,4,76191,2000,0,0.0,1.0,7.253577827263298e-06,-5.13884940576149,0.0,1.036114434668527e-06,1.3175245352316093e-06,0.0,Very rare (<1e-4),Shallow zero,0.0,-8.0,1.0,76.0,0.0002196381,0.6797583,0.000464206,0.003358246,-0.8862502574920654,-0.1778729110956192,-0.0018648263067007065,0.01483429316431284,-0.12260091304779053,0.054084762930870056,0.16230173408985138,0.036080796271562576,0.0123971626162529,-1.3422293704934418e-05,-4.97199010848999,-0.908903581163031,-5.880893689653021,XGBoost
SRS2822000,1,191749,2000,0,0.0,1.0,5.747346641633779e-05,-4.240457050557032,0.0,9.220805639590672e-07,6.523937651319724e-06,0.0,Very rare (<1e-4),Shallow zero,0.0,-8.0,1.0,111.0,0.000106297426,0.8187311,0.00020665507,0.0019332344,-0.7402077317237854,-0.13922682404518127,-0.002257946413010359,0.015713151544332504,0.22767578065395355,-0.17819911241531372,0.5322675108909607,0.0968318060040474,-0.03345136716961861,-1.0639048923621885e-05,-4.97199010848999,-0.22086537172253884,-5.192855480212529,XGBoost
SRS2822243,4,150643,2000,0,0.0,1.0,0.00022229061933586402,-3.6530593273425143,0.0,2.7535748853822193e-07,1.5108521632693756e-07,0.0,Rare (1e-4 to 1e-3),Shallow zero,0.0,-8.0,1.0,78.0,0.00023797093,0.36555892,0.000909429,0.007656417,-1.0422371625900269,-0.20084232091903687,-0.0012919593136757612,0.017598750069737434,0.07506967335939407,-0.047401200979948044,-0.634760856628418,0.01410237979143858,0.00344867748208344,-1.462244563299464e-05,-4.97199010848999,-1.816328642174085,-6.788318750664075,XGBoost
SRS2822129,5,189417,2000,0,0.0,1.0,0.00017614247969468638,-3.754111238885582,0.0,3.57868481829101e-05,1.5410097782535995e-05,0.0,Rare (1e-4 to 1e-3),Shallow zero,0.0,-8.0,1.0,102.0,0.0001201573,0.4954683,0.00021578823,0.0018350831,-0.832893967628479,-0.15072351694107056,-0.0019453450804576278,0.020600691437721252,0.6520189642906189,0.1366434246301651,-0.034584447741508484,0.31937268376350403,0.03748335689306259,-1.0656422091415152e-05,-4.97199010848999,0.14596118720146478,-4.8260289212885255,XGBoost
SRS2821816,2,86908,2000,0,0.0,1.0,2.3469403720682802e-05,-4.629312936560086,0.0,7.684569552365051e-06,9.020783135053564e-06,0.0,Very rare (<1e-4),Shallow zero,0.0,-8.0,1.0,86.0,0.00024435003,0.8549849,0.0004383499,0.0030002962,-0.7841890454292297,-0.15532681345939636,-0.0011824836255982518,0.015281242318451405,-0.09808569401502609,0.05761837214231491,0.8051638603210449,0.05446861684322357,0.03777153417468071,-1.2315084859437775e-05,-4.97199010848999,-0.06849272581439436,-5.040482834304385,XGBoost
SRS2822122,4,11043,2000,0,0.0,1.0,3.804595951909906e-05,-4.4195773235558145,0.0,7.742990514028693e-06,4.286427252788072e-06,0.0,Very rare (<1e-4),Shallow zero,0.0,-8.0,1.0,90.0,0.00011438911,0.72507554,0.00027012246,0.003013561,-0.8145407438278198,-0.15940092504024506,-0.0008032399928197265,0.018006136640906334,0.1130627691745758,-0.045953381806612015,0.3387075662612915,0.10805577784776688,0.02723587304353714,-1.203767806146061e-05,-4.97199010848999,-0.4156422053774804,-5.387632313867471,XGBoost
SRS2821991,5,112467,2000,0,0.0,1.0,3.842865240323185e-05,-4.41523184639629,0.0,2.813892459064548e-05,2.6995910673736373e-05,0.0,Very rare (<1e-4),Shallow zero,0.0,-8.0,1.0,99.0,0.00029495728,0.7613293,0.00051007455,0.004944688,-0.7615019083023071,-0.1462361067533493,-0.0013601152459159493,0.030176738277077675,0.39160093665122986,0.11488451063632965,0.5828896760940552,0.12502169609069824,0.043936073780059814,-1.16894034363213e-05,-4.97199010848999,0.3793998118244417,-4.5925902966655485,XGBoost
SRS2822089,3,11812,2000,0,0.0,1.0,3.769815090569807e-05,-4.423564763567361,0.0,3.3509986233098776e-07,3.808753688343268e-07,0.0,Very rare (<1e-4),Shallow zero,0.0,-8.0,1.0,115.0,0.00015262818,0.6344411,0.00022379225,0.0014181123,-0.8387397527694702,-0.16257256269454956,-0.0036727299448102713,0.01726570725440979,0.0593353696167469,-0.3266112506389618,-0.01779867894947529,0.014952993020415306,-0.1957153081893921,-1.0445564839756116e-05,-4.97199010848999,-1.453566658859927,-6.425556767349917,XGBoost
SRS2822230,3,262354,2000,0,0.0,1.0,3.7644224434866085e-05,-4.424186293146339,0.0,1.5980392378956e-08,8.667183321809333e-08,0.0,Very rare (<1e-4),Shallow zero,0.0,-8.0,1.0,96.0,0.00025522517,0.50453174,0.00059355877,0.0035999343,-0.9534594416618347,-0.18621207773685455,-0.0040892502292990685,0.018732517957687378,0.0030449265614151955,-0.2226509153842926,-0.42679399251937866,-0.15330438315868378,-0.13875369727611542,-1.1921964869543444e-05,-4.97199010848999,-2.0634982354122258,-7.035488343902216,XGBoost
SRS2821870,1,4843,2000,0,0.0,1.0,0.00012108654997511,-3.9168682296737565,0.0,6.107105651293587e-06,4.799817861826865e-06,0.0,Rare (1e-4 to 1e-3),Shallow zero,0.0,-8.0,1.0,91.0,0.0002651976,0.7945619,0.00094802177,0.00783778,-0.8122459650039673,-0.15870888531208038,-0.0011622080346569419,0.018339477479457855,0.014673654921352863,0.08395766466856003,0.5594708323478699,-0.04915956035256386,-0.009144594892859459,-1.4062867194297723e-05,-4.97199010848999,-0.3539936470460816,-5.325983755536072,XGBoost
SRS2822000,2,9456,2000,0,0.0,1.0,7.663128855511705e-05,-4.115537202159254,0.0,6.959302600044778e-06,1.1329004006862317e-05,0.0,Very rare (<1e-4),Shallow zero,0.0,-8.0,1.0,103.0,0.00011792643,0.6918429,0.0002351788,0.0014995105,-0.7809176445007324,-0.14784550666809082,-0.0009389586630277336,0.020273083820939064,0.4567820727825165,-0.05187903717160225,0.30938613414764404,0.22307761013507843,-0.014513162896037102,-1.0920792192337103e-05,-4.97199010848999,0.013413670194495353,-4.958576438295495,XGBoost
SRS2821824,1,189417,2000,0,0.0,1.0,0.0002314656059255195,-3.635494770391835,0.0,4.76437066783981e-05,4.480637865440566e-05,0.0,Rare (1e-4 to 1e-3),Shallow zero,0.0,-8.0,1.0,114.0,0.0001201573,0.4954683,0.00021578823,0.0018350831,-0.7586970925331116,-0.14050231873989105,0.0012735507916659117,0.02205147035419941,1.0471999645233154,0.11806534975767136,0.0038087263237684965,0.3277755081653595,-0.004094169475138187,-1.0347132956667338e-05,-4.97199010848999,0.6168706420348826,-4.355119466455108,XGBoost
SRS2822149,5,67192,2000,0,0.0,1.0,1.0888146075367749e-05,-4.962647375244445,0.0,8.359487116926996e-06,8.978455726462526e-06,0.0,Very rare (<1e-4),Shallow zero,0.0,-8.0,1.0,94.0,0.00011505669,0.7643505,0.00027008518,0.003118016,-0.7689197063446045,-0.14813701808452606,-0.0008144025923684239,0.019385112449526787,0.24835003912448883,-0.06412357836961746,0.49685725569725037,0.16869699954986572,-0.002223030664026737,-1.2043150491081178e-05,-4.97199010848999,-0.05094037238450255,-5.022930480874493,XGBoost
SRS2822253,2,146804,2000,0,0.0,1.0,9.270847819033051e-06,-5.032412348532296,0.0,1.819054277697056e-06,1.6250459660901313e-06,0.0,Very rare (<1e-4),Shallow zero,0.0,-8.0,1.0,108.0,0.00011880644,0.6978852,0.00040704882,0.0048127845,-0.8004171252250671,-0.15529358386993408,-0.0020416018087416887,0.018929479643702507,0.23125703632831573,-0.29216426610946655,0.32368144392967224,-0.13644160330295563,-0.009059187024831772,-1.0822172043845057e-05,-4.97199010848999,-0.8215602296113502,-5.7935503381013405,XGBoost
SRS2822060,3,250391,2000,0,0.0,1.0,4.032705239492282e-05,-4.3942958407635855,0.0,9.117078803699518e-08,4.9232378932917147e-08,0.0,Very rare (<1e-4),Shallow zero,0.0,-8.0,1.0,83.0,0.00019800504,0.20845921,0.00077785284,0.0046076537,-1.1076072454452515,-0.2150621861219406,-0.003592765424400568,0.017793964594602585,0.03954576700925827,-0.06193040311336517,-1.011696457862854,-0.049791328608989716,0.020452013239264488,-1.3160803973732982e-05,-4.97199010848999,-2.37190180253765,-7.34389191102764,XGBoost
SRS2821970,3,264947,2000,0,0.0,1.0,0.0003466972273852288,-3.4600371050387064,0.0,5.891979142769395e-05,7.473040025075303e-05,0.0,Rare (1e-4 to 1e-3),Shallow zero,0.0,-8.0,1.0,116.0,0.0022047001,0.8429003,0.007056937,0.059745472,-0.7108485102653503,-0.14148367941379547,-0.0009963174816220999,0.04118134453892708,0.7097744345664978,0.1798330843448639,0.7427223920822144,0.000418485957197845,0.02975776419043541,-1.8893224478233606e-05,-4.97199010848999,0.8503401052948902,-4.1216500031951,XGBoost
SRS2821905,2,62872,2000,0,0.0,1.0,2.2132871002250174e-05,-4.654766070015628,0.0,4.888479849346083e-05,1.1935508307823125e-05,0.0,Very rare (<1e-4),Shallow zero,0.0,-8.0,1.0,79.0,0.0038796188,0.83987916,0.004543477,0.020847745,-0.8314417004585266,-0.16081602871418,-0.0017065956490114331,0.04919750615954399,-0.006981551647186279,0.13298653066158295,0.8168678879737854,0.0011194886174052954,0.03565692901611328,-3.0288940251921304e-05,-4.97199010848999,0.03485217701927468,-4.937137931470716,XGBoost
SRS2822089,5,80933,2000,0,0.0,1.0,1.8849075452849035e-05,-4.724479601925729,0.0,9.35357160076146e-07,6.049165050756872e-07,0.0,Very rare (<1e-4),Shallow zero,0.0,-8.0,1.0,113.0,8.703334e-05,0.5347432,0.00016003146,0.0009555507,-0.8513720035552979,-0.16674919426441193,-0.0008987730834633112,0.014877047389745712,0.3611186444759369,-0.3847564160823822,-0.28099513053894043,0.10495254397392273,-0.04498813673853874,-1.0056788596557453e-05,-4.97199010848999,-1.2488214752120257,-6.220811583702016,XGBoost
SRS2821844,4,210905,2000,0,0.0,1.0,2.1806445985433298e-05,-4.661215996856264,0.0,8.530548049888344e-07,1.5116647221817716e-06,0.0,Very rare (<1e-4),Shallow zero,0.0,-8.0,1.0,96.0,0.00011278986,0.6163142,0.00036509807,0.0045757582,-0.8659486174583435,-0.1662474274635315,-0.0016897899331524968,0.021157601848244667,0.19489558041095734,-0.16486497223377228,0.10016779601573944,0.020361147820949554,0.0006348871975205839,-1.19510796139366e-05,-4.97199010848999,-0.8615457448750021,-5.833535853364992,XGBoost
SRS2822298,1,210905,2000,0,0.0,1.0,0.00016506825572374176,-3.7823101286821674,0.0,1.5158315786759642e-06,1.736962555528975e-06,0.0,Rare (1e-4 to 1e-3),Shallow zero,0.0,-8.0,1.0,77.0,0.00011278986,0.6163142,0.00036509807,0.0045757582,-0.8858739733695984,-0.17069679498672485,-0.002050831913948059,0.018275538459420204,0.08164576441049576,-0.016010453924536705,0.11092468351125717,0.04421217739582062,0.06430704146623611,-1.3315739124664105e-05,-4.97199010848999,-0.7552801646907028,-5.727270273180693,XGBoost
SRS2821875,3,199426,2000,0,0.0,1.0,3.079149538897357e-05,-4.511428198323764,0.0,7.2822035741229316e-06,3.294685007787484e-06,0.0,Very rare (<1e-4),Shallow zero,0.0,-8.0,1.0,97.0,0.00017351868,0.5649547,0.000973457,0.013886641,-0.8807979822158813,-0.16810977458953857,-0.0019175924826413393,0.02466941624879837,0.35769036412239075,0.05128007382154465,0.023649543523788452,-0.03467686474323273,0.08641507476568222,-1.0693746844481211e-05,-4.97199010848999,-0.541808435295934,-5.513798543785924,XGBoost
SRS2821844,1,69371,2000,0,0.0,1.0,0.0001526451218980331,-3.816288619634331,0.0,7.690502837634845e-06,1.1469479692274102e-05,0.0,Rare (1e-4 to 1e-3),Shallow zero,0.0,-8.0,1.0,94.0,0.0002562871,0.755287,0.00035658153,0.0022500139,-0.7789217829704285,-0.14819693565368652,-0.0015848837792873383,0.020938294008374214,0.23816290497779846,0.054757747799158096,0.5463782548904419,0.08682367950677872,0.00029154837829992175,-1.2308052646403667e-05,-4.97199010848999,0.018636519104802574,-4.953353589385188,XGBoost
SRS2822120,3,80933,2000,0,0.0,1.0,1.1008487543896345e-05,-4.957878014959672,0.0,3.7237305534305345e-08,7.763608319632821e-08,0.0,Very rare (<1e-4),Shallow zero,0.0,-8.0,1.0,103.0,8.703334e-05,0.5347432,0.00016003146,0.0009555507,-0.9365577101707458,-0.18230147659778595,-0.0026672997046262026,0.013489617966115475,-0.14212021231651306,-0.46914950013160706,-0.3632214367389679,0.07437333464622498,-0.07635458558797836,-1.0255890629196074e-05,-4.97199010848999,-2.084519524526513,-7.056509633016503,XGBoost
SRS2821824,3,146247,2000,0,0.0,1.0,7.715520197517317e-05,-4.112578502736796,0.0,9.502177197046585e-08,1.7604167268062958e-07,0.0,Very rare (<1e-4),Shallow zero,0.0,-8.0,1.0,109.0,0.000114673334,0.2326284,0.0012743383,0.017979877,-1.010201334953308,-0.19136755168437958,-0.0008463382837362587,0.017845269292593002,0.48602959513664246,-0.09610103815793991,-0.9427989721298218,-0.07678943872451782,0.06085396185517311,-1.08842659756192e-05,-4.97199010848999,-1.7533867319152705,-6.725376840405261,XGBoost
SRS2822149,4,241327,2000,0,0.0,1.0,0.00014154589897978073,-3.8490720278108057,0.0,6.62454233381395e-05,4.7834196718872836e-05,0.0,Rare (1e-4 to 1e-3),Shallow zero,0.0,-8.0,1.0,96.0,0.00018687687,0.5558912,0.00027481955,0.001330833,-0.7776588201522827,-0.1455165445804596,-0.002020900836214423,0.024870600551366806,0.6986158490180969,0.2473122775554657,0.13382862508296967,0.3898378610610962,0.10747146606445312,-1.1598130186030176e-05,-4.97199010848999,0.6767288156343056,-4.295261292855685,XGBoost
SRS2821987,4,55552,2000,0,0.0,1.0,6.965620791604103e-05,-4.156977828419918,0.0,2.7716143977106224e-06,2.27570159128686e-06,0.0,Very rare (<1e-4),Shallow zero,0.0,-8.0,1.0,82.0,0.00048866007,0.6918429,0.0006489186,0.0034648909,-0.892783522605896,-0.17447887361049652,-0.003372370032593608,0.0370841808617115,-0.08468477427959442,0.0864604189991951,0.2970221936702728,0.08047713339328766,-0.03722500428557396,-1.8043090676655993e-05,-4.97199010848999,-0.6915186609803641,-5.663508769470354,XGBoost
SRS2821969,5,254096,2000,0,0.0,1.0,7.126737142178407e-05,-4.1470483246567005,0.0,7.149949923343109e-06,9.894409298468841e-06,0.0,Very rare (<1e-4),Shallow zero,0.0,-8.0,1.0,77.0,0.00011319857,0.7824773,0.00015489296,0.0012609025,-0.7772300243377686,-0.15084043145179749,-0.0013088973937556148,0.015052537433803082,0.020848024636507034,0.008000869303941727,0.6849634051322937,0.05859507992863655,0.011289854533970356,-1.2868610610894393e-05,-4.97199010848999,-0.1306424508247801,-5.10263255931477,XGBoost
SRS2821931,1,125856,2000,0,0.0,1.0,3.440505066143711e-05,-4.463251586796972,0.0,2.8416763011872398e-06,2.2260394487965425e-06,0.0,Very rare (<1e-4),Shallow zero,0.0,-8.0,1.0,94.0,9.291529e-05,0.48036253,0.00019109515,0.0019680331,-0.8904553651809692,-0.1675472855567932,-0.0021510052029043436,0.017070893198251724,0.33110135793685913,-0.02328243851661682,-0.0848085954785347,0.18756486475467682,-0.04302758723497391,-1.1476939107524231e-05,-4.97199010848999,-0.6755466382201121,-5.647536746710102,XGBoost
SRS2821970,2,254595,2000,0,0.0,1.0,0.0001733486136926144,-3.7610545746234894,0.0,8.860060801894947e-06,1.2090916698312165e-05,0.0,Rare (1e-4 to 1e-3),Shallow zero,0.0,-8.0,1.0,109.0,0.00016204137,0.6767372,0.00091449963,0.011823002,-0.7827448844909668,-0.1523355096578598,-0.001759059028699994,0.029260804876685143,0.6300546526908875,-0.02202521078288555,0.33118459582328796,0.008215069770812988,0.007997141219675541,-1.0404633030702826e-05,-4.97199010848999,0.04783719578790624,-4.924152912702084,XGBoost
SRS2821987,1,34262,2000,0,0.0,1.0,0.0007429995511044376,-3.129005603513593,0.0,3.4629578541979426e-06,1.8908791807996404e-05,0.0,Rare (1e-4 to 1e-3),Shallow zero,0.0,-8.0,1.0,81.0,0.000748398,0.93957704,0.0009992564,0.014535054,-0.7590285539627075,-0.1518673449754715,-0.003484406741335988,0.020327361300587654,-0.26443031430244446,0.11522078514099121,1.2485026121139526,0.015964461490511894,0.006536567583680153,-2.7062467779614963e-05,-4.97199010848999,0.22771410517998447,-4.744276003310006,XGBoost
SRS2821987,2,32169,2000,0,0.0,1.0,0.00012383325851740627,-3.9071276295171984,0.0,7.569330165452739e-07,4.179896906325017e-07,0.0,Rare (1e-4 to 1e-3),Shallow zero,0.0,-8.0,1.0,80.0,0.0033968086,0.6797583,0.0050051105,0.03388699,-0.9826939702033997,-0.18797354400157928,-0.0047249943017959595,0.026079334318637848,-0.05719228461384773,-0.13406001031398773,0.05647529661655426,-0.04651526361703873,-0.06641426682472229,-3.100376852671616e-05,-4.97199010848999,-1.397050706709706,-6.369040815199696,XGBoost
SRS2822153,5,39261,2000,0,0.0,1.0,1.024432720381089e-05,-4.989092828836098,0.0,2.2151263553463647e-06,3.846219194697583e-06,0.0,Very rare (<1e-4),Shallow zero,0.0,-8.0,1.0,108.0,0.00059366494,0.81570995,0.00085873617,0.004203242,-0.7881306409835815,-0.1507861167192459,-0.0013925153762102127,0.026671260595321655,0.20936638116836548,0.017135169357061386,0.5374994874000549,-0.1418261080980301,-0.15006281435489655,-1.584746496519074e-05,-4.97199010848999,-0.44154174447612604,-5.413531852966116,XGBoost
SRS2822136,2,249900,2000,0,0.0,1.0,5.053721054812658e-05,-4.296302805987566,0.0,0.00011465920620227042,6.88556960035707e-05,0.0,Very rare (<1e-4),Shallow zero,0.0,-8.0,1.0,57.0,0.0007808646,0.94864047,0.0021385648,0.02629283,-0.7065364122390747,-0.13869130611419678,-0.0017321088816970587,0.029292309656739235,-0.17271269857883453,0.2348080277442932,1.514837384223938,0.02062099426984787,0.03279000520706177,-2.6475330741959624e-05,-4.97199010848999,0.812649719957335,-4.159340388532655,XGBoost
SRS2822023,1,26279,2000,0,0.0,1.0,2.1760733481789898e-05,-4.66212693881707,0.0,8.84623452279223e-06,4.251638449339605e-06,0.0,Very rare (<1e-4),Shallow zero,0.0,-8.0,1.0,78.0,0.000125958,0.73413897,0.00025362414,0.0020910723,-0.8148126602172852,-0.15954625606536865,-0.001727696624584496,0.018292641267180443,0.0016563029494136572,0.050152428448200226,0.463861346244812,-0.01985304430127144,0.06898211687803268,-1.3284359738463536e-05,-4.97199010848999,-0.3930081057806092,-5.364998214270599,XGBoost
SRS2822220,5,264947,2000,0,0.0,1.0,3.157662067005589e-05,-4.500496835090488,0.0,1.575107765479281e-07,9.333299813288089e-07,0.0,Very rare (<1e-4),Shallow zero,0.0,-8.0,1.0,56.0,0.0022047001,0.8429003,0.007056937,0.059745472,-0.8953049778938293,-0.17679639160633087,-0.003491276642307639,0.02195628359913826,-0.6144819855690002,-0.09819015860557556,0.622810423374176,0.005472911521792412,0.05324641242623329,-2.4002456484595314e-05,-4.97199010848999,-1.0848027618521883,-6.0567928703421785,XGBoost
SRS2821928,2,249070,2000,0,0.0,1.0,1.6034120608655217e-05,-4.794684081951139,0.0,5.402887107582833e-08,4.623174205999863e-08,0.0,Very rare (<1e-4),Shallow zero,0.0,-8.0,1.0,106.0,0.00023544636,0.24169184,0.0010489682,0.011122386,-1.056461215019226,-0.20529313385486603,-0.004423409700393677,0.01315394975244999,0.26965150237083435,-0.05750313401222229,-1.0538713932037354,-0.11255188286304474,-0.06928212195634842,-1.147072089224821e-05,-4.97199010848999,-2.2765923092074445,-7.248582417697435,XGBoost
SRS2821972,1,112467,2000,0,0.0,1.0,2.800937380376633e-05,-4.552541574853518,0.0,3.183034646977433e-05,4.199901371691978e-05,0.0,Very rare (<1e-4),Shallow zero,0.0,-8.0,1.0,104.0,0.00029495728,0.7613293,0.00051007455,0.004944688,-0.7313706278800964,-0.14560917019844055,-0.0010649169562384486,0.03078445978462696,0.550148069858551,0.11378231644630432,0.587014377117157,0.1339053064584732,0.039396096020936966,-1.1015299605787732e-05,-4.97199010848999,0.5769748953516682,-4.395015213138322,XGBoost
SRS2822298,3,45066,2000,0,0.0,1.0,3.3013651144748354e-05,-4.481174912164792,0.0,1.6839703753641418e-05,5.638679405683002e-06,0.0,Very rare (<1e-4),Shallow zero,0.0,-8.0,1.0,77.0,0.00025520584,0.70090634,0.00045217315,0.0025439027,-0.840065598487854,-0.16024725139141083,-0.0016129071591421962,0.017232621088624,0.14849235117435455,0.07736746966838837,0.3764325678348541,0.08132439106702805,0.05791664868593216,-1.369508208881598e-05,-4.97199010848999,-0.2431734026013146,-5.215163511091305,XGBoost
SRS2821972,5,73737,2000,0,0.0,1.0,0.00015871978488800922,-3.799341572307557,0.0,8.034295557016484e-05,5.556108636763294e-05,0.0,Rare (1e-4 to 1e-3),Shallow zero,0.0,-8.0,1.0,111.0,0.0006970792,0.7432024,0.0032176015,0.05353192,-0.7460493445396423,-0.14467675983905792,-0.0016351282829418778,0.04936676844954491,0.7378389835357666,0.1393667459487915,0.6313048005104065,-0.07656239718198776,0.11516088992357254,-1.676946885709185e-05,-4.97199010848999,0.7040977890555951,-4.267892319434395,XGBoost
SRS2821890,4,112003,2000,0,0.0,1.0,4.1363335539377896e-05,-4.38327946465076,0.0,3.120005714845942e-05,2.9831498067650036e-05,0.0,Very rare (<1e-4),Shallow zero,0.0,-8.0,1.0,108.0,0.00033501314,0.70996976,0.0011605102,0.010552234,-0.7567763328552246,-0.14788244664669037,-0.0015653792070224881,0.03207973390817642,0.6920685172080994,0.12107862532138824,0.5388016700744629,-0.08545555174350739,0.03620202839374542,-1.242322105099447e-05,-4.97199010848999,0.4285384412323765,-4.543451667257614,XGBoost
SRS2822025,4,57440,2000,0,0.0,1.0,4.845782957381339e-05,-4.3145464278782555,0.0,6.065431671359841e-05,7.515172204662353e-05,0.0,Very rare (<1e-4),Shallow zero,0.0,-8.0,1.0,72.0,0.0019832102,0.9848943,0.010929906,0.19425108,-0.690852701663971,-0.13786862790584564,-0.004094733390957117,0.02636832185089588,-0.2852230966091156,0.1678420603275299,1.7228714227676392,0.011769432574510574,0.015577498823404312,-8.355869067599997e-05,-4.97199010848999,0.8263060180834145,-4.145684090406576,XGBoost
SRS2822230,4,149687,2000,0,0.0,1.0,3.7644224434866085e-05,-4.424186293146339,0.0,1.0544100761667768e-07,8.30171730065968e-08,0.0,Very rare (<1e-4),Shallow zero,0.0,-8.0,1.0,97.0,0.00020057724,0.29909366,0.0010210794,0.011921377,-1.0458579063415527,-0.20434319972991943,-0.003989755641669035,0.01261092908680439,0.14664196968078613,-0.02343273162841797,-0.8498235940933228,-0.09754938632249832,-0.018532270565629005,-1.1749235454772133e-05,-4.97199010848999,-2.0842876947908735,-7.056277803280864,XGBoost
SRS2822279,1,258129,2000,0,0.0,1.0,2.797046319087044e-05,-4.553145100438399,0.0,1.5427653963640835e-07,1.0413560154293946e-07,0.0,Very rare (<1e-4),Shallow zero,0.0,-8.0,1.0,107.0,8.4494524e-05,0.244713,0.00040434382,0.004741035,-1.034781575202942,-0.19568881392478943,-0.0014597473200410604,0.015198169276118279,0.3452402949333191,-0.20017947256565094,-0.8882381916046143,-0.01264403760433197,-0.01962285488843918,-1.0201743862126023e-05,-4.97199010848999,-1.9921864306452335,-6.964176539135224,XGBoost
SRS2822053,5,86908,2000,0,0.0,1.0,6.50584224633721e-05,-4.186629722292692,0.0,8.597427820246613e-06,1.394851150703613e-05,0.0,Very rare (<1e-4),Shallow zero,0.0,-8.0,1.0,64.0,0.00024435003,0.8549849,0.0004383499,0.0030002962,-0.7752611041069031,-0.15242314338684082,-0.00048651263932697475,0.01651337370276451,-0.10518883168697357,0.11955227702856064,0.8890658617019653,0.05821927264332771,0.03238656371831894,-1.0685247616493143e-05,-4.97199010848999,0.0823670717272762,-4.889623036762714,XGBoost
SRS2821932,4,214696,2000,0,0.0,1.0,0.0002701431758832181,-3.5683899225891587,0.0,9.130003853660906e-06,1.172768898963347e-05,0.0,Rare (1e-4 to 1e-3),Shallow zero,0.0,-8.0,1.0,101.0,0.000295661,0.71601206,0.0006027132,0.0039938614,-0.7841421365737915,-0.14967648684978485,-0.0006786422454752028,0.016456689685583115,0.39598387479782104,0.06345635652542114,0.4373507499694824,0.08386162668466568,-0.023683300241827965,-1.1616160008998122e-05,-4.97199010848999,0.03891711559208488,-4.933072992897905,XGBoost
SRS2822063,4,214696,2000,0,0.0,1.0,9.495288875903876e-05,-4.022446082669431,0.0,2.3589591447720792e-06,2.5127169897997484e-06,0.0,Very rare (<1e-4),Shallow zero,0.0,-8.0,1.0,81.0,0.000295661,0.71601206,0.0006027132,0.0039938614,-0.8703379034996033,-0.17201580107212067,-0.0009829780319705606,0.011165747418999672,-0.1601492017507553,0.045852772891521454,0.3492136299610138,0.03535692021250725,0.021228915080428123,-1.3770360055787023e-05,-4.97199010848999,-0.7406816691500353,-5.7126717776400255,XGBoost
SRS2821946,5,26524,2000,0,0.0,1.0,0.00018638556961501026,-3.7295644144853646,0.0,6.805596008983756e-08,1.402867939081727e-07,0.0,Rare (1e-4 to 1e-3),Shallow zero,0.0,-8.0,1.0,46.0,0.00033352117,0.48640484,0.0013181985,0.017430235,-1.0370622873306274,-0.20015141367912292,-0.0039642876945436,0.02247665263712406,-0.47025591135025024,0.014103819616138935,-0.26248589158058167,0.11926921457052231,-0.053014177829027176,-1.0324801223760005e-05,-4.97199010848999,-1.8710946074415915,-6.843084715931582,XGBoost
SRS2822236,2,234685,2000,0,0.0,1.0,0.0003547806695218064,-3.4500278100028696,0.0,0.000595339145077334,0.0003857208624092148,0.0,Rare (1e-4 to 1e-3),Shallow zero,0.0,-8.0,1.0,56.0,0.0061821607,0.9969789,0.004405163,0.02233354,-0.6432712078094482,-0.11829367280006409,-0.002421098295599222,0.035494208335876465,-0.1882094144821167,0.22558574378490448,2.1308162212371826,0.04648405686020851,0.07760784775018692,-0.00034869415685534477,-4.97199010848999,1.5634439904242754,-3.408546118065715,XGBoost
SRS2821925,5,116634,2000,0,0.0,1.0,0.00015295977158007445,-3.815394381816409,0.0,9.69673956635179e-05,3.5728322260527956e-05,0.0,Rare (1e-4 to 1e-3),Shallow zero,0.0,-8.0,1.0,45.0,0.0017111934,0.8731118,0.005128117,0.04210608,-0.7634428143501282,-0.16596245765686035,-0.0029935543425381184,0.022154761478304863,-0.3370736539363861,0.2820448577404022,1.040281057357788,0.06835103780031204,0.31958383321762085,-1.7804368326324038e-05,-4.97199010848999,0.462925262940189,-4.509064845549801,XGBoost
SRS2821991,3,33751,2000,0,0.0,1.0,0.0001248931203105035,-3.903426712012522,0.0,4.3496147025771005e-06,1.0284970507379016e-05,0.0,Rare (1e-4 to 1e-3),Shallow zero,0.0,-8.0,1.0,80.0,0.0072486117,0.93353474,0.016732449,0.1843302,-0.7902613878250122,-0.15575054287910461,-0.003387449774891138,0.01472277007997036,-0.10863509774208069,0.04429948329925537,1.0799819231033325,-0.036392245441675186,-0.06226004660129547,-3.9002330595394596e-05,-4.97199010848999,-0.01772159611209645,-4.989711704602087,XGBoost
SRS2821860,3,175420,2000,0,0.0,1.0,0.00015581987222770477,-3.8073492854304964,0.0,9.597405823069238e-07,1.1791608396885963e-06,0.0,Rare (1e-4 to 1e-3),Shallow zero,0.0,-8.0,1.0,93.0,8.947969e-05,0.45015106,0.0002822743,0.003239312,-0.9216012954711914,-0.17284518480300903,-0.001473519834689796,0.01806139014661312,0.3526551425457001,-0.1534772664308548,-0.15246370434761047,0.10760807991027832,-0.03786935657262802,-1.1639653166639619e-05,-4.97199010848999,-0.9614173545105587,-5.933407463000549,XGBoost
SRS2822180,5,103906,2000,0,0.0,1.0,3.627196721014164e-05,-4.44030917350424,0.0,2.5560364138886913e-06,1.6521243406729556e-05,0.0,Very rare (<1e-4),Shallow zero,0.0,-8.0,1.0,68.0,0.00043566464,0.93655586,0.0006993859,0.005128599,-0.7501681447029114,-0.14854741096496582,-0.0021113965194672346,0.01623169705271721,-0.3895414471626282,0.09028063714504242,1.2685580253601074,0.006272682920098305,-0.013460179790854454,-1.5473242456209846e-05,-4.97199010848999,0.07749899009468209,-4.894491118395308,XGBoost
SRS2822063,3,163285,2000,0,0.0,1.0,7.304068366079905e-06,-5.135840984540429,0.0,3.0760145844535678e-06,3.0058133409807826e-06,0.0,Very rare (<1e-4),Shallow zero,0.0,-8.0,1.0,80.0,0.0021622526,0.80966765,0.0026104988,0.014257151,-0.882409393787384,-0.16949868202209473,-0.00506374379619956,0.031752075999975204,-0.0896080955862999,0.03194582462310791,0.5296452641487122,-0.0669584646821022,-0.04526284709572792,-2.64233531197533e-05,-4.97199010848999,-0.6654844855511328,-5.637474594041123,XGBoost
SRS2822063,5,29321,2000,0,0.0,1.0,0.00035059528157183544,-3.4551815459141375,0.0,1.2354189201988412e-05,5.602111665095431e-06,0.0,Rare (1e-4 to 1e-3),Shallow zero,0.0,-8.0,1.0,71.0,0.00011174009,0.61329305,0.00031581044,0.0026350203,-0.8943926692008972,-0.1688573658466339,-0.0018355713691562414,0.017166225239634514,0.11125700175762177,0.16620777547359467,0.15757158398628235,0.06337111443281174,0.15040075778961182,-1.2938661711814348e-05,-4.97199010848999,-0.39912408639884234,-5.371114194888833,XGBoost
SRS2822000,3,227167,2000,0,0.0,1.0,5.747346641633779e-05,-4.240457050557032,0.0,2.4076367211284527e-05,1.960085537569807e-05,0.0,Very rare (<1e-4),Shallow zero,0.0,-8.0,1.0,110.0,9.329051e-05,0.45015106,0.0003371612,0.004548024,-0.8134405016899109,-0.14340439438819885,-0.0011349230771884322,0.02305333875119686,0.9815357327461243,-0.00892876647412777,-0.04178272932767868,0.19297704100608826,0.0673336535692215,-1.0615050996420905e-05,-4.97199010848999,0.25619783606452984,-4.71579227242546,XGBoost
SRS2822268,3,262354,2000,0,0.0,1.0,0.0005264567612749491,-3.2786290429980736,0.0,1.1254652929593655e-07,1.3487661527072452e-07,0.0,Rare (1e-4 to 1e-3),Shallow zero,0.0,-8.0,1.0,75.0,0.00025522517,0.50453174,0.00059355877,0.0035999343,-1.0253621339797974,-0.20167289674282074,-0.0034881755709648132,0.016167404130101204,-0.25817570090293884,-0.010779472067952156,-0.35467928647994995,-0.04398081824183464,-0.008839637972414494,-1.3376504284678958e-05,-4.97199010848999,-1.8908240943328565,-6.862814202822847,XGBoost
SRS2822185,3,10583,2000,0,0.0,1.0,0.00010557750897408828,-3.976387455897762,0.0,1.20702615774444e-05,1.7699436677252654e-05,0.0,Rare (1e-4 to 1e-3),Shallow zero,0.0,-8.0,1.0,118.0,0.00013444255,0.8036254,0.00018458762,0.0013976498,-0.7046267986297607,-0.13047747313976288,-0.0030348170548677444,0.01123097911477089,0.3994531035423279,-0.024852396920323372,0.5103795528411865,0.18440689146518707,-0.03949006646871567,-1.004954356176313e-05,-4.97199010848999,0.2029789252064802,-4.76901118328351,XGBoost
SRS2821968,5,125146,2000,0,0.0,1.0,2.8339048374755574e-05,-4.547461514990793,0.0,3.366345044258771e-05,2.744168572177027e-05,0.0,Very rare (<1e-4),Shallow zero,0.0,-8.0,1.0,57.0,0.00032259768,0.918429,0.0008169753,0.012352424,-0.7386780977249146,-0.14090368151664734,-0.000767543213441968,0.02290572039783001,-0.31112781167030334,0.14917008578777313,1.2576936483383179,0.07484666258096695,0.07001475989818573,-1.0973913049383555e-05,-4.97199010848999,0.3831427689647171,-4.588847339525273,XGBoost
SRS2821991,5,93005,2000,0,0.0,1.0,4.803581550403981e-05,-4.318344430735098,0.0,3.58035764316649e-05,2.9257296758405682e-05,0.0,Very rare (<1e-4),Shallow zero,0.0,-8.0,1.0,99.0,0.00021597052,0.7975831,0.00032779353,0.0021826657,-0.7355825304985046,-0.1425522416830063,-0.0005910687032155693,0.020142914727330208,0.30478760600090027,0.12516039609909058,0.7121508121490479,0.1384000927209854,-0.007586305495351553,-1.131540830101585e-05,-4.97199010848999,0.41431835990897525,-4.557671748581015,XGBoost
SRS2821905,4,189462,2000,0,0.0,1.0,1.475524733483345e-05,-4.83075927370712,0.0,6.356032333900316e-06,8.795306983170778e-06,0.0,Very rare (<1e-4),Shallow zero,0.0,-8.0,1.0,86.0,0.00014426623,0.87009066,0.00016667676,0.0009350449,-0.7522323131561279,-0.15024235844612122,-0.0006275221239775419,0.013227187097072601,-0.20515333116054535,-0.000474151864182204,0.7737517356872559,0.11902053654193878,0.08469130098819733,-1.1468486263765953e-05,-4.97199010848999,-0.11805038492275344,-5.090040493412744,XGBoost
SRS2821881,1,81893,2000,0,0.0,1.0,8.474289007152299e-05,-4.071845483440935,0.0,2.5583138881290208e-08,2.1322468698071193e-08,0.0,Very rare (<1e-4),Shallow zero,0.0,-8.0,1.0,52.0,0.00014596655,0.12084592,0.0012360108,0.014561993,-1.1400949954986572,-0.2180841714143753,-0.0019201409304514527,0.01831270568072796,-0.2200397402048111,-0.05499330163002014,-0.9244900941848755,0.04374183714389801,-0.05166810750961304,-1.0719741112552583e-05,-4.97199010848999,-2.5492467282892903,-7.521236836779281,XGBoost
SRS2822133,5,249900,2000,0,0.0,1.0,0.00011088728307675249,-3.955079093699605,0.0,0.00015734139804949115,0.00014293015865587217,0.0,Rare (1e-4 to 1e-3),Shallow zero,0.0,-8.0,1.0,106.0,0.0007808646,0.94864047,0.0021385648,0.02629283,-0.6486333608627319,-0.12467160820960999,-0.002459101378917694,0.025411471724510193,0.3659389019012451,0.17072877287864685,1.3478838205337524,-0.09465817362070084,0.07150932401418686,-2.1519326764973812e-05,-4.97199010848999,1.111028527653616,-3.860961580836374,XGBoost
SRS2821970,3,134697,2000,0,0.0,1.0,0.00026002292053892156,-3.584971666247131,0.0,0.0001775618733380213,8.337746783779742e-05,0.0,Rare (1e-4 to 1e-3),Shallow zero,0.0,-8.0,1.0,116.0,0.00010914269,0.6404834,0.00016582136,0.0012700183,-0.7004572153091431,-0.1286115199327469,-0.0002127905172528699,0.0236983485519886,0.9965708255767822,-0.02925020456314087,0.25270557403564453,0.29941830039024353,0.1840333640575409,-9.632211913412903e-06,-4.97199010848999,0.8978850500780027,-4.074105058411988,XGBoost
SRS2821901,3,10583,2000,0,0.0,1.0,0.00010248631807653678,-3.989291735269332,0.0,6.03046806998757e-06,4.785650124074664e-06,0.0,Rare (1e-4 to 1e-3),Shallow zero,0.0,-8.0,1.0,90.0,0.00013444255,0.8036254,0.00018458762,0.0013976498,-0.7682200074195862,-0.15232935547828674,-0.0025239211972802877,0.013524123467504978,-0.044707588851451874,-0.012449108995497227,0.5471615791320801,0.12653866410255432,-0.029691657051444054,-1.1900280696863774e-05,-4.97199010848999,-0.32270917257210385,-5.294699281062094,XGBoost
SRS2821835,3,73614,2000,0,0.0,1.0,0.0002506014434643144,-3.6009991020572034,0.0,5.246993962988041e-05,1.880616348689877e-06,0.0,Rare (1e-4 to 1e-3),Shallow zero,0.0,-8.0,1.0,58.0,0.00055294466,0.71903324,0.0012651429,0.012759201,-0.9157341122627258,-0.18394389748573303,-0.0024745846167206764,0.02751326933503151,-0.2346661388874054,0.1078450158238411,0.28551846742630005,0.08313154429197311,0.0584237165749073,-1.9131246517645195e-05,-4.97199010848999,-0.7744058510470495,-5.74639595953704,XGBoost
SRS2822185,4,127344,2000,0,0.0,1.0,0.00012066001025610089,-3.9184006503550903,0.0,2.8693936443322305e-05,1.0182009772959321e-05,0.0,Rare (1e-4 to 1e-3),Shallow zero,0.0,-8.0,1.0,110.0,0.0013332141,0.82175225,0.0021088552,0.011435063,-0.7650637030601501,-0.14099614322185516,-0.002156572649255395,0.029303433373570442,0.3756965398788452,0.06589408218860626,0.6709055304527283,-0.13611923158168793,-0.11534639447927475,-1.7091715562855825e-05,-4.97199010848999,-0.017899550814036047,-4.989889659304026,XGBoost
SRS2821925,5,93004,2000,0,0.0,1.0,0.000293172895528476,-3.532861370300632,0.0,0.0003488884729999614,0.0001809748526330066,0.0,Rare (1e-4 to 1e-3),Shallow zero,0.0,-8.0,1.0,45.0,0.00063974573,0.776435,0.0009882454,0.011545293,-0.759872317314148,-0.14067378640174866,0.006806971505284309,0.04099287465214729,0.20421630144119263,0.2943221926689148,0.6240313649177551,0.44345366954803467,0.4541475474834442,-1.2508415238698944e-05,-4.97199010848999,1.1674123100856377,-3.8045777984043525,XGBoost
SRS2822116,4,13412,2000,0,0.0,1.0,1.0551528388887128e-05,-4.976273229261536,0.0,1.6300275009343212e-07,2.7601790663689644e-07,0.0,Very rare (<1e-4),Shallow zero,0.0,-8.0,1.0,68.0,0.00011926531,0.63141996,0.00020554909,0.0013978895,-0.9352352023124695,-0.18589626252651215,-0.002848252421244979,0.014432721771299839,-0.43842560052871704,-0.007829691283404827,0.016060305759310722,0.002392321825027466,-0.06848035752773285,-1.157578662969172e-05,-4.97199010848999,-1.605841593031073,-6.577831701521063,XGBoost
