depth,method,evaluation_scope,number_of_rows,MAE_RA,RMSE_RA,R2_RA,MAE_log10_RA,RMSE_log10_RA,Spearman_RA
5000,Raw shallow RA,all_components,91800,0.00029618416178429116,0.0008494208398566569,0.9981104114062876,0.9872528024322716,1.85189312322463,0.8744144636255246
5000,Raw shallow RA,specific_otus,91440,0.00029333112054819065,0.0008464564918608627,0.9981270387049092,0.9908913195482286,1.8555272685935233,0.8727857083624629
5000,Training-mean RA,all_components,91800,0.003126042739176695,0.01407726744962213,0.48101099356463595,1.8325226037090865,2.5866188860091732,0.5625484175792582
5000,Training-mean RA,specific_otus,91440,0.0031077962915616497,0.014083614930894306,0.48150113872758205,1.8383634202444719,2.5915611396675398,0.5576737565985891
5000,Random Forest,all_components,91800,0.0002902956794335549,0.000892270979657478,0.9979149572139236,0.821115027260114,1.2218763053959873,0.8914371496139156
5000,Random Forest,specific_otus,91440,0.000287549462463975,0.0008897137136385606,0.9979307160381814,0.8241266564005036,1.224270681635945,0.8901364987068191
5000,XGBoost,all_components,91800,0.0004966411727494997,0.003583028962650745,0.966378113911823,0.8307408419298093,1.1971480874946214,0.8960039363953496
5000,XGBoost,specific_otus,91440,0.0004941828880445897,0.0035882629933103112,0.9663420194814897,0.8337740307259558,1.199492011442483,0.8947594273230961
