depth,method,number_of_rows,MAE_RA,RMSE_RA,MAE_log10_RA,RMSE_log10_RA,positive_prediction_rate
5000,Raw shallow RA,22612,8.384632376921547e-05,0.00013165323893602507,3.68390285750717,3.712443499073638,0.0
5000,Training-mean RA,22612,0.000845907396457387,0.0033980030222701654,0.8514742822425934,1.0406665640598873,1.0
5000,Random Forest,22612,7.516275763260624e-05,0.00012072229681609281,1.6006969548464351,1.8437363845767998,0.9993808597205024
5000,XGBoost,22612,7.720029763968921e-05,0.0001240177141853818,1.6024176814702529,1.8088039806044054,0.9993808597205024
