depth,method,evaluation_scope,number_of_rows,MAE_RA,RMSE_RA,R2_RA,MAE_log10_RA,RMSE_log10_RA,Spearman_RA
2000,Raw shallow RA,all_components,91800,0.00046154479924188826,0.0013285076194938538,0.9953777914752502,1.3877183359662013,2.2788422270126296,0.800776971556356
2000,Raw shallow RA,specific_otus,91440,0.000456557143650479,0.0013226433157493423,0.9954269599445087,1.3925930711948133,2.283113446750296,0.7981631768526128
2000,Training-mean RA,all_components,91800,0.003126042739176695,0.01407726744962213,0.48101099356463595,1.8325226037090865,2.5866188860091732,0.5625484175792582
2000,Training-mean RA,specific_otus,91440,0.0031077962915616497,0.014083614930894306,0.48150113872758205,1.8383634202444719,2.5915611396675398,0.5576737565985891
2000,Random Forest,all_components,91800,0.0004345819689813272,0.0014071384659021383,0.9948144466660873,0.9662528446392701,1.3542276661812453,0.8520097513928759
2000,Random Forest,specific_otus,91440,0.00043001237108349197,0.0014022090562517528,0.9948602137543212,0.9697366265083053,1.3568750938422631,0.8502438102862263
2000,XGBoost,all_components,91800,0.0006000196469065585,0.0036348711205230863,0.9653981380667245,0.9709351518269651,1.3349125397837753,0.8567549526580344
2000,XGBoost,specific_otus,91440,0.0005955967580339326,0.0036385852767826356,0.9653913516491671,0.9743900362800967,1.3375159371921572,0.8550492495913768
