depth,method,number_of_rows,MAE_RA,RMSE_RA,MAE_log10_RA,RMSE_log10_RA,positive_prediction_rate
2000,Raw shallow RA,31249,0.00014683413684999166,0.0002559603335926132,3.8538937100199875,3.89041561453385,0.0
2000,Training-mean RA,31249,0.0009234462632911801,0.003687871481721088,0.7594305396612259,0.9567251833692226,1.0
2000,Random Forest,31249,0.00012737409555311138,0.0002286212617280801,1.4079342451547023,1.6748257425352409,0.9995199846395084
2000,XGBoost,31249,0.00012958966792933624,0.00023288890463757484,1.3956909420813457,1.6408225177316558,0.999583986687574
