dataset,rows,biological_samples,subsample_repeats,model_components,shallow_depth,zero_rate_in_shallow,mean_shallow_richness,min_shallow_ra_sum,max_shallow_ra_sum,min_target_ra_sum,max_target_ra_sum,minimum_shallow_count_sum,maximum_shallow_count_sum
train,422025,331,5,255,2000,0.6679177773828565,84.6809667673716,0.9999999999999999,1.0,0.9999999999999996,1.0000000000000002,2000,2000
valid,90525,71,5,255,2000,0.6634631317315659,85.8169014084507,1.0,1.0,0.9999999999999998,1.0000000000000002,2000,2000
test,91800,72,5,255,2000,0.6680718954248366,84.64166666666667,1.0,1.0,0.9999999999999998,1.0000000000000002,2000,2000
