depth,method,evaluation_scope,number_of_rows,MAE_RA,RMSE_RA,R2_RA,MAE_log10_RA,RMSE_log10_RA,Spearman_RA
500,Raw shallow RA,all_components,91800,0.0008807857526166926,0.002661620503354977,0.9814470189159731,1.9580274169485488,2.821762946202485,0.6683261129984898
500,Raw shallow RA,specific_otus,91440,0.0008717390947681286,0.002653496142754669,0.9815941260387241,1.962818821754164,2.8250547820618888,0.6643690523052065
500,Training-mean RA,all_components,91800,0.003126042739176695,0.01407726744962213,0.48101099356463595,1.8325226037090865,2.5866188860091732,0.5625484175792582
500,Training-mean RA,specific_otus,91440,0.0031077962915616497,0.014083614930894306,0.48150113872758205,1.8383634202444719,2.5915611396675398,0.5576737565985891
500,Random Forest,all_components,91800,0.0007618814644431038,0.0026783201817614745,0.9812134763885769,1.113761801586466,1.4861674608967945,0.7968606763313223
500,Random Forest,specific_otus,91440,0.0007548933889174386,0.0026728170171218695,0.9813251132069398,1.117657166819697,1.4890560942198217,0.7944697334015485
500,XGBoost,all_components,91800,0.0007783215072880844,0.0027338819854038684,0.9804259379120451,1.1176024962798012,1.4745632483702318,0.8008499240821684
500,XGBoost,specific_otus,91440,0.0007715501826317195,0.0027291718973796023,0.9805293117270792,1.1215071312263012,1.4774275823838827,0.7985074061234979
