depth,method,number_of_rows,MAE_RA,RMSE_RA,MAE_log10_RA,RMSE_log10_RA,positive_prediction_rate
500,Raw shallow RA,42672,0.0003344783455664666,0.0007092210859575873,4.074395907774373,4.124328321516648,0.0
500,Training-mean RA,42672,0.0011923586257264701,0.004909299685596306,0.6822127437433312,0.8800643344860343,1.0
500,Random Forest,42672,0.00027211206338178043,0.00058849013368604,1.2205655782229616,1.514375362290598,0.9998828271466067
500,XGBoost,42672,0.0002759349168579436,0.0006010025558903633,1.213459783052945,1.4922835415199807,0.999859392575928
